n_residues_total,n_residues_confident,confident_fraction,mean_plddt,compactness,hp_surf_frac,arom_surf_frac,max_hp_patch,n_hp_patches_5plus,pocket_density,max_pocket_cluster,pocket_cluster_per_100res,accession,Entry,intended_gene,gene_symbol,protac_validated,Length
627,621,0.9904306220095693,94.73312399355878,1.2846333247520336,0.2694805194805195,0.12012987012987013,11,4,0.20128824476650564,20,3.22061191626409,Q9UK73,Q9UK73,FEM1B,FEM1B,True,627
624,564,0.9038461538461539,95.18544326241134,1.367816613290078,0.2842465753424658,0.10273972602739725,7,1,0.22340425531914893,73,12.943262411347517,Q14145,Q14145,KEAP1,KEAP1,True,624
190,83,0.4368421052631579,91.05734939759036,2.3596818248358535,0.35384615384615387,0.09230769230769231,8,2,0.12048192771084337,3,3.614457831325301,P78317,P78317,RNF4,RNF4,True,190
497,347,0.6981891348088531,88.21541786743516,1.514245677056585,0.3,0.09523809523809523,5,2,0.21613832853025935,14,4.034582132564841,P98170,P98170,XIAP,XIAP,True,497
491,187,0.38085539714867617,91.46983957219251,1.8777183342742336,0.373015873015873,0.10317460317460317,6,2,0.21390374331550802,22,11.76470588235294,Q00987,Q00987,MDM2,MDM2,True,491
442,378,0.8552036199095022,93.48293650793651,1.1520853552783161,0.2727272727272727,0.0748663101604278,6,1,0.1984126984126984,23,6.084656084656085,Q96SW2,Q96SW2,CRBN,CRBN,True,442
600,404,0.6733333333333333,92.84356435643565,1.1949236326820822,0.3181818181818182,0.10606060606060606,7,2,0.22277227722772278,27,6.683168316831684,Q66K64,Q66K64,DCAF15,DCAF15,True,600
213,155,0.7276995305164319,96.9836129032258,1.4022010299588898,0.36633663366336633,0.07920792079207921,5,1,0.23225806451612904,20,12.903225806451612,P40337,P40337,VHL,VHL,True,213
1507,1057,0.7013934970139349,90.49809839167455,1.3147555910415776,0.2967741935483871,0.09247311827956989,6,2,0.21286660359508042,20,1.8921475875118259,Q9Y4B6,Q9Y4B6,DCAF1,DCAF1,True,1507
228,186,0.8157894736842105,91.04209677419355,1.8101581240536078,0.3383458646616541,0.08270676691729323,7,4,0.17204301075268819,20,10.75268817204301,Q9Y508,Q9Y508,RNF114,RNF114,True,228
604,426,0.7052980132450332,87.36380281690141,1.4910219064526784,0.2974137931034483,0.05172413793103448,5,1,0.22065727699530516,14,3.286384976525822,Q13489,Q13489,BIRC3,BIRC3,True,604
618,467,0.7556634304207119,88.916573875803,1.2694867960301188,0.2857142857142857,0.046218487394957986,5,1,0.23126338329764454,15,3.2119914346895073,Q13490,Q13490,BIRC2,BIRC2,True,618
741,235,0.31713900134952766,85.01353191489362,1.6759209358273903,0.373134328358209,0.08208955223880597,18,3,0.22127659574468084,21,8.936170212765958,Q96JG8,Q96JG8,,MAGED4,False,741
436,394,0.9036697247706422,95.45837563451778,1.252362626797608,0.26288659793814434,0.11855670103092783,7,2,0.11421319796954314,8,2.030456852791878,Q96IG2,Q96IG2,,FBXL20,False,436
178,116,0.651685393258427,91.7687068965517,2.628270240657089,0.3627450980392157,0.06862745098039216,13,3,0.12931034482758622,7,6.0344827586206895,Q96HR3,Q96HR3,,MED30,False,178
259,243,0.9382239382239382,94.48773662551442,1.5630371211688765,0.23357664233576642,0.021897810218978103,6,1,0.1646090534979424,10,4.11522633744856,Q96GG9,Q96GG9,,DCUN1D1,False,259
506,403,0.7964426877470355,92.36230769230768,2.441355449863318,0.31932773109243695,0.04201680672268908,6,3,0.24069478908188585,28,6.9478908188585615,Q96JB5,Q96JB5,,CDK5RAP3,False,506
192,85,0.4427083333333333,87.73788235294118,2.564142564054316,0.5428571428571428,0.15714285714285714,21,2,0.21176470588235294,8,9.411764705882353,Q96GF1,Q96GF1,,RNF185,False,192
393,371,0.9440203562340967,91.92175202156335,1.9535000130115177,0.3686274509803922,0.0784313725490196,15,4,0.24528301886792453,18,4.8517520215633425,Q96G75,Q96G75,,RMND5B,False,393
903,641,0.7098560354374308,88.81728549141967,1.1975757459162433,0.2926829268292683,0.09146341463414634,7,4,0.22464898595943839,28,4.368174726989079,Q96J02,Q96J02,,ITCH,False,903
459,241,0.5250544662309368,91.68551867219917,1.801287813731262,0.34591194968553457,0.0880503144654088,6,2,0.17842323651452283,10,4.149377593360995,Q96BH1,Q96BH1,,RNF25,False,459
942,383,0.40658174097664546,92.51368146214101,1.012483538278632,0.2647058823529412,0.08088235294117647,4,0,0.18798955613577023,28,7.310704960835509,Q96JK2,Q96JK2,,DCAF5,False,942
268,173,0.6455223880597015,91.14554913294798,2.295316868141827,0.4025974025974026,0.06493506493506493,13,5,0.19653179190751446,11,6.358381502890173,Q96G25,Q96G25,,MED8,False,268
1562,1151,0.7368758002560819,89.26069504778454,1.1032392058069096,0.2725563909774436,0.06578947368421052,8,6,0.18679409209383144,33,2.8670721112076456,Q96JN8,Q96JN8,,NEURL4,False,1562
617,602,0.9756888168557536,94.88182724252492,1.282968594837575,0.2636986301369863,0.11301369863013698,6,2,0.19601328903654486,32,5.3156146179401995,Q96JP0,Q96JP0,,FEM1C,False,617
570,132,0.23157894736842105,80.75500000000001,2.01284461477204,0.4,0.13636363636363635,13,3,0.22727272727272727,6,4.545454545454546,Q96JP5,Q96JP5,,ZFP91,False,570
258,196,0.7596899224806202,85.30051020408165,1.6376408168247767,0.5547445255474452,0.13138686131386862,25,3,0.22448979591836735,20,10.204081632653061,Q96K19,Q96K19,,RNF170,False,258
538,414,0.7695167286245354,95.18801932367151,1.3708583632522515,0.32547169811320753,0.08018867924528301,14,2,0.21014492753623187,23,5.555555555555555,Q96KE9,Q96KE9,,BTBD6,False,538
414,375,0.9057971014492754,91.68799999999997,1.463962312839969,0.30288461538461536,0.11538461538461539,12,3,0.18666666666666668,26,6.933333333333333,Q96L50,Q96L50,,LRR1,False,414
638,509,0.7978056426332288,91.21129666011788,2.227060277613151,0.39710144927536234,0.07246376811594203,14,8,0.206286836935167,25,4.911591355599214,Q96LD4,Q96LD4,,TRIM47,False,638
201,150,0.746268656716418,97.43966666666665,1.28913285474103,0.3373493975903614,0.04819277108433735,5,1,0.22,11,7.333333333333333,Q96LR5,Q96LR5,,UBE2E2,False,201
699,96,0.13733905579399142,92.46708333333333,4.290717658401291,0.3368421052631579,0.05263157894736842,9,2,0.10416666666666667,3,3.125,Q96M02,Q96M02,,C10orf90,False,699
780,484,0.6205128205128205,91.29245867768596,1.273341178894043,0.32209737827715357,0.0749063670411985,7,4,0.25206611570247933,36,7.43801652892562,Q96JM7,Q96JM7,,L3MBTL3,False,780
418,375,0.8971291866028708,93.62231999999999,1.1938750693664275,0.25882352941176473,0.08823529411764706,5,1,0.18133333333333335,38,10.133333333333333,Q96FA3,Q96FA3,,PELI1,False,418
271,249,0.9188191881918819,95.94477911646587,1.164984197618475,0.2695035460992908,0.07801418439716312,7,2,0.1646586345381526,15,6.024096385542169,Q96FW1,Q96FW1,,OTUB1,False,271
294,274,0.9319727891156463,95.01470802919708,1.3645980888590483,0.32679738562091504,0.10457516339869281,7,2,0.19708029197080293,18,6.569343065693431,Q96DX5,Q96DX5,,ASB9,False,294
446,411,0.92152466367713,90.96102189781021,1.6060878772250893,0.2783018867924528,0.10849056603773585,7,2,0.1897810218978102,18,4.37956204379562,Q96BQ3,Q96BQ3,,TRIM43,False,446
441,200,0.45351473922902497,87.9743,1.501399140117349,0.2867647058823529,0.10294117647058823,4,0,0.195,11,5.5,Q96BR9,Q96BR9,,ZBTB8A,False,441
935,723,0.7732620320855615,92.0242876901798,1.7750408929471597,0.36774193548387096,0.035483870967741936,10,4,0.20193637621023514,32,4.426002766251729,Q96C12,Q96C12,,ARMC5,False,935
298,158,0.5302013422818792,94.94367088607595,1.22432718038044,0.3404255319148936,0.0851063829787234,5,1,0.25949367088607594,35,22.151898734177212,Q96CA5,Q96CA5,,BIRC7,False,298
374,357,0.9545454545454546,93.17408963585433,1.1867037811937458,0.4065934065934066,0.08791208791208792,6,5,0.21288515406162464,26,7.282913165266107,Q96CD0,Q96CD0,,FBXL8,False,374
875,555,0.6342857142857142,90.74706306306305,1.4420824254861564,0.35018050541516244,0.08664259927797834,9,1,0.24504504504504504,69,12.432432432432433,Q96CT2,Q96CT2,,KLHL29,False,875
325,200,0.6153846153846154,93.4483,1.6857147939357842,0.3076923076923077,0.1111111111111111,6,1,0.16,10,5.0,Q96CX2,Q96CX2,,KCTD12,False,325
192,107,0.5572916666666666,82.45981308411216,2.0748682942055487,0.5942028985507246,0.15942028985507245,21,3,0.16822429906542055,8,7.476635514018691,Q96D59,Q96D59,,RNF183,False,192
110,59,0.5363636363636364,90.78694915254236,3.3481428435373406,0.43103448275862066,0.1206896551724138,9,3,0.06779661016949153,1,1.694915254237288,Q96DE5,Q96DE5,,ANAPC16,False,110
576,469,0.8142361111111112,94.96270788912581,1.0983802266651166,0.330188679245283,0.0660377358490566,5,1,0.1812366737739872,14,2.9850746268656714,Q96DX4,Q96DX4,,RSPRY1,False,576
344,198,0.5755813953488372,91.36641414141414,2.1037071671414593,0.3246753246753247,0.06493506493506493,15,2,0.18686868686868688,13,6.565656565656567,Q96DX7,Q96DX7,,TRIM44,False,344
270,243,0.9,92.35444444444444,1.5528279418711868,0.5864197530864198,0.19753086419753085,32,3,0.25102880658436216,54,22.22222222222222,Q96FV3,Q96FV3,,TSPAN17,False,270
360,306,0.85,94.64816993464052,1.0690858516453872,0.304635761589404,0.09933774834437085,4,0,0.19281045751633988,40,13.071895424836603,Q96EE3,Q96EE3,,SEH1L,False,360
278,250,0.8992805755395683,93.97772,1.377463704038776,0.3888888888888889,0.0873015873015873,8,2,0.224,21,8.4,Q96EF6,Q96EF6,,FBXO17,False,278
262,208,0.7938931297709924,91.365,1.2063038837756295,0.3942307692307692,0.07692307692307693,7,2,0.25,43,20.673076923076923,Q96EH8,Q96EH8,,NEURL3,False,262
343,225,0.6559766763848397,89.26902222222222,1.5016487121582032,0.3541666666666667,0.13194444444444445,10,4,0.19111111111111112,26,11.555555555555555,Q96M61,Q96M61,,MAGEB18,False,343
664,412,0.6204819277108434,92.25055825242717,1.286021896443935,0.3064516129032258,0.0846774193548387,6,2,0.20145631067961164,17,4.12621359223301,Q96EP1,Q96EP1,,CHFR,False,664
232,162,0.6982758620689655,89.85327160493829,1.7451567609545513,0.3333333333333333,0.11711711711711711,8,2,0.19135802469135801,6,3.7037037037037033,Q96EQ8,Q96EQ8,,RNF125,False,232
444,260,0.5855855855855856,88.05630769230768,1.5076214652813555,0.5408805031446541,0.13836477987421383,22,4,0.2653846153846154,30,11.538461538461538,Q96EX2,Q96EX2,,RNFT2,False,444
468,429,0.9166666666666666,91.7574825174825,2.6741197385261817,0.38305084745762713,0.04406779661016949,25,7,0.1655011655011655,11,2.564102564102564,Q96F44,Q96F44,,TRIM11,False,468
317,254,0.8012618296529969,88.60881889763779,1.3400840731807389,0.37777777777777777,0.06666666666666667,6,4,0.22440944881889763,20,7.874015748031496,Q96BM1,Q96BM1,,ANKRD9,False,317
646,379,0.586687306501548,88.07559366754616,1.3870946510723978,0.33183856502242154,0.05829596412556054,9,4,0.17150395778364116,36,9.498680738786279,Q96FN5,Q96FN5,,KIF12,False,646
1072,825,0.769589552238806,87.38335757575756,1.7367087002702757,0.3058350100603622,0.07645875251509054,12,5,0.18303030303030304,25,3.0303030303030303,Q96EP0,Q96EP0,,RNF31,False,1072
755,555,0.7350993377483444,94.15473873873873,1.3751141809128435,0.29411764705882354,0.07958477508650519,10,2,0.21621621621621623,32,5.7657657657657655,Q96PQ7,Q96PQ7,,KLHL5,False,755
604,566,0.9370860927152318,93.20005300353357,1.402335090037965,0.2608695652173913,0.10869565217391304,9,1,0.21201413427561838,48,8.480565371024735,Q96M94,Q96M94,,KLHL15,False,604
259,196,0.7567567567567568,91.72040816326533,1.6522735868181502,0.36496350364963503,0.10218978102189781,6,2,0.20918367346938777,9,4.591836734693878,Q9BSM1,Q9BSM1,,PCGF1,False,259
522,448,0.8582375478927203,93.84151785714286,1.112582057218942,0.3593073593073593,0.09956709956709957,7,3,0.20089285714285715,34,7.5892857142857135,Q9BQ87,Q9BQ87,,TBL1Y,False,522
382,367,0.9607329842931938,95.78185286103543,1.0686150720317877,0.30177514792899407,0.07100591715976332,7,2,0.23160762942779292,47,12.806539509536785,Q9BQ90,Q9BQ90,,KLHDC3,False,382
342,306,0.8947368421052632,95.69699346405228,1.029199551283502,0.30158730158730157,0.07142857142857142,4,0,0.20588235294117646,31,10.130718954248366,Q9BQA1,Q9BQA1,,WDR77,False,342
285,225,0.7894736842105263,91.81746666666666,1.2599815368652343,0.43243243243243246,0.0990990990990991,9,3,0.25333333333333335,31,13.777777777777779,Q9BR09,Q9BR09,,NEURL2,False,285
755,573,0.7589403973509934,87.77630017452007,1.9420517467658576,0.39154929577464787,0.0647887323943662,28,7,0.18673647469458987,18,3.1413612565445024,Q9BRZ2,Q9BRZ2,,TRIM56,False,755
74,39,0.527027027027027,83.12051282051281,2.8863282364655665,0.5263157894736842,0.07894736842105263,7,2,0.10256410256410256,2,5.128205128205128,Q9BS18,Q9BS18,,ANAPC13,False,74
475,237,0.49894736842105264,93.55181434599156,1.7294553155150294,0.2949640287769784,0.09352517985611511,6,2,0.21518987341772153,12,5.063291139240507,Q9BSF8,Q9BSF8,,BTBD10,False,475
452,397,0.8783185840707964,90.90521410579343,1.6332208370449588,0.2651162790697674,0.08837209302325581,5,1,0.20906801007556675,20,5.037783375314862,Q9BSJ1,Q9BSJ1,,TRIM51,False,452
669,586,0.8759342301943199,94.77858361774744,1.287045181593634,0.27075812274368233,0.10108303249097472,9,4,0.20136518771331058,32,5.460750853242321,Q9BSK4,Q9BSK4,,FEM1A,False,669
405,277,0.6839506172839506,85.27036101083033,1.6749444129105158,0.34104046242774566,0.03468208092485549,9,3,0.19133574007220217,9,3.2490974729241873,Q9BSL1,Q9BSL1,,UBAC1,False,405
221,85,0.38461538461538464,84.4134117647059,1.8294162563405028,0.7068965517241379,0.29310344827586204,21,3,0.3411764705882353,26,30.58823529411765,Q9BT67,Q9BT67,,NDFIP1,False,221
180,76,0.4222222222222222,88.01539473684211,2.4035676943835282,0.5178571428571429,0.21428571428571427,16,1,0.18421052631578946,8,10.526315789473683,Q99942,Q99942,,RNF5,False,180
237,194,0.8185654008438819,96.65427835051547,1.361427172313397,0.2222222222222222,0.08333333333333333,4,0,0.19072164948453607,12,6.185567010309279,Q9BTE7,Q9BTE7,,DCUN1D5,False,237
135,128,0.9481481481481482,95.050703125,2.772909947188488,0.375,0.08035714285714286,13,4,0.203125,12,9.375,Q9BTT4,Q9BTT4,,MED10,False,135
403,87,0.21588089330024815,89.3703448275862,2.240158537207976,0.4027777777777778,0.1388888888888889,12,2,0.16091954022988506,10,11.494252873563218,Q9BUL5,Q9BUL5,,PHF23,False,403
548,338,0.6167883211678832,93.72899408284023,1.0168877258059927,0.3795620437956204,0.08759124087591241,6,2,0.19230769230769232,47,13.905325443786982,Q9BUR4,Q9BUR4,,WRAP53,False,548
470,457,0.9723404255319149,92.40919037199124,2.8936070497125126,0.369281045751634,0.0915032679738562,19,7,0.20568927789934355,14,3.063457330415755,Q9BUZ4,Q9BUZ4,,TRAF4,False,470
311,117,0.3762057877813505,82.39940170940169,2.060739174459329,0.43820224719101125,0.11235955056179775,11,3,0.1794871794871795,8,6.837606837606838,Q9BV68,Q9BV68,,RNF126,False,311
475,436,0.9178947368421052,91.77864678899083,2.3238685499715137,0.33986928104575165,0.0784313725490196,17,9,0.20412844036697247,33,7.568807339449542,Q9BVG3,Q9BVG3,,TRIM62,False,475
1158,686,0.5924006908462867,84.03026239067056,1.5026191695818043,0.315625,0.0625,6,3,0.22011661807580174,17,2.478134110787172,Q9BVR0,Q9BVR0,,HERC2P3,False,1158
102,51,0.5,77.84156862745098,3.0579537234492022,0.43137254901960786,0.1568627450980392,8,3,0.058823529411764705,3,5.88235294117647,Q9BW61,Q9BW61,,DDA1,False,102
469,286,0.6098081023454158,92.241993006993,4.443946434303086,0.3524904214559387,0.05747126436781609,16,7,0.11888111888111888,11,3.8461538461538463,Q9BWF2,Q9BWF2,,TRAIP,False,469
255,215,0.8431372549019608,92.0525581395349,1.6864424105145486,0.3359375,0.125,6,2,0.2186046511627907,12,5.5813953488372094,Q9BQ13,Q9BQ13,,KCTD14,False,255
777,405,0.5212355212355212,88.98217283950618,1.3864323567889092,0.28699551569506726,0.11210762331838565,5,2,0.20987654320987653,31,7.654320987654321,Q99728,Q99728,,BARD1,False,777
718,635,0.8844011142061281,92.7523307086614,0.9927019294370402,0.25263157894736843,0.08421052631578947,6,3,0.1700787401574803,15,2.3622047244094486,Q96ME1,Q96ME1,,FBXL18,False,718
679,283,0.4167893961708395,89.88989399293287,1.2486688434538091,0.3221476510067114,0.0738255033557047,12,1,0.2332155477031802,10,3.53356890459364,Q96PX1,Q96PX1,,RNF157,False,679
304,196,0.6447368421052632,90.20984693877551,1.428356715611049,0.3025210084033613,0.09243697478991597,5,2,0.23979591836734693,24,12.244897959183673,Q96MG7,Q96MG7,,NSMCE3,False,304
357,283,0.7927170868347339,94.03494699646643,1.140843113991484,0.33088235294117646,0.08823529411764706,8,2,0.20141342756183744,15,5.30035335689046,Q96MG8,Q96MG8,,PCMTD1,False,357
289,214,0.740484429065744,94.01911214953273,1.7313951111758232,0.2926829268292683,0.13821138211382114,6,2,0.22897196261682243,13,6.074766355140187,Q96MP8,Q96MP8,,KCTD7,False,289
663,546,0.8235294117647058,87.50849816849816,1.5819724557479262,0.5897435897435898,0.18518518518518517,42,15,0.3241758241758242,149,27.28937728937729,Q96MT1,Q96MT1,,RNF145,False,663
727,245,0.33700137551581844,88.77138775510203,1.6631731649489259,0.2721518987341772,0.10759493670886076,10,3,0.17551020408163265,10,4.081632653061225,Q96MU7,Q96MU7,,YTHDC1,False,727
453,413,0.9116997792494481,92.33489104116222,1.3777096820649417,0.33181818181818185,0.07727272727272727,10,5,0.2179176755447942,32,7.74818401937046,Q96NS5,Q96NS5,,ASB16,False,453
236,189,0.8008474576271186,91.56253968253968,1.8210374397073017,0.3208955223880597,0.1044776119402985,5,2,0.21693121693121692,13,6.878306878306878,Q96P09,Q96P09,,BIRC8,False,236
261,235,0.9003831417624522,95.24514893617021,1.6680632074175055,0.2857142857142857,0.06428571428571428,8,2,0.2127659574468085,21,8.936170212765958,Q96PM5,Q96PM5,,RCHY1,False,261
802,617,0.7693266832917706,91.31790923824958,1.1654208715121885,0.32386363636363635,0.07954545454545454,9,3,0.20421393841166938,26,4.213938411669368,Q96PU4,Q96PU4,,UHRF2,False,802
975,570,0.5846153846153846,88.05305263157895,1.3228250829649526,0.31186440677966104,0.11186440677966102,8,1,0.23508771929824562,14,2.456140350877193,Q96PU5,Q96PU5,,NEDD4L,False,975
612,546,0.8921568627450981,94.54338827838828,1.3985688621890149,0.2775800711743772,0.06761565836298933,8,2,0.1978021978021978,31,5.677655677655678,Q96Q07,Q96Q07,,BTBD9,False,612
263,232,0.8821292775665399,93.15788793103447,1.2287571826754164,0.32456140350877194,0.07017543859649122,11,2,0.2025862068965517,19,8.189655172413794,Q99619,Q99619,,SPSB2,False,263
635,525,0.8267716535433071,93.6860761904762,1.7355412956702947,0.2958801498127341,0.0898876404494382,8,5,0.20952380952380953,21,4.0,Q96Q27,Q96Q27,,ASB2,False,635
1004,320,0.3187250996015936,83.46796875,2.1335867175671757,0.37554585152838427,0.12663755458515283,10,8,0.175,10,3.125,Q96QT6,Q96QT6,,PHF12,False,1004
527,230,0.4364326375711575,90.72508695652172,1.579414366869646,0.3125,0.0859375,8,1,0.2,12,5.217391304347826,Q96RE7,Q96RE7,,NACC1,False,527
372,256,0.6881720430107527,93.07765625,1.1912938356399536,0.23809523809523808,0.10317460317460317,6,1,0.19921875,20,7.8125,Q96RU8,Q96RU8,,TRIB1,False,372
790,521,0.6594936708860759,91.06506717850287,1.4440168131330138,0.2868217054263566,0.13178294573643412,13,3,0.22072936660268713,54,10.36468330134357,Q96S15,Q96S15,,WDR24,False,790
281,185,0.6583629893238434,90.06999999999998,1.1944730277663933,0.325,0.0875,6,1,0.2,11,5.9459459459459465,Q96S21,Q96S21,,RAB40C,False,281
729,442,0.6063100137174211,93.66511312217193,1.4644458955721829,0.31020408163265306,0.08571428571428572,12,2,0.2149321266968326,51,11.538461538461538,Q96S59,Q96S59,,RANBP9,False,729
283,207,0.7314487632508834,93.38584541062801,2.0961017051751174,0.33076923076923076,0.08461538461538462,6,3,0.16908212560386474,9,4.3478260869565215,Q96SI1,Q96SI1,,KCTD15,False,283
793,615,0.7755359394703657,89.70193495934959,1.2415866672915061,0.2607449856733524,0.054441260744985676,5,2,0.2048780487804878,36,5.853658536585367,Q96T88,Q96T88,,UHRF1,False,793
336,240,0.7142857142857143,89.809375,1.8767747338982934,0.35,0.06111111111111111,12,4,0.20416666666666666,11,4.583333333333333,Q99496,Q99496,,RNF2,False,336
587,238,0.40545144804088584,90.66773109243697,1.4105603056428289,0.33793103448275863,0.06896551724137931,9,1,0.19747899159663865,12,5.042016806722689,Q96BF6,Q96BF6,,NACC2,False,587
237,204,0.8607594936708861,90.99794117647058,1.703541807502629,0.4066666666666667,0.08666666666666667,15,4,0.20588235294117646,16,7.8431372549019605,Q96A37,Q96A37,,RNF166,False,237
273,253,0.9267399267399268,94.97039525691697,1.2016607630687952,0.38095238095238093,0.0873015873015873,10,2,0.18972332015810275,13,5.138339920948617,Q96BD6,Q96BD6,,SPSB1,False,273
731,476,0.6511627906976745,91.56018907563025,1.3233980426363985,0.3153526970954357,0.07468879668049792,9,7,0.18277310924369747,12,2.5210084033613445,Q8NHY2,Q8NHY2,,COP1,False,731
188,176,0.9361702127659575,91.8105681818182,1.9379597851087242,0.3114754098360656,0.11475409836065574,6,3,0.2215909090909091,13,7.386363636363637,Q8NEA4,Q8NEA4,,FBXO36,False,188
526,416,0.7908745247148289,94.43923076923078,1.3622589781197383,0.2524271844660194,0.06796116504854369,5,1,0.20192307692307693,10,2.403846153846154,Q8NEA9,Q8NEA9,,GMCL2,False,526
735,660,0.8979591836734694,93.34789393939394,1.5562778753949913,0.30327868852459017,0.1092896174863388,15,4,0.12424242424242424,20,3.0303030303030303,Q8NEE6,Q8NEE6,,FBXL13,False,735
633,319,0.5039494470774092,90.77097178683385,1.5306419054595748,0.3240223463687151,0.0893854748603352,5,1,0.21003134796238246,15,4.702194357366771,Q8NEG5,Q8NEG5,,ZSWIM2,False,633
403,348,0.8635235732009926,91.69609195402299,1.1156922587418239,0.28,0.06666666666666667,14,2,0.1724137931034483,38,10.919540229885058,Q8NEZ5,Q8NEZ5,,FBXO22,False,403
601,538,0.8951747088186356,92.26756505576208,1.2596808981882055,0.26394052044609667,0.07434944237918216,7,1,0.2211895910780669,39,7.24907063197026,Q8NFY9,Q8NFY9,,KBTBD8,False,601
1043,788,0.7555129434324065,90.35615482233504,1.0861886513442272,0.27793696275071633,0.09169054441260745,7,1,0.20812182741116753,24,3.0456852791878175,Q8NFZ0,Q8NFZ0,,FBH1,False,1043
486,434,0.8930041152263375,91.36794930875577,2.474735137615727,0.3488372093023256,0.046511627906976744,14,6,0.195852534562212,12,2.7649769585253456,Q8NG06,Q8NG06,,TRIM58,False,486
643,100,0.15552099533437014,87.38529999999999,2.3983814239501955,0.5263157894736842,0.06578947368421052,17,2,0.18,5,5.0,Q8NG27,Q8NG27,,PJA1,False,643
242,84,0.34710743801652894,92.12202380952381,1.6742350661570249,0.3709677419354839,0.06451612903225806,6,2,0.16666666666666666,5,5.952380952380952,Q8NHG8,Q8NHG8,,ZNRF2,False,242
1336,767,0.5741017964071856,91.41105606258148,1.3205647788836217,0.2698412698412698,0.07142857142857142,11,2,0.19165580182529335,34,4.432855280312908,Q8NHM5,Q8NHM5,,KDM2B,False,1336
85,48,0.5647058823529412,89.16645833333332,3.3874388006347065,0.3333333333333333,0.041666666666666664,7,2,0.0625,2,4.166666666666666,Q8NHZ8,Q8NHZ8,,CDC26,False,85
74,36,0.4864864864864865,83.87666666666667,2.124747117360433,0.5,0.1111111111111111,14,1,0.1388888888888889,2,5.555555555555555,Q96B49,Q96B49,,TOMM6,False,74
283,251,0.8869257950530035,95.472390438247,1.394399100330278,0.3383458646616541,0.10526315789473684,8,3,0.21912350597609562,24,9.56175298804781,Q8NI29,Q8NI29,,FBXO27,False,283
745,336,0.45100671140939597,89.64431547619047,1.7612915544604963,0.41706161137440756,0.11374407582938388,8,4,0.23809523809523808,32,9.523809523809524,Q8TB52,Q8TB52,,FBXO30,False,745
728,492,0.6758241758241759,88.25686991869918,1.3287755343369563,0.29545454545454547,0.10984848484848485,4,0,0.22154471544715448,24,4.878048780487805,Q8TBB1,Q8TBB1,,LNX1,False,728
542,242,0.44649446494464945,84.39165289256198,1.988354668918884,0.4342857142857143,0.13142857142857142,37,2,0.1859504132231405,9,3.71900826446281,Q8TC41,Q8TC41,,RNF217,False,542
367,260,0.7084468664850136,88.56276923076923,1.3374011284555067,0.2972972972972973,0.11486486486486487,9,1,0.18461538461538463,7,2.6923076923076925,Q8TCJ0,Q8TCJ0,,FBXO25,False,367
289,160,0.5536332179930796,90.629875,2.274504885028781,0.4351145038167939,0.1297709923664122,21,2,0.23125,8,5.0,Q8TCQ1,Q8TCQ1,,MARCHF1,False,289
740,550,0.7432432432432432,89.12689090909092,1.5814113361950592,0.25862068965517243,0.07758620689655173,6,2,0.16363636363636364,11,2.0,Q8TDB6,Q8TDB6,,DTX3L,False,740
546,425,0.7783882783882784,94.23098823529412,1.038420501205794,0.26285714285714284,0.12,5,1,0.16941176470588235,21,4.941176470588235,Q8TEB1,Q8TEB1,,DCAF11,False,546
428,278,0.6495327102803738,92.95424460431654,3.087256555197203,0.39325842696629215,0.12359550561797752,22,1,0.17625899280575538,18,6.474820143884892,Q8TEB7,Q8TEB7,,RNF128,False,428
729,251,0.3443072702331962,89.92972111553783,1.5374271973115343,0.3696969696969697,0.07878787878787878,8,4,0.2350597609561753,16,6.374501992031872,Q8TEC5,Q8TEC5,,SH3RF2,False,729
882,310,0.35147392290249435,91.3921935483871,1.534210197995617,0.31527093596059114,0.08866995073891626,9,2,0.23548387096774193,16,5.161290322580645,Q8TEJ3,Q8TEJ3,,SH3RF3,False,882
375,180,0.48,83.27194444444444,2.2569940096264123,0.1958041958041958,0.13286713286713286,5,2,0.15555555555555556,5,2.7777777777777777,Q8NE65,Q8NE65,,ZNF738,False,375
227,85,0.3744493392070485,93.03411764705884,1.6179352511026812,0.3870967741935484,0.06451612903225806,5,1,0.18823529411764706,4,4.705882352941177,Q8ND25,Q8ND25,,ZNRF1,False,227
703,318,0.4523470839260313,91.46490566037735,3.6525869784611835,0.33079847908745247,0.04182509505703422,6,4,0.1320754716981132,11,3.459119496855346,Q8ND24,Q8ND24,,RNF214,False,703
418,294,0.7033492822966507,91.74272108843536,1.620470227951199,0.30434782608695654,0.062111801242236024,8,2,0.20408163265306123,22,7.482993197278912,Q8NCT1,Q8NCT1,,ARRDC4,False,418
247,142,0.5748987854251012,86.79281690140844,1.9906828195297808,0.4954954954954955,0.14414414414414414,40,1,0.19014084507042253,8,5.633802816901409,Q8N6D2,Q8N6D2,,RNF182,False,247
132,41,0.3106060606060606,83.67317073170732,2.4615719749404685,0.6341463414634146,0.07317073170731707,14,2,0.17073170731707318,4,9.75609756097561,Q8N726,Q8N726,,CDKN2A,False,132
406,392,0.9655172413793104,95.2615051020408,1.0768166242684203,0.31958762886597936,0.07216494845360824,7,2,0.2193877551020408,32,8.16326530612245,Q8N7A1,Q8N7A1,,KLHDC1,False,406
437,373,0.8535469107551488,92.80075067024129,1.7959592184962516,0.26976744186046514,0.08372093023255814,8,2,0.1903485254691689,14,3.753351206434316,Q8N7C3,Q8N7C3,,TRIML2,False,437
305,254,0.8327868852459016,92.67161417322835,3.019618376391484,0.3575757575757576,0.15151515151515152,19,1,0.1889763779527559,14,5.511811023622047,Q8N7C7,Q8N7C7,,RNF148,False,305
425,100,0.23529411764705882,91.23989999999999,1.5262621879577636,0.4,0.1,10,2,0.22,12,12.0,Q8N7E2,Q8N7E2,,CBLL2,False,425
531,271,0.5103578154425612,84.85771217712177,1.9051395120994494,0.42410714285714285,0.10714285714285714,25,5,0.19557195571955718,39,14.391143911439114,Q8N7H5,Q8N7H5,,PAF1,False,531
425,294,0.691764705882353,90.16095238095238,1.3872913899106158,0.29775280898876405,0.05056179775280899,8,2,0.2108843537414966,22,7.482993197278912,Q8N806,Q8N806,,UBR7,False,425
203,101,0.4975369458128079,86.94009900990098,1.8676801068662765,0.48,0.10666666666666667,17,1,0.1782178217821782,6,5.9405940594059405,Q8N8N0,Q8N8N0,,RNF152,False,203
1025,749,0.7307317073170732,88.63508678237652,1.3438178209932432,0.265625,0.075,5,1,0.2136181575433912,29,3.871829105473965,Q8N961,Q8N961,,ABTB2,False,1025
347,273,0.7867435158501441,91.23820512820512,1.5101930404477468,0.375,0.041666666666666664,13,4,0.15384615384615385,12,4.395604395604396,Q8N9I9,Q8N9I9,,DTX3,False,347
468,415,0.8867521367521367,91.70636144578313,1.847567977780465,0.3103448275862069,0.05517241379310345,9,4,0.14457831325301204,10,2.4096385542168677,Q8N9V2,Q8N9V2,,TRIML1,False,468
476,435,0.9138655462184874,92.12337931034483,1.3623575204163199,0.28703703703703703,0.06944444444444445,6,2,0.20919540229885059,30,6.896551724137931,Q8N9V3,Q8N9V3,,WDSUB1,False,476
808,168,0.2079207920792079,86.88297619047619,2.3790512911826527,0.3611111111111111,0.09722222222222222,17,2,0.16666666666666666,18,10.714285714285714,Q8NA82,Q8NA82,,MARCHF10,False,808
344,212,0.6162790697674418,91.98028301886794,1.31759567274601,0.25,0.06481481481481481,4,0,0.18396226415094338,10,4.716981132075472,Q8NAA5,Q8NAA5,,LRRC75A,False,344
612,574,0.9379084967320261,92.76160278745644,1.3076328050485955,0.26785714285714285,0.12142857142857143,7,2,0.20209059233449478,23,4.006968641114982,Q8NAB2,Q8NAB2,,KBTBD3,False,612
558,525,0.9408602150537635,91.97980952380951,1.2073327820869428,0.3359375,0.11328125,8,2,0.23809523809523808,30,5.714285714285714,Q8NBE8,Q8NBE8,,KLHL23,False,558
344,214,0.622093023255814,83.57523364485981,2.0729660313009854,0.5307692307692308,0.15384615384615385,12,6,0.26635514018691586,45,21.02803738317757,Q8NBM4,Q8NBM4,,UBAC2,False,344
400,247,0.6175,89.80846153846153,3.2272902800737744,0.4585987261146497,0.12101910828025478,25,3,0.21862348178137653,26,10.526315789473683,Q8NC42,Q8NC42,,RNF149,False,400
237,204,0.8607594936708861,92.47313725490199,2.095350905309354,0.29133858267716534,0.11023622047244094,9,1,0.19117647058823528,10,4.901960784313726,Q8NC69,Q8NC69,,KCTD6,False,237
708,159,0.2245762711864407,82.63937106918239,2.8074816935220746,0.3310810810810811,0.033783783783783786,10,3,0.07547169811320754,3,1.8867924528301887,Q8NCN4,Q8NCN4,,RNF169,False,708
570,192,0.3368421052631579,84.21192708333334,2.080426157789316,0.2619047619047619,0.10317460317460317,5,1,0.21354166666666666,14,7.291666666666667,Q8NCP5,Q8NCP5,,ZBTB44,False,570
510,385,0.7549019607843137,88.77771428571428,1.2551011806303238,0.3384615384615385,0.1282051282051282,8,4,0.2051948051948052,23,5.974025974025974,Q8NCQ5,Q8NCQ5,,FBXO15,False,510
797,637,0.7992471769134254,92.0693092621664,1.2565277055768151,0.2669039145907473,0.07473309608540925,7,6,0.1695447409733124,15,2.3547880690737837,Q8TEL6,Q8TEL6,,TRPC4AP,False,797
875,490,0.56,91.51610204081632,1.8668449766492279,0.3611111111111111,0.05864197530864197,21,5,0.16122448979591836,23,4.6938775510204085,Q8TF61,Q8TF61,,FBXO41,False,875
664,542,0.8162650602409639,87.47843173431734,1.5292444311532511,0.575,0.2222222222222222,31,16,0.33025830258302585,146,26.937269372693727,Q8WU17,Q8WU17,,RNF139,False,664
427,354,0.8290398126463701,93.46257062146893,1.0492010835981307,0.36477987421383645,0.11320754716981132,7,2,0.1864406779661017,30,8.47457627118644,Q92466,Q92466,,DDB2,False,427
292,206,0.7054794520547946,95.41665048543686,1.3906299958573294,0.20535714285714285,0.07142857142857142,4,0,0.1650485436893204,12,5.825242718446602,Q92564,Q92564,,DCUN1D4,False,292
1164,551,0.4733676975945017,89.46974591651544,2.4998418212108344,0.35294117647058826,0.08,19,11,0.12522686025408347,7,1.2704174228675136,Q92574,Q92574,,TSC1,False,1164
585,565,0.9658119658119658,95.14985840707965,1.1085695381799001,0.2673992673992674,0.12454212454212454,5,1,0.2176991150442478,31,5.486725663716814,Q92624,Q92624,,APPBP2,False,585
601,387,0.6439267886855241,97.10865633074935,1.2459456175933967,0.2824858757062147,0.11299435028248588,5,1,0.2041343669250646,24,6.2015503875969,Q92630,Q92630,,DYRK2,False,601
1020,363,0.3558823529411765,96.62085399449035,0.9863151858321147,0.2913907284768212,0.08609271523178808,5,1,0.19008264462809918,36,9.917355371900827,Q92834,Q92834,,RPGR,False,1020
594,521,0.877104377104377,93.20637236084454,1.5461535376868174,0.2648221343873518,0.07509881422924901,4,0,0.18234165067178504,16,3.071017274472169,Q92990,Q92990,,GLMN,False,594
2554,2086,0.8167580266249022,87.36086768935763,1.1054452572935936,0.2663101604278075,0.08342245989304813,6,4,0.20038350910834132,37,1.7737296260786195,Q93008,Q93008,,USP9X,False,2554
780,731,0.9371794871794872,91.76199726402187,1.716575357162401,0.24739583333333334,0.052083333333333336,5,1,0.2079343365253078,39,5.33515731874145,Q93034,Q93034,,CUL5,False,780
2177,1147,0.5268718419843822,86.83691368788143,1.4391462108077246,0.257201646090535,0.06584362139917696,7,4,0.1996512641673932,20,1.7436791630340016,Q93074,Q93074,,MED12,False,2177
707,475,0.6718528995756718,95.76825263157895,1.4621329729747954,0.2839506172839506,0.0823045267489712,12,3,0.1705263157894737,12,2.526315789473684,Q969H0,Q969H0,,FBXW7,False,707
372,203,0.5456989247311828,92.71108374384238,1.889918425606915,0.29927007299270075,0.08029197080291971,7,1,0.17733990147783252,12,5.911330049261084,Q969K3,Q969K3,,RNF34,False,372
478,436,0.9121338912133892,89.90107798165137,1.2827156821329146,0.2987012987012987,0.07792207792207792,5,4,0.21100917431192662,14,3.211009174311927,Q969K4,Q969K4,,ABTB1,False,478
185,157,0.8486486486486486,96.78019108280256,1.2802011538838027,0.26595744680851063,0.07446808510638298,7,2,0.18471337579617833,7,4.45859872611465,Q969M7,Q969M7,,UBE2F,False,185
355,266,0.7492957746478873,91.02992481203009,1.4257008785180132,0.31097560975609756,0.10365853658536585,9,1,0.16541353383458646,6,2.2556390977443606,Q969P5,Q969P5,,FBXO32,False,355
353,286,0.8101983002832861,91.2137062937063,3.2498984389108894,0.3813559322033898,0.08050847457627118,12,6,0.18181818181818182,10,3.4965034965034967,Q969Q1,Q969Q1,,TRIM63,False,353
207,151,0.7294685990338164,97.25264900662252,1.3232770175318103,0.32142857142857145,0.05952380952380952,5,2,0.23178807947019867,27,17.880794701986755,Q969T4,Q969T4,,UBE2E3,False,207
566,456,0.8056537102473498,92.47423245614036,1.148697431200945,0.38578680203045684,0.116751269035533,8,4,0.21929824561403508,23,5.0438596491228065,Q969U6,Q969U6,,FBXW5,False,566
352,336,0.9545454545454546,91.41261904761905,2.3149679231961158,0.3684210526315789,0.11403508771929824,24,4,0.21726190476190477,33,9.821428571428571,Q969V5,Q969V5,,MUL1,False,352
273,243,0.8901098901098901,94.3037037037037,1.2154522396402248,0.4065040650406504,0.07317073170731707,7,2,0.18930041152263374,16,6.584362139917696,Q96A44,Q96A44,,SPSB4,False,273
297,147,0.494949494949495,87.95442176870748,2.1199583343115846,0.34545454545454546,0.06363636363636363,13,2,0.17006802721088435,11,7.482993197278912,Q96A61,Q96A61,,TRIM52,False,297
955,850,0.8900523560209425,90.32543529411764,1.2238416527681792,0.2879120879120879,0.06153846153846154,8,7,0.18941176470588236,19,2.235294117647059,Q96AX9,Q96AX9,,MIB2,False,955
151,130,0.8609271523178808,91.73561538461539,1.2626031812888334,0.25,0.039473684210526314,4,0,0.2230769230769231,10,7.6923076923076925,Q96B02,Q96B02,,UBE2W,False,151
404,36,0.0891089108910891,82.38055555555553,4.07702096303304,0.3333333333333333,0.027777777777777776,3,0,0.05555555555555555,0,0.0,Q96B23,Q96B23,,ARK2N,False,404
710,360,0.5070422535211268,86.01175,2.0458518882444308,0.30357142857142855,0.06428571428571428,10,4,0.13333333333333333,9,2.5,Q92541,Q92541,,RTF1,False,710
363,205,0.5647382920110193,92.28785365853659,1.5148766987234406,0.2846153846153846,0.06923076923076923,5,1,0.18536585365853658,12,5.853658536585367,Q8WZ73,Q8WZ73,,RFFL,False,363
223,189,0.8475336322869955,95.57592592592592,1.2488260690490953,0.40404040404040403,0.0707070707070707,11,1,0.21164021164021163,24,12.698412698412698,Q8WUJ0,Q8WUJ0,,STYX,False,223
621,552,0.8888888888888888,92.51954710144926,1.4453237919954678,0.3074074074074074,0.07777777777777778,10,2,0.19927536231884058,28,5.072463768115942,Q8WZ60,Q8WZ60,,KLHL6,False,621
495,377,0.7616161616161616,88.00511936339522,1.143594362339438,0.3125,0.09659090909090909,9,3,0.21750663129973474,12,3.183023872679045,Q8WV16,Q8WV16,,DCAF4,False,495
266,234,0.8796992481203008,94.57388888888889,1.294484894953808,0.25,0.0859375,6,1,0.19230769230769232,6,2.564102564102564,Q8WV22,Q8WV22,,NSMCE1,False,266
630,420,0.6666666666666666,88.9045238095238,2.359804770339963,0.3469387755102041,0.05782312925170068,15,6,0.19285714285714287,13,3.0952380952380953,Q8WV44,Q8WV44,,TRIM41,False,630
666,143,0.2147147147147147,83.32195804195804,2.5601123078616927,0.34210526315789475,0.12280701754385964,10,3,0.23076923076923078,31,21.678321678321677,Q8WVC0,Q8WVC0,,LEO1,False,666
245,188,0.7673469387755102,89.09218085106384,1.4833682397062367,0.25757575757575757,0.09848484848484848,8,2,0.16489361702127658,10,5.319148936170213,Q8WVD3,Q8WVD3,,RNF138,False,245
230,189,0.8217391304347826,89.33613756613757,1.4466467998442745,0.3643410852713178,0.07751937984496124,7,3,0.1746031746031746,8,4.232804232804233,Q8WVD5,Q8WVD5,,RNF141,False,230
259,213,0.8223938223938224,89.80661971830985,1.6804932431890898,0.3,0.12307692307692308,7,1,0.16901408450704225,5,2.3474178403755865,Q8WVF5,Q8WVF5,,KCTD4,False,259
375,312,0.832,90.7434935897436,1.1856803545427752,0.2603550295857988,0.0650887573964497,3,0,0.23076923076923078,31,9.935897435897436,Q8WVN8,Q8WVN8,,UBE2Q2,False,375
376,263,0.699468085106383,90.3284030418251,2.8640446277314338,0.37349397590361444,0.13253012048192772,18,1,0.16730038022813687,11,4.182509505703422,Q8WVZ7,Q8WVZ7,,RNF133,False,376
684,530,0.7748538011695907,91.48901886792454,1.3039205383133337,0.31970260223048325,0.08550185873605948,11,3,0.2037735849056604,20,3.7735849056603774,Q8WVZ9,Q8WVZ9,,KBTBD7,False,684
429,204,0.4755244755244755,86.69088235294119,2.5530505247626034,0.45901639344262296,0.10655737704918032,20,3,0.25,14,6.862745098039216,Q8WWF5,Q8WWF5,,ZNRF4,False,429
1683,447,0.26559714795008915,82.75648769574944,1.8491961429384307,0.29714285714285715,0.06285714285714286,8,4,0.14988814317673377,14,3.131991051454139,Q8WWI1,Q8WWI1,,LMO7,False,1683
329,279,0.8480243161094225,91.97827956989246,1.3603052146843337,0.3836477987421384,0.1320754716981132,12,4,0.2114695340501792,53,18.996415770609318,Q8WWX0,Q8WWX0,,ASB5,False,329
323,293,0.9071207430340558,91.00897610921503,1.4980585294826376,0.4152046783625731,0.13450292397660818,21,3,0.2150170648464164,49,16.723549488054605,Q8WXH4,Q8WXH4,,ASB11,False,323
440,208,0.4727272727272727,91.6212980769231,1.7400964136224935,0.4090909090909091,0.15151515151515152,8,3,0.20192307692307693,23,11.057692307692307,Q8WXH5,Q8WXH5,,SOCS4,False,440
277,184,0.6642599277978339,89.57842391304348,1.6551649549267489,0.3125,0.10416666666666667,4,0,0.19021739130434784,9,4.891304347826087,Q8WXH6,Q8WXH6,,RAB40A,False,277
467,366,0.7837259100642399,88.5864480874317,1.4677275223563249,0.3146067415730337,0.07865168539325842,9,1,0.2459016393442623,19,5.191256830601093,Q8WXI3,Q8WXI3,,ASB10,False,467
295,249,0.8440677966101695,91.82622489959839,1.2550141429526989,0.34146341463414637,0.10569105691056911,8,1,0.2289156626506024,37,14.859437751004014,Q8WXJ9,Q8WXJ9,,ASB17,False,295
588,514,0.8741496598639455,93.2431906614786,1.5983680760544061,0.31092436974789917,0.11764705882352941,7,2,0.20622568093385213,28,5.447470817120623,Q8WXK1,Q8WXK1,,ASB15,False,588
278,259,0.9316546762589928,95.56969111969111,1.325706560900743,0.3333333333333333,0.08695652173913043,9,1,0.22393822393822393,37,14.285714285714285,Q8WXK3,Q8WXK3,,ASB13,False,278
309,246,0.7961165048543689,89.47845528455285,1.4068484393837204,0.3308270676691729,0.11278195488721804,8,3,0.21951219512195122,33,13.414634146341465,Q8WXK4,Q8WXK4,,ASB12,False,309
445,381,0.8561797752808988,91.82396325459318,1.2385450088407695,0.31390134529147984,0.08520179372197309,9,3,0.2230971128608924,20,5.2493438320209975,Q8WY64,Q8WY64,,MYLIP,False,445
329,232,0.7051671732522796,92.84525862068966,2.002678932869585,0.26865671641791045,0.06716417910447761,4,0,0.2025862068965517,12,5.172413793103448,Q8WZ19,Q8WZ19,,KCTD13,False,329
381,267,0.7007874015748031,93.89086142322098,1.715691949400703,0.23170731707317074,0.0975609756097561,8,2,0.19101123595505617,27,10.112359550561797,Q9BWX1,Q9BWX1,,PHF7,False,381
425,307,0.7223529411764706,93.32250814332248,3.166862364853453,0.33587786259541985,0.11068702290076336,11,7,0.20195439739413681,12,3.908794788273615,Q9BZY9,Q9BZY9,,TRIM31,False,425
525,425,0.8095238095238095,92.77322352941177,1.511735605140892,0.3133047210300429,0.04721030042918455,10,3,0.2188235294117647,29,6.8235294117647065,Q9BX70,Q9BX70,,BTBD2,False,525
423,391,0.9243498817966903,95.56383631713557,1.2509978567292144,0.2564102564102564,0.12307692307692308,8,3,0.12020460358056266,7,1.7902813299232736,Q9UKC9,Q9UKC9,,FBXL2,False,423
481,455,0.9459459459459459,91.89356043956045,2.3161910682241293,0.33226837060702874,0.08306709265175719,15,5,0.2043956043956044,48,10.54945054945055,Q9UDY6,Q9UDY6,,TRIM10,False,481
824,621,0.7536407766990292,91.7685346215781,1.2421637536643488,0.29491525423728815,0.07796610169491526,7,2,0.18840579710144928,18,2.898550724637681,Q9UDY8,Q9UDY8,,MALT1,False,824
701,376,0.536376604850214,95.56598404255318,1.2591416658914725,0.27472527472527475,0.0989010989010989,7,1,0.1276595744680851,9,2.393617021276596,Q9UF56,Q9UF56,,FBXL17,False,701
587,555,0.9454855195911414,93.15401801801801,1.377371089903846,0.2857142857142857,0.06620209059233449,12,2,0.2126126126126126,40,7.207207207207207,Q9UH77,Q9UH77,,KLHL3,False,587
709,449,0.6332863187588152,89.28309576837417,1.5433405882575832,0.3835616438356164,0.1267123287671233,9,7,0.22717149220489977,48,10.690423162583519,Q9UH90,Q9UH90,,FBXO40,False,709
482,231,0.47925311203319504,86.891341991342,1.7654594571428714,0.3546511627906977,0.1744186046511628,5,3,0.19913419913419914,8,3.463203463203463,Q9UHC7,Q9UHC7,,MKRN1,False,482
1024,906,0.884765625,90.70931567328918,1.3731793369998295,0.21772151898734177,0.08860759493670886,5,1,0.18763796909492272,39,4.304635761589404,Q9UII4,Q9UII4,,HERC5,False,1024
491,359,0.7311608961303462,90.14796657381616,1.7982160749621463,0.2767857142857143,0.08482142857142858,14,3,0.1615598885793872,17,4.735376044568245,Q9UJ41,Q9UJ41,,RABGEF1,False,491
1249,185,0.14811849479583666,89.0327027027027,1.4111740486797597,0.34285714285714286,0.11428571428571428,7,2,0.25405405405405407,24,12.972972972972974,Q9UJ55,Q9UJ55,,MAGEL2,False,1249
597,556,0.931323283082077,94.24739208633095,1.4039122899786174,0.3829787234042553,0.07092198581560284,9,6,0.23201438848920863,15,2.697841726618705,Q9UJP4,Q9UJP4,,KLHL21,False,597
491,367,0.7474541751527495,95.5400544959128,1.2771048273399235,0.2808988764044944,0.12921348314606743,8,1,0.13896457765667575,21,5.722070844686648,Q9UJT9,Q9UJT9,,FBXL7,False,491
735,580,0.7891156462585034,89.98329310344828,2.3890808466902445,0.36153846153846153,0.07948717948717948,13,7,0.19137931034482758,30,5.172413793103448,Q9UJV3,Q9UJV3,,MID2,False,735
597,520,0.8710217755443886,91.0075,1.294661113300995,0.3008130081300813,0.09349593495934959,13,2,0.2326923076923077,31,5.961538461538462,Q9UJX2,Q9UJX2,,CDC23,False,597
565,495,0.8761061946902655,88.76880808080807,1.305712968167256,0.30514705882352944,0.0625,6,5,0.22828282828282828,27,5.454545454545454,Q9UJX3,Q9UJX3,,ANAPC7,False,565
755,624,0.8264900662251655,88.84628205128206,1.3664338556896365,0.3044982698961938,0.10380622837370242,5,1,0.2516025641025641,68,10.897435897435898,Q9UJX4,Q9UJX4,,ANAPC5,False,755
808,654,0.8094059405940595,88.86336391437308,1.2676525864963235,0.25517241379310346,0.08275862068965517,11,2,0.21253822629969418,22,3.3639143730886847,Q9UJX5,Q9UJX5,,ANAPC4,False,808
822,652,0.7931873479318735,85.30662576687116,1.8223994059427067,0.28690807799442897,0.0584958217270195,7,4,0.23466257668711657,28,4.294478527607362,Q9UJX6,Q9UJX6,,ANAPC2,False,822
296,249,0.8412162162162162,94.56915662650603,1.5487887410932646,0.34057971014492755,0.08695652173913043,12,2,0.22088353413654618,28,11.244979919678714,Q9UK22,Q9UK22,,FBXO2,False,296
956,646,0.6757322175732218,92.92402476780187,1.438857561235809,0.3008130081300813,0.12195121951219512,9,2,0.1826625386996904,8,1.238390092879257,Q9UK96,Q9UK96,,FBXO10,False,956
447,328,0.7337807606263982,89.36231707317073,1.6381105704813903,0.3611111111111111,0.10648148148148148,13,4,0.24085365853658536,23,7.01219512195122,Q9UK97,Q9UK97,,FBXO9,False,447
471,407,0.8641188959660298,95.86717444717443,1.3546376712508723,0.34134615384615385,0.08173076923076923,11,2,0.20147420147420148,22,5.405405405405405,Q9UK99,Q9UK99,,FBXO3,False,471
691,403,0.5832127351664255,92.016476426799,1.5065651045821085,0.2727272727272727,0.08585858585858586,8,1,0.19602977667493796,14,3.4739454094292808,Q9UKA1,Q9UKA1,,FBXL5,False,691
621,525,0.8454106280193237,94.66579047619048,1.0607434425755005,0.32,0.07555555555555556,8,3,0.19238095238095237,34,6.476190476190475,Q9UKA2,Q9UKA2,,FBXL4,False,621
284,174,0.6126760563380281,93.55425287356323,1.3579648388388603,0.3076923076923077,0.10576923076923077,6,2,0.21839080459770116,13,7.471264367816093,Q9UBV8,Q9UBV8,,PEF1,False,284
474,410,0.8649789029535865,88.75073170731709,2.1181819451935993,0.3358208955223881,0.08582089552238806,6,4,0.21951219512195122,13,3.1707317073170733,Q9UBS8,Q9UBS8,,RNF14,False,474
1215,816,0.671604938271605,96.01626225490195,1.080515750161399,0.3253424657534247,0.10616438356164383,7,2,0.17647058823529413,16,1.9607843137254901,Q9UBN7,Q9UBN7,,HDAC6,False,1215
1132,494,0.4363957597173145,90.72216599190283,1.369371663272395,0.3004115226337449,0.09465020576131687,4,0,0.2550607287449393,39,7.894736842105263,Q9P203,Q9P203,,BTBD7,False,1132
84,84,1.0,92.3742857142857,2.025170595911736,0.421875,0.15625,7,2,0.16666666666666666,7,8.333333333333332,Q9NYG5,Q9NYG5,,ANAPC11,False,84
404,330,0.8168316831683168,93.68406060606061,1.0248997701664597,0.373015873015873,0.09523809523809523,8,3,0.20303030303030303,46,13.939393939393941,Q9NYS7,Q9NYS7,,WSB2,False,404
730,339,0.4643835616438356,93.0252802359882,1.0084222291422567,0.25396825396825395,0.07142857142857142,3,0,0.17699115044247787,26,7.669616519174041,Q9NZJ0,Q9NZJ0,,DTL,False,730
450,376,0.8355555555555556,88.62324468085106,1.673482388496423,0.48627450980392156,0.1568627450980392,48,8,0.2712765957446808,45,11.96808510638298,Q9NZS9,Q9NZS9,,BFAR,False,450
198,175,0.8838383838383839,88.12440000000001,2.019170780444377,0.34959349593495936,0.032520325203252036,18,3,0.18857142857142858,12,6.857142857142858,Q9P000,Q9P000,,COMMD9,False,198
117,102,0.8717948717948718,91.65254901960786,3.0376123536171957,0.42105263157894735,0.042105263157894736,10,5,0.21568627450980393,16,15.686274509803921,Q9P086,Q9P086,,MED11,False,117
381,196,0.5144356955380578,90.85591836734693,1.943770272391183,0.3402777777777778,0.04861111111111111,9,5,0.1377551020408163,15,7.653061224489796,Q9P0J7,Q9P0J7,,KCMF1,False,381
246,155,0.6300813008130082,87.2924516129032,2.219046598022036,0.4049586776859504,0.09090909090909091,18,2,0.1935483870967742,12,7.741935483870968,Q9P0N8,Q9P0N8,,MARCHF2,False,246
153,130,0.8496732026143791,89.74215384615384,2.1379594047831776,0.3333333333333333,0.11764705882352941,7,2,0.14615384615384616,11,8.461538461538462,Q9P0P0,Q9P0P0,,RNF181,False,153
55,53,0.9636363636363636,93.99679245283016,2.666017354467314,0.5471698113207547,0.1320754716981132,23,2,0.11320754716981132,4,7.547169811320755,Q9P0U1,Q9P0U1,,TOMM7,False,55
973,810,0.8324768756423433,83.20056790123456,2.1999922426080962,0.30493273542600896,0.08744394618834081,13,4,0.21728395061728395,22,2.7160493827160495,Q9P253,Q9P253,,VPS18,False,973
195,169,0.8666666666666667,90.80384615384615,1.8396131075345552,0.336283185840708,0.07079646017699115,9,2,0.20118343195266272,10,5.9171597633136095,Q9UBI1,Q9UBI1,,COMMD3,False,195
1123,354,0.31522707034728403,91.16604519774012,1.2716412303529938,0.31666666666666665,0.05555555555555555,9,3,0.192090395480226,16,4.519774011299435,Q9P275,Q9P275,,USP36,False,1123
410,165,0.4024390243902439,86.4470303030303,1.9825865569150092,0.47244094488188976,0.14173228346456693,20,2,0.23030303030303031,24,14.545454545454545,Q9P2E8,Q9P2E8,,MARCHF4,False,410
1089,638,0.5858585858585859,88.27468652037618,1.6723860304239238,0.24929178470254956,0.08781869688385269,6,2,0.21630094043887146,23,3.605015673981191,Q9P2G1,Q9P2G1,,ANKIB1,False,1089
620,565,0.9112903225806451,95.45706194690266,1.3326149473553472,0.27007299270072993,0.08394160583941605,7,3,0.21061946902654868,36,6.371681415929204,Q9P2G9,Q9P2G9,,KLHL8,False,620
617,572,0.9270664505672609,95.60132867132867,1.4175773302282448,0.32,0.09090909090909091,7,2,0.23426573426573427,37,6.468531468531468,Q9P2J3,Q9P2J3,,KLHL9,False,617
505,425,0.8415841584158416,91.41385882352941,1.3577011874911975,0.3112244897959184,0.07653061224489796,5,1,0.21176470588235294,17,4.0,Q9P2K6,Q9P2K6,,KLHL42,False,505
655,573,0.8748091603053435,95.5512739965096,1.4191648087250626,0.31636363636363635,0.09090909090909091,7,2,0.2338568935427574,35,6.108202443280978,Q9P2N7,Q9P2N7,,KLHL13,False,655
1572,743,0.47264631043257,87.54697173620458,1.3155888445018704,0.29095354523227385,0.12469437652811736,8,4,0.2018842530282638,13,1.7496635262449527,Q9P2P5,Q9P2P5,,HECW2,False,1572
373,175,0.4691689008042895,88.00028571428572,1.3624870659016997,0.37755102040816324,0.15306122448979592,5,2,0.25142857142857145,10,5.714285714285714,Q9UBF1,Q9UBF1,,MAGEC2,False,373
113,85,0.7522123893805309,90.76517647058823,2.1544391434955528,0.40625,0.078125,8,1,0.18823529411764706,10,11.76470588235294,Q9UBF6,Q9UBF6,,RNF7,False,113
542,447,0.8247232472324724,94.82147651006711,1.3481855262519158,0.24107142857142858,0.08035714285714286,5,1,0.18120805369127516,18,4.026845637583892,Q9UKB1,Q9UKB1,,FBXW11,False,542
447,187,0.41834451901565994,87.92524064171126,2.0316847605521464,0.3028169014084507,0.04929577464788732,10,3,0.22459893048128343,15,8.02139037433155,Q9UKT4,Q9UKT4,,FBXO5,False,447
234,155,0.6623931623931624,92.40703225806452,2.3728775740251056,0.29411764705882354,0.10784313725490197,8,1,0.23225806451612904,13,8.38709677419355,Q9NXV2,Q9NXV2,,KCTD5,False,234
387,272,0.7028423772609819,88.92279411764706,1.3265042072653122,0.288,0.08,10,2,0.20955882352941177,11,4.044117647058823,Q9UKT5,Q9UKT5,,FBXO4,False,387
301,242,0.8039867109634552,88.09495867768597,1.874706044410173,0.3485714285714286,0.07428571428571429,8,1,0.17355371900826447,6,2.479338842975207,Q9Y314,Q9Y314,,NOSIP,False,301
318,210,0.660377358490566,91.85090476190477,1.2943695243672328,0.3898305084745763,0.05084745762711865,19,1,0.1761904761904762,12,5.714285714285714,Q9Y385,Q9Y385,,UBE2J1,False,318
154,104,0.6753246753246753,90.14480769230771,1.6912499219470178,0.46835443037974683,0.08860759493670886,8,3,0.22115384615384615,17,16.346153846153847,Q9Y3C5,Q9Y3C5,,RNF11,False,154
131,121,0.9236641221374046,95.66719008264464,1.705138466574929,0.3563218390804598,0.19540229885057472,5,1,0.23140495867768596,17,14.049586776859504,Q9Y3C7,Q9Y3C7,,MED31,False,131
522,283,0.5421455938697318,84.7091519434629,1.7118525468448789,0.3314285714285714,0.06857142857142857,20,3,0.21554770318021202,10,3.53356890459364,Q9Y3I1,Q9Y3I1,,FBXO7,False,522
1467,693,0.4723926380368098,88.46124098124098,1.0889142821088034,0.29874213836477986,0.050314465408805034,10,2,0.17893217893217894,12,1.7316017316017316,Q9Y4B4,Q9Y4B4,,RAD54L2,False,1467
1321,854,0.6464799394398183,84.52530444964871,1.1092329858291514,0.33611111111111114,0.06388888888888888,9,6,0.22131147540983606,24,2.810304449648712,Q9Y4D8,Q9Y4D8,,HECTD4,False,3996
522,436,0.8352490421455939,93.17511467889908,2.102055897080168,0.34576271186440677,0.10508474576271186,9,5,0.1834862385321101,13,2.981651376146789,Q9Y4K3,Q9Y4K3,,TRAF6,False,522
304,104,0.34210526315789475,83.78548076923076,1.9403636999848688,0.3684210526315789,0.10526315789473684,6,2,0.20192307692307693,8,7.6923076923076925,Q9Y4L5,Q9Y4L5,,RNF115,False,304
557,430,0.7719928186714542,92.30860465116278,1.3951328223402668,0.2625,0.09166666666666666,8,1,0.21395348837209302,19,4.4186046511627906,Q9Y4X5,Q9Y4X5,,ARIH1,False,557
584,546,0.934931506849315,92.56479853479854,1.3364244419315623,0.32234432234432236,0.09157509157509157,7,4,0.23076923076923078,59,10.805860805860807,Q9Y573,Q9Y573,,IPP,False,584
426,405,0.9507042253521126,94.62977777777778,1.4483027272600948,0.34196891191709844,0.15025906735751296,8,2,0.22469135802469137,18,4.444444444444445,Q9Y574,Q9Y574,,ASB4,False,426
518,494,0.9536679536679536,92.73408906882591,1.7341994865864199,0.2581967213114754,0.0942622950819672,4,0,0.22469635627530365,25,5.060728744939271,Q9Y575,Q9Y575,,ASB3,False,518
335,242,0.7223880597014926,91.95053719008264,1.3961363345890974,0.3360655737704918,0.09836065573770492,10,2,0.2231404958677686,32,13.223140495867769,Q9Y576,Q9Y576,,ASB1,False,335
477,408,0.8553459119496856,90.8780637254902,2.591896196742296,0.34519572953736655,0.05693950177935943,9,6,0.18382352941176472,12,2.941176470588235,Q9Y577,Q9Y577,,TRIM17,False,477
815,484,0.5938650306748466,91.3254958677686,1.3174650885842063,0.28440366972477066,0.08256880733944955,7,1,0.21487603305785125,27,5.578512396694215,Q9Y597,Q9Y597,,KCTD3,False,815
225,156,0.6933333333333334,88.86429487179488,1.2684814694908912,0.6067415730337079,0.16853932584269662,13,7,0.33974358974358976,29,18.58974358974359,Q9Y5U4,Q9Y5U4,,INSIG2,False,225
778,219,0.2814910025706941,89.1211415525114,1.3643729620613372,0.3504273504273504,0.07692307692307693,15,2,0.2374429223744292,27,12.32876712328767,Q9Y5V3,Q9Y5V3,,MAGED1,False,778
202,168,0.8316831683168316,89.01529761904762,1.8537559961738213,0.2803738317757009,0.102803738317757,9,2,0.21428571428571427,12,7.142857142857142,Q9Y6G5,Q9Y6G5,,COMMD10,False,202
919,236,0.25680087051142547,89.98983050847458,1.7851160659048724,0.2689655172413793,0.0896551724137931,7,3,0.15677966101694915,6,2.5423728813559325,Q9Y6H5,Q9Y6H5,,SNCAIP,False,919
421,357,0.8479809976247031,91.70504201680671,1.024378636041105,0.37142857142857144,0.10714285714285714,7,1,0.226890756302521,26,7.282913165266107,Q9Y6I7,Q9Y6I7,,WSB1,False,421
377,180,0.47745358090185674,81.79755555555555,3.6675305528510895,0.4017094017094017,0.07692307692307693,16,2,0.15555555555555556,5,2.7777777777777777,Q9Y6U7,Q9Y6U7,,RNF215,False,377
642,535,0.8333333333333334,93.36102803738318,1.2121971921086936,0.2669172932330827,0.10902255639097744,8,2,0.21682242990654205,33,6.16822429906542,Q9Y6Y0,Q9Y6Y0,,IVNS1ABP,False,642
147,147,1.0,96.31632653061224,1.269966365282073,0.2962962962962963,0.09876543209876543,7,1,0.2653061224489796,22,14.965986394557824,Q9Y2X8,Q9Y2X8,,UBE2D4,False,147
406,365,0.8990147783251231,94.84295890410957,1.0689004403687499,0.2787878787878788,0.08484848484848485,9,2,0.2191780821917808,41,11.232876712328768,Q9Y2U9,Q9Y2U9,,KLHDC2,False,406
609,553,0.9080459770114943,93.12976491862567,1.375121520603844,0.2702702702702703,0.06418918918918919,7,2,0.20433996383363473,30,5.424954792043399,Q9Y2M5,Q9Y2M5,,KLHL20,False,609
496,375,0.7560483870967742,93.35066666666668,1.4065135917445488,0.3407821229050279,0.12849162011173185,5,3,0.18133333333333335,31,8.266666666666666,Q9UM11,Q9UM11,,FZR1,False,496
434,395,0.9101382488479263,94.25384810126582,1.2602373732495162,0.29901960784313725,0.11764705882352941,9,2,0.14936708860759493,13,3.2911392405063293,Q9UKT6,Q9UKT6,,FBXL21P,False,434
428,390,0.9112149532710281,94.68661538461538,1.2674246156984978,0.3076923076923077,0.1076923076923077,11,2,0.16153846153846155,8,2.051282051282051,Q9UKT7,Q9UKT7,,FBXL3,False,428
454,429,0.9449339207048458,90.76874125874127,1.4481237568028886,0.3037383177570093,0.08878504672897196,10,2,0.20046620046620048,38,8.857808857808857,Q9UKT8,Q9UKT8,,FBXW2,False,454
643,415,0.645412130637636,87.94510843373494,1.4847072739743459,0.43956043956043955,0.13186813186813187,12,9,0.2819277108433735,87,20.96385542168675,Q9UKV5,Q9UKV5,,AMFR,False,643
735,650,0.8843537414965986,93.63266153846153,1.2075068633384478,0.24509803921568626,0.08496732026143791,9,2,0.2123076923076923,18,2.769230769230769,Q9UL63,Q9UL63,,MKLN1,False,735
438,296,0.6757990867579908,90.41668918918917,2.9860582280106747,0.3768844221105528,0.11055276381909548,25,2,0.18243243243243243,17,5.743243243243244,Q9ULK6,Q9ULK6,,RNF150,False,438
936,243,0.25961538461538464,87.52506172839507,2.945765095883035,0.3375796178343949,0.11464968152866242,19,3,0.15637860082304528,9,3.7037037037037033,Q9ULT6,Q9ULT6,,ZNRF3,False,936
2610,1676,0.6421455938697318,85.30658711217184,1.1859235420852288,0.2349869451697128,0.07049608355091384,5,2,0.19749403341288782,26,1.5513126491646778,Q9ULT8,Q9ULT8,,HECTD1,False,2610
474,372,0.7848101265822784,91.02948924731183,1.1729455930617017,0.3149171270718232,0.08287292817679558,4,0,0.20967741935483872,26,6.989247311827956,Q9ULV8,Q9ULV8,,CBLC,False,474
631,380,0.6022187004754358,88.89997368421052,1.5465245805515229,0.26881720430107525,0.04838709677419355,5,3,0.19736842105263158,16,4.2105263157894735,Q9ULX5,Q9ULX5,,RNF112,False,631
185,171,0.9243243243243243,92.79146198830412,1.3111831540810701,0.29,0.1,5,1,0.1695906432748538,19,11.11111111111111,Q9UM13,Q9UM13,,ANAPC10,False,185
1162,755,0.6497418244406197,92.53923178807946,1.1658024890884686,0.24338624338624337,0.06878306878306878,4,0,0.18543046357615894,10,1.3245033112582782,Q9Y2K7,Q9Y2K7,,KDM2A,False,1162
504,462,0.9166666666666666,93.38971861471862,1.4038637575248494,0.33070866141732286,0.05905511811023622,16,3,0.18614718614718614,25,5.411255411255411,Q9UMS4,Q9UMS4,,PRPF19,False,504
303,278,0.9174917491749175,93.50420863309353,1.8165792691758043,0.292817679558011,0.06629834254143646,8,4,0.21223021582733814,12,4.316546762589928,Q9UNE7,Q9UNE7,,STUB1,False,303
1127,501,0.4445430346051464,88.63744510978044,2.292965629934784,0.37534246575342467,0.08493150684931507,9,11,0.16966067864271456,13,2.5948103792415167,Q9UPN9,Q9UPN9,,TRIM33,False,1127
493,448,0.9087221095334685,92.28875000000001,2.243605353226131,0.37116564417177916,0.09202453987730061,16,8,0.18973214285714285,16,3.571428571428571,Q9UPQ4,Q9UPQ4,,TRIM35,False,493
1066,523,0.4906191369606004,87.99317399617591,2.0515551767431064,0.3407960199004975,0.07711442786069651,18,7,0.1586998087954111,14,2.676864244741874,Q9UPQ7,Q9UPQ7,,PDZRN3,False,1066
953,847,0.8887722980062959,90.76918536009445,1.137124013442916,0.23768115942028986,0.07536231884057971,4,0,0.17591499409681227,24,2.833530106257379,Q9Y239,Q9Y239,,NOD1,False,953
685,128,0.18686131386861313,87.47046875000001,2.7873002299692593,0.2111111111111111,0.12222222222222222,3,0,0.1640625,9,7.03125,Q9Y252,Q9Y252,,RNF6,False,685
605,444,0.7338842975206612,94.42635135135136,1.3756986875502335,0.25,0.09821428571428571,6,2,0.18018018018018017,13,2.9279279279279278,Q9Y297,Q9Y297,,BTRC,False,605
619,418,0.6752827140549273,90.78698564593302,1.4269183325908033,0.32489451476793246,0.0759493670886076,8,2,0.20574162679425836,29,6.937799043062201,Q9Y2E6,Q9Y2E6,,DTX4,False,619
522,421,0.8065134099616859,94.082351543943,1.377973905190044,0.32195121951219513,0.07804878048780488,6,2,0.20902612826603326,20,4.750593824228028,Q9Y2F9,Q9Y2F9,,BTBD3,False,522
384,354,0.921875,95.5402824858757,1.0397813709972648,0.38,0.06,9,3,0.2627118644067797,57,16.101694915254235,Q9NYA1,Q9NYA1,,SPHK1,False,384
571,560,0.9807355516637478,93.46485714285714,1.3104265926638514,0.32269503546099293,0.11702127659574468,6,2,0.22321428571428573,48,8.571428571428571,Q9NXS3,Q9NXS3,,KLHL28,False,571
433,343,0.792147806004619,84.34102040816327,2.950068852189956,0.5679012345679012,0.10185185185185185,127,4,0.10787172011661808,7,2.0408163265306123,Q9BY78,Q9BY78,,RNF26,False,433
580,427,0.7362068965517241,90.80290398126463,2.8486305717052187,0.3630573248407643,0.08598726114649681,23,5,0.20374707259953162,19,4.449648711943794,Q9H8W5,Q9H8W5,,TRIM45,False,580
482,421,0.8734439834024896,93.45959619952495,1.5037862419746109,0.3274336283185841,0.05752212389380531,10,2,0.2209026128266033,25,5.938242280285035,Q9H0C5,Q9H0C5,,BTBD1,False,482
515,92,0.1786407766990291,93.36652173913043,1.8453769042376853,0.35384615384615387,0.06153846153846154,7,1,0.16304347826086957,7,7.608695652173914,Q9H0F5,Q9H0F5,,RNF38,False,515
387,257,0.6640826873385013,90.53906614785993,1.3289630997841062,0.4350282485875706,0.062146892655367235,9,6,0.26459143968871596,26,10.116731517509727,Q9H0F6,Q9H0F6,,SHARPIN,False,387
589,548,0.9303904923599321,91.36169708029196,1.2704270569990284,0.2753623188405797,0.10144927536231885,5,1,0.20437956204379562,24,4.37956204379562,Q9H0H3,Q9H0H3,,KLHL25,False,589
922,656,0.7114967462039046,89.84068597560976,1.1644094279794945,0.2514792899408284,0.07692307692307693,4,0,0.22560975609756098,52,7.926829268292683,Q9H0M0,Q9H0M0,,WWP1,False,922
261,80,0.3065134099616858,83.846,1.3132290010994623,0.35,0.125,2,0,0.1875,5,6.25,Q9H0X6,Q9H0X6,,RNF208,False,261
1944,1458,0.75,87.90323731138545,1.1966662911228052,0.3026315789473684,0.09046052631578948,6,4,0.21604938271604937,72,4.938271604938271,Q9H1A4,Q9H1A4,,ANAPC1,False,1944
796,309,0.38819095477386933,88.69223300970874,1.4731543860183858,0.32195121951219513,0.07804878048780488,10,4,0.19741100323624594,12,3.8834951456310676,Q9H1B7,Q9H1B7,,IRF2BPL,False,796
941,788,0.8374070138150903,84.03997461928934,1.8641474651018093,0.2930648769574944,0.09843400447427293,9,5,0.22842639593908629,43,5.456852791878172,Q9H270,Q9H270,,VPS11,False,941
597,554,0.9279731993299832,92.25714801444045,1.177322245270171,0.28044280442804426,0.09225092250922509,8,2,0.21660649819494585,34,6.137184115523466,Q9H2C0,Q9H2C0,,GAN,False,597
420,234,0.5571428571428572,87.55910256410256,1.3928957028401212,0.3870967741935484,0.016129032258064516,5,1,0.2264957264957265,32,13.675213675213676,Q9H2S5,Q9H2S5,,RNF39,False,420
1198,371,0.3096828046744574,93.91083557951482,1.145152045400226,0.35,0.10555555555555556,5,1,0.19137466307277629,30,8.086253369272237,Q9H2X6,Q9H2X6,,HIPK2,False,1198
313,237,0.7571884984025559,92.79012658227848,1.8095898793623728,0.2878787878787879,0.06818181818181818,3,0,0.1940928270042194,9,3.79746835443038,Q9H3F6,Q9H3F6,,KCTD10,False,313
300,263,0.8766666666666667,95.61958174904944,1.325733386567459,0.3357142857142857,0.08571428571428572,12,3,0.17490494296577946,14,5.323193916349809,Q9H469,Q9H469,,FBXL15,False,300
255,242,0.9490196078431372,94.05433884297521,1.459392041360441,0.3358208955223881,0.11194029850746269,6,3,0.21074380165289255,17,7.024793388429752,Q9H4M3,Q9H4M3,,FBXO44,False,255
317,305,0.9621451104100947,93.20524590163934,2.4047288685302393,0.33663366336633666,0.06930693069306931,8,4,0.21311475409836064,21,6.885245901639345,Q9H4P4,Q9H4P4,,RNF41,False,317
410,366,0.8926829268292683,93.87469945355191,1.3536184603360062,0.30392156862745096,0.07352941176470588,7,1,0.21584699453551912,31,8.469945355191257,Q9H5I1,Q9H5I1,,SUV39H2,False,410
318,302,0.949685534591195,94.34264900662252,1.4649414272770565,0.2356687898089172,0.07643312101910828,7,2,0.18211920529801323,12,3.9735099337748347,Q9H672,Q9H672,,ASB7,False,318
350,246,0.7028571428571428,91.80369918699188,2.853096202985912,0.41935483870967744,0.1032258064516129,20,3,0.21951219512195122,33,13.414634146341465,Q9H6Y7,Q9H6Y7,,RNF167,False,350
288,261,0.90625,91.62072796934866,1.3303458774079304,0.3178294573643411,0.06201550387596899,6,2,0.25287356321839083,48,18.39080459770115,Q9H765,Q9H765,,ASB8,False,288
661,505,0.7639939485627837,92.17849504950495,1.3896744715187213,0.25882352941176473,0.07450980392156863,5,2,0.17425742574257425,18,3.564356435643564,Q9H7D7,Q9H7D7,,WDR26,False,661
354,255,0.7203389830508474,95.43427450980391,1.189555137338275,0.3225806451612903,0.11290322580645161,4,0,0.16470588235294117,9,3.5294117647058822,Q9H832,Q9H832,,UBE2Z,False,354
391,375,0.959079283887468,90.90037333333333,1.846914355953801,0.34701492537313433,0.0708955223880597,9,3,0.25333333333333335,40,10.666666666666668,Q9H871,Q9H871,,RMND5A,False,391
199,171,0.8592964824120602,83.44666666666667,1.9698776539518659,0.39823008849557523,0.07079646017699115,15,3,0.19883040935672514,15,8.771929824561402,Q9H0A8,Q9H0A8,,COMMD4,False,199
489,235,0.48057259713701433,90.70527659574468,1.6465822975930609,0.38125,0.1375,9,4,0.17872340425531916,8,3.404255319148936,Q9H040,Q9H040,,SPRTN,False,489
416,251,0.6033653846153846,88.11247011952193,1.7113514204783598,0.39893617021276595,0.14893617021276595,14,4,0.19123505976095617,8,3.187250996015936,Q9H000,Q9H000,,MKRN2,False,416
710,584,0.8225352112676056,91.3924315068493,2.133372299557035,0.34536082474226804,0.08762886597938144,13,9,0.1695205479452055,35,5.993150684931506,Q9C026,Q9C026,,TRIM9,False,710
350,204,0.5828571428571429,89.60612745098038,1.8040642142572814,0.34306569343065696,0.11678832116788321,8,2,0.23039215686274508,11,5.392156862745098,Q9BYE7,Q9BYE7,,PCGF6,False,350
488,432,0.8852459016393442,90.56923611111112,2.5610811203090322,0.3466666666666667,0.09,10,5,0.18055555555555555,29,6.712962962962964,Q9BYJ4,Q9BYJ4,,TRIM34,False,488
510,450,0.8823529411764706,89.09177777777778,1.8071232530177768,0.36024844720496896,0.07763975155279502,16,7,0.19555555555555557,15,3.3333333333333335,Q9BYM8,Q9BYM8,,RBCK1,False,510
358,287,0.8016759776536313,91.9061324041812,3.2380830406084633,0.3855932203389831,0.059322033898305086,16,7,0.18466898954703834,9,3.1358885017421603,Q9BYV2,Q9BYV2,,TRIM54,False,358
548,287,0.5237226277372263,91.99031358885019,3.3031935867287667,0.34615384615384615,0.08547008547008547,10,6,0.17770034843205576,10,3.484320557491289,Q9BYV6,Q9BYV6,,TRIM55,False,548
727,570,0.7840440165061898,93.03412280701754,1.642186008929213,0.3321554770318021,0.12367491166077739,12,1,0.22456140350877193,45,7.894736842105263,Q9BYZ6,Q9BYZ6,,RHOBTB2,False,727
514,458,0.8910505836575876,93.84403930131005,1.0988705695233778,0.3706896551724138,0.07758620689655173,12,4,0.2074235807860262,39,8.51528384279476,Q9BZK7,Q9BZK7,,TBL1XR1,False,514
551,341,0.6188747731397459,92.89293255131965,3.5642445734841863,0.35766423357664234,0.072992700729927,14,3,0.17595307917888564,18,5.278592375366569,Q9BZR9,Q9BZR9,,TRIM8,False,551
840,672,0.8,90.08110119047619,1.192250075886506,0.2786377708978328,0.07120743034055728,5,1,0.21577380952380953,38,5.654761904761905,Q8N653,Q8N653,,LZTR1,False,840
465,391,0.8408602150537634,90.22189258312021,2.4440924805485857,0.34782608695652173,0.07971014492753623,16,7,0.1867007672634271,17,4.3478260869565215,Q9C019,Q9C019,,TRIM15,False,465
511,448,0.8767123287671232,91.11982142857141,2.305419422508548,0.3353846153846154,0.07076923076923076,18,7,0.1875,17,3.7946428571428568,Q9C029,Q9C029,,TRIM7,False,511
305,302,0.9901639344262295,96.8382119205298,0.999970252109603,0.3230769230769231,0.12307692307692308,6,1,0.18543046357615894,37,12.251655629139073,Q9GZS3,Q9GZS3,,SKIC8,False,305
488,427,0.875,91.54620608899296,2.8022994150406935,0.33003300330033003,0.0858085808580858,8,8,0.18501170960187355,22,5.152224824355972,Q9C030,Q9C030,,TRIM6,False,488
493,423,0.8580121703853956,90.93609929078015,2.8867352724577553,0.32666666666666666,0.07333333333333333,10,5,0.1773049645390071,22,5.200945626477541,Q9C035,Q9C035,,TRIM5,False,493
500,422,0.844,88.78632701421802,2.7927989739904175,0.3694915254237288,0.07457627118644068,12,10,0.1966824644549763,13,3.080568720379147,Q9C037,Q9C037,,TRIM4,False,500
744,643,0.864247311827957,90.81811819595646,1.81000277195338,0.3198992443324937,0.08564231738035265,24,5,0.16018662519440124,14,2.177293934681182,Q9C040,Q9C040,,TRIM2,False,744
1298,333,0.25654853620955315,90.81444444444445,1.0306499233412705,0.2992125984251969,0.08661417322834646,4,0,0.24624624624624625,60,18.01801801801802,Q9C0C7,Q9C0C7,,AMBRA1,False,1298
1292,666,0.5154798761609907,89.93684684684685,1.2778857587166543,0.2857142857142857,0.059800664451827246,5,1,0.23723723723723725,30,4.504504504504505,Q9C0C9,Q9C0C9,,UBE2O,False,1292
744,710,0.9543010752688172,94.367,1.2881215970359308,0.23404255319148937,0.1094224924012158,6,2,0.14507042253521127,15,2.112676056338028,Q9C0D3,Q9C0D3,,ZYG11B,False,744
718,554,0.7715877437325905,94.10712996389893,1.3738683685988669,0.28719723183391005,0.07958477508650519,5,3,0.2292418772563177,40,7.2202166064981945,Q9C0H6,Q9C0H6,,KLHL4,False,718
224,187,0.8348214285714286,91.03732620320858,1.7404366823796629,0.3643410852713178,0.06976744186046512,10,3,0.22994652406417113,30,16.0427807486631,Q9GZQ3,Q9GZQ3,,COMMD5,False,224
1112,378,0.33992805755395683,89.73253968253967,1.2386346519246292,0.30857142857142855,0.045714285714285714,5,1,0.1931216931216931,10,2.6455026455026456,Q9GZR1,Q9GZR1,,SENP6,False,1112
292,200,0.684931506849315,93.74455,1.308287270427296,0.4296875,0.1484375,10,4,0.265,39,19.5,Q9H8T0,Q9H8T0,,AKTIP,False,292
327,284,0.8685015290519877,89.26197183098591,1.5118732224319176,0.5290697674418605,0.1686046511627907,23,4,0.3028169014084507,60,21.12676056338028,Q9H920,Q9H920,,RNF121,False,327
383,378,0.9869451697127938,92.84539682539682,1.5641719433259578,0.3284313725490196,0.10294117647058823,6,3,0.2222222222222222,19,5.026455026455026,Q9NXR7,Q9NXR7,,BABAM2,False,383
704,141,0.2002840909090909,86.004609929078,2.599211612311365,0.39655172413793105,0.08620689655172414,15,3,0.1347517730496454,6,4.25531914893617,Q9H992,Q9H992,,MARCHF7,False,704
258,150,0.5813953488372093,91.4216,1.2875808060720682,0.4090909090909091,0.06818181818181818,7,3,0.2,10,6.666666666666667,Q9NSE2,Q9NSE2,,CISH,False,258
359,152,0.4233983286908078,94.54065789473684,1.2510118228877776,0.3111111111111111,0.07777777777777778,3,0,0.19078947368421054,18,11.842105263157894,Q9NTX7,Q9NTX7,,RNF146,False,359
445,444,0.9977528089887641,92.84180180180181,1.2792026114580837,0.356,0.104,9,2,0.16666666666666666,10,2.2522522522522523,Q9NV06,Q9NV06,,DCAF13,False,445
838,288,0.3436754176610978,87.94114583333334,1.862382806559061,0.48484848484848486,0.10101010101010101,50,3,0.2673611111111111,31,10.76388888888889,Q9NV58,Q9NV58,,RNF19A,False,838
361,283,0.7839335180055401,95.24243816254418,1.148495931110864,0.35766423357664234,0.10218978102189781,10,2,0.1872791519434629,12,4.240282685512367,Q9NV79,Q9NV79,,PCMTD2,False,361
336,104,0.30952380952380953,84.92009615384616,1.9408363271225242,0.6835443037974683,0.22784810126582278,37,3,0.2980769230769231,29,27.884615384615387,Q9NV92,Q9NV92,,NDFIP2,False,336
651,467,0.717357910906298,88.31871520342612,2.165271109229006,0.3447098976109215,0.09556313993174062,17,4,0.1905781584582441,13,2.7837259100642395,Q9NVC6,Q9NVC6,,MED17,False,651
368,235,0.6385869565217391,92.60974468085107,1.746010668841451,0.31976744186046513,0.03488372093023256,11,3,0.16595744680851063,10,4.25531914893617,Q9NVF7,Q9NVF7,,FBXO28,False,368
582,389,0.6683848797250859,86.41848329048841,1.3353442207672497,0.3056768558951965,0.07860262008733625,8,4,0.17737789203084833,14,3.5989717223650386,Q9NVN8,Q9NVN8,,GNL3L,False,582
708,567,0.8008474576271186,89.80460317460319,1.3577177174464556,0.27106227106227104,0.08424908424908426,10,2,0.19929453262786595,26,4.5855379188712515,Q9NVR0,Q9NVR0,,KLHL11,False,708
624,130,0.20833333333333334,87.05976923076923,2.2808588963875147,0.23404255319148937,0.05319148936170213,2,0,0.17692307692307693,11,8.461538461538462,Q9NVW2,Q9NVW2,,RLIM,False,624
534,392,0.7340823970037453,88.84147959183673,1.4125754709169138,0.2814070351758794,0.10552763819095477,9,2,0.19642857142857142,16,4.081632653061225,Q9NVX7,Q9NVX7,,KBTBD4,False,534
375,358,0.9546666666666667,93.05175977653631,1.7752530021428776,0.3561643835616438,0.0958904109589041,7,4,0.2569832402234637,49,13.687150837988826,Q9NW38,Q9NW38,,FANCL,False,375
866,434,0.5011547344110855,86.89532258064516,2.0222584388914115,0.273972602739726,0.0958904109589041,9,3,0.21658986175115208,20,4.6082949308755765,Q9NWF9,Q9NWF9,,RNF216,False,866
711,105,0.14767932489451477,82.75685714285717,2.0833836359384685,0.5222222222222223,0.13333333333333333,14,4,0.18095238095238095,6,5.714285714285714,Q9NWN3,Q9NWN3,,FBXO34,False,711
228,218,0.956140350877193,93.74477064220184,1.4733061869303803,0.34265734265734266,0.07692307692307693,16,3,0.26605504587155965,27,12.385321100917432,Q9NWU2,Q9NWU2,,GID8,False,228
421,371,0.8812351543942993,91.81239892183287,1.4705092747161175,0.3048128342245989,0.11764705882352941,11,2,0.22641509433962265,32,8.62533692722372,Q9NWX5,Q9NWX5,,ASB6,False,421
460,385,0.8369565217391305,92.24693506493506,1.1372305892797783,0.287292817679558,0.08287292817679558,6,2,0.19480519480519481,36,9.35064935064935,Q9NWZ3,Q9NWZ3,,IRAK4,False,460
183,160,0.8743169398907104,91.36393749999999,1.8602723145859499,0.35185185185185186,0.09259259259259259,10,2,0.2,12,7.5,Q9NX08,Q9NX08,,COMMD8,False,183
278,235,0.8453237410071942,90.80212765957447,2.354890308954509,0.5,0.12209302325581395,28,4,0.25957446808510637,32,13.617021276595745,Q9NX47,Q9NX47,,MARCHF5,False,278
875,720,0.8228571428571428,90.38469444444443,1.6596934440340587,0.323943661971831,0.10140845070422536,14,3,0.18333333333333332,33,4.583333333333333,Q9NXC5,Q9NXC5,,MIOS,False,875
227,121,0.5330396475770925,86.04710743801654,1.8000051325017756,0.5978260869565217,0.10869565217391304,33,3,0.2231404958677686,12,9.917355371900827,Q9NXI6,Q9NXI6,,RNF186,False,227
326,303,0.9294478527607362,91.69254125412542,1.2833731777443824,0.29605263157894735,0.07236842105263158,9,1,0.1782178217821782,11,3.6303630363036308,Q9NXK8,Q9NXK8,,FBXL12,False,326
495,239,0.48282828282828283,91.90899581589959,1.8036026553598423,0.3254437869822485,0.07692307692307693,8,2,0.20502092050209206,17,7.112970711297072,Q9NS91,Q9NS91,,RAD18,False,495
142,75,0.528169014084507,87.7652,3.303663942791863,0.5066666666666667,0.12,25,2,0.05333333333333334,2,2.666666666666667,Q9NS69,Q9NS69,,TOMM22,False,142
1045,197,0.18851674641148325,88.92472081218273,1.6993060390830292,0.35537190082644626,0.14049586776859505,5,1,0.2233502538071066,9,4.568527918781726,Q9NS56,Q9NS56,,TOPORS,False,1045
577,161,0.27902946273830154,88.60509316770187,1.583442191551483,0.2916666666666667,0.07291666666666667,3,0,0.2236024844720497,18,11.180124223602485,Q9HCI7,Q9HCI7,,MSL2,False,577
155,83,0.535483870967742,87.94602409638554,2.7742001396108766,0.47761194029850745,0.13432835820895522,20,1,0.1566265060240964,7,8.433734939759036,Q9H9V4,Q9H9V4,,RNF122,False,155
420,375,0.8928571428571429,93.80656,1.1953713078209216,0.2832369942196532,0.09248554913294797,4,0,0.19466666666666665,35,9.333333333333334,Q9HAT8,Q9HAT8,,PELI2,False,420
748,558,0.7459893048128342,88.27120071684588,1.2351811706371105,0.2682926829268293,0.08362369337979095,7,1,0.1953405017921147,25,4.480286738351254,Q9HAU4,Q9HAU4,,SMURF2,False,748
307,232,0.755700325732899,91.6007327586207,1.5083353380103355,0.40540540540540543,0.12162162162162163,17,4,0.22844827586206898,37,15.948275862068966,Q9HAY2,Q9HAY2,,MAGEF1,False,307
1191,417,0.3501259445843829,92.33364508393286,1.4352430605170496,0.2875536480686695,0.06437768240343347,6,1,0.2038369304556355,25,5.995203836930456,Q9HBD1,Q9HBD1,,RC3H2,False,1191
687,300,0.4366812227074236,83.16713333333333,1.6572795384710013,0.319047619047619,0.11428571428571428,8,4,0.19333333333333333,7,2.3333333333333335,Q9HBE1,Q9HBE1,,PATZ1,False,687
1040,896,0.8615384615384616,90.2578236607143,1.1323964564519404,0.264,0.08,6,2,0.1796875,17,1.8973214285714284,Q9HC29,Q9HC29,,NOD2,False,1040
741,235,0.31713900134952766,81.89961702127661,1.6817696269532645,0.3,0.1125,7,1,0.20425531914893616,11,4.680851063829787,Q9HC78,Q9HC78,,ZBTB20,False,741
757,528,0.6974900924702774,88.79274621212122,1.3293430030396889,0.27007299270072993,0.09124087591240876,4,0,0.19128787878787878,15,2.840909090909091,Q9HCE7,Q9HCE7,,SMURF1,False,757
957,350,0.3657262277951933,83.53617142857142,1.3684559801260667,0.3641304347826087,0.11956521739130435,8,3,0.2542857142857143,34,9.714285714285714,Q9HCI5,Q9HCI5,,MAGEE1,False,957
518,437,0.8436293436293436,90.89324942791764,2.6848600773014475,0.3183279742765273,0.06430868167202572,8,6,0.18077803203661327,12,2.745995423340961,Q9HCM9,Q9HCM9,,TRIM39,False,518
184,169,0.9184782608695652,97.39881656804735,1.1102508398202748,0.24096385542168675,0.060240963855421686,3,0,0.16568047337278108,7,4.142011834319527,Q9NRW4,Q9NRW4,,DUSP22,False,184
277,182,0.6570397111913358,95.45582417582418,3.4768586712601217,0.3783783783783784,0.08783783783783784,17,4,0.17032967032967034,17,9.340659340659341,Q9NPC3,Q9NPC3,,CCNB1IP1,False,277
197,152,0.7715736040609137,96.45151315789474,1.2598075007184435,0.3411764705882353,0.07058823529411765,4,0,0.25,29,19.078947368421055,Q9NPD8,Q9NPD8,,UBE2T,False,197
728,563,0.7733516483516484,88.52408525754885,2.2145814380874236,0.31382978723404253,0.08776595744680851,11,9,0.20071047957371227,18,3.197158081705151,Q9NQ86,Q9NQ86,,TRIM36,False,728
790,349,0.4417721518987342,87.4470200573066,1.7466961864350967,0.3568281938325991,0.07929515418502203,13,6,0.22063037249283668,26,7.4498567335243555,Q9NQC1,Q9NQC1,,JADE2,False,790
748,553,0.7393048128342246,94.4742314647378,1.3703270222894035,0.3181818181818182,0.0944055944055944,9,2,0.23869801084990958,43,7.775768535262206,Q9NR64,Q9NR64,,KLHL1,False,748
400,353,0.8825,93.36841359773372,1.400250435995563,0.25824175824175827,0.04945054945054945,5,1,0.17563739376770537,11,3.1161473087818696,Q9NRC8,Q9NRC8,,SIRT7,False,400
319,251,0.786833855799373,92.05932270916334,1.462371613299222,0.2986111111111111,0.1111111111111111,8,2,0.2151394422310757,21,8.366533864541832,Q9NRD0,Q9NRD0,,FBXO8,False,319
293,252,0.8600682593856656,96.20869047619048,1.4408792541144892,0.36619718309859156,0.11267605633802817,7,3,0.23412698412698413,21,8.333333333333332,Q9NRD1,Q9NRD1,,FBXO6,False,293
1543,529,0.34283862605314325,90.1763327032136,1.1396249688189963,0.35,0.08636363636363636,6,5,0.21928166351606806,57,10.775047258979207,Q9NRJ4,Q9NRJ4,,TULP4,False,1543
190,165,0.868421052631579,90.5998181818182,1.9354639455015212,0.29365079365079366,0.05555555555555555,10,2,0.15151515151515152,11,6.666666666666667,Q8N668,Q8N668,,COMMD1,False,190
474,342,0.7215189873417721,87.70377192982457,1.5094618127068338,0.2795031055900621,0.11801242236024845,4,0,0.2134502923976608,23,6.725146198830409,A0A0G2JMD5,A0A0G2JMD5,,PRAMEF33,False,474
314,147,0.4681528662420382,92.69190476190475,2.4593135894620173,0.24731182795698925,0.07526881720430108,8,1,0.21768707482993196,12,8.16326530612245,Q8N5Z5,Q8N5Z5,,KCTD17,False,314
619,527,0.851373182552504,92.3260531309298,1.18806280820916,0.3004115226337449,0.06172839506172839,5,1,0.222011385199241,30,5.692599620493358,P43403,P43403,,ZAP70,False,619
824,481,0.5837378640776699,92.87779625779626,1.2609254012853905,0.3103448275862069,0.11206896551724138,7,2,0.25571725571725573,51,10.602910602910603,P30260,P30260,,CDC27,False,824
326,202,0.6196319018404908,94.10638613861386,1.6160735975436666,0.3656716417910448,0.12686567164179105,8,3,0.24257425742574257,24,11.881188118811881,P35226,P35226,,BMI1,False,326
344,192,0.5581395348837209,94.00703125,1.6811539259685757,0.4076923076923077,0.13846153846153847,8,4,0.234375,13,6.770833333333333,P35227,P35227,,PCGF2,False,344
595,538,0.9042016806722689,91.69204460966542,2.109872247619661,0.24778761061946902,0.035398230088495575,11,3,0.22304832713754646,41,7.6208178438661704,P35240,P35240,,NF2,False,595
574,506,0.8815331010452961,87.13464426877471,2.4615782633248027,0.3409090909090909,0.10511363636363637,24,5,0.17391304347826086,13,2.5691699604743086,P36406,P36406,,TRIM23,False,574
1863,324,0.17391304347826086,90.70787037037037,1.560762299431695,0.3096446700507614,0.07106598984771574,10,4,0.21296296296296297,14,4.320987654320987,P38398,P38398,,BRCA1,False,1863
786,501,0.6374045801526718,92.7063872255489,1.1071990515475358,0.3,0.0875,8,3,0.21756487025948104,29,5.788423153692615,P41002,P41002,,CCNF,False,786
1012,924,0.9130434782608695,92.57514069264069,1.065577974267897,0.31143552311435524,0.07542579075425791,11,2,0.20346320346320346,24,2.5974025974025974,P41226,P41226,,UBA7,False,1012
314,177,0.5636942675159236,91.7332768361582,1.4103517575255113,0.4387755102040816,0.10204081632653061,9,2,0.2598870056497175,14,7.909604519774012,P43356,P43356,,MAGEA2,False,314
314,181,0.5764331210191083,92.09502762430938,1.4024646936046055,0.4077669902912621,0.1262135922330097,8,3,0.2596685082872928,20,11.049723756906078,P43357,P43357,,MAGEA3,False,314
314,191,0.60828025477707,91.46471204188482,1.3426778549292395,0.3611111111111111,0.07407407407407407,7,3,0.23036649214659685,10,5.2356020942408374,P43360,P43360,,MAGEA6,False,314
294,282,0.9591836734693877,94.28929078014185,1.2477780314365887,0.3942307692307692,0.12980769230769232,64,2,0.24468085106382978,67,23.75886524822695,P45880,P45880,,VDAC2,False,294
603,502,0.8325041459369817,93.08627490039842,1.105696798773115,0.24152542372881355,0.11440677966101695,6,1,0.199203187250996,28,5.577689243027888,P53350,P53350,,PLK1,False,603
858,664,0.7738927738927739,90.46073795180723,1.2729108148628268,0.29393939393939394,0.03939393939393939,8,6,0.20180722891566266,13,1.957831325301205,P45974,P45974,,USP5,False,858
1132,466,0.411660777385159,86.72377682403433,1.56519349054187,0.3223684210526316,0.08552631578947369,12,5,0.2575107296137339,60,12.875536480686694,P46379,P46379,,BAG6,False,1132
1319,468,0.354814253222138,86.3115811965812,1.4465049434257624,0.2608695652173913,0.16205533596837945,4,0,0.23931623931623933,20,4.273504273504273,P46934,P46934,,NEDD4,False,1319
415,304,0.7325301204819277,95.3351644736842,1.2008485289484545,0.27631578947368424,0.10526315789473684,4,0,0.18092105263157895,18,5.921052631578947,P48730,P48730,,CSNK1D,False,415
236,188,0.7966101694915254,94.52601063829788,1.2371605547057558,0.2962962962962963,0.046296296296296294,5,1,0.21808510638297873,31,16.48936170212766,P49427,P49427,,CDC34,False,236
152,149,0.9802631578947368,94.83268456375839,1.2675392320967909,0.25,0.05952380952380952,3,0,0.2214765100671141,27,18.120805369127517,P49459,P49459,,UBE2A,False,152
126,125,0.9920634920634921,96.45048000000001,1.247297541682134,0.38961038961038963,0.07792207792207792,6,1,0.208,12,9.6,P49773,P49773,,HINT1,False,126
561,486,0.8663101604278075,94.08609053497942,1.1811543903873074,0.30158730158730157,0.11904761904761904,9,4,0.1831275720164609,22,4.526748971193416,P49902,P49902,,NT5C2,False,561
292,237,0.8116438356164384,88.96135021097048,1.7050150485086142,0.43452380952380953,0.09523809523809523,22,2,0.18143459915611815,7,2.9535864978902953,P50876,P50876,,RNF144A,False,292
712,399,0.5603932584269663,91.28817042606515,1.213693530928962,0.34951456310679613,0.08737864077669903,9,3,0.22556390977443608,24,6.015037593984962,P51617,P51617,,IRAK1,False,712
147,147,1.0,96.36897959183675,1.268442686357448,0.30864197530864196,0.08641975308641975,6,1,0.2585034013605442,21,14.285714285714285,P51668,P51668,,UBE2D1,False,147
882,541,0.6133786848072562,89.93231053604437,2.227661918185609,0.32951289398280803,0.07449856733524356,14,8,0.22920517560073936,24,4.436229205175601,P29590,P29590,,PML,False,882
305,242,0.7934426229508197,87.4622727272727,2.4270228690996984,0.5085714285714286,0.17142857142857143,20,8,0.23553719008264462,31,12.8099173553719,P28328,P28328,,PEX2,False,305
906,420,0.46357615894039733,92.00157142857144,1.2729048312011992,0.2680851063829787,0.08085106382978724,5,1,0.22857142857142856,20,4.761904761904762,P22681,P22681,,CBL,False,906
1893,826,0.4363444268357105,88.6436440677966,1.5661887923276272,0.325187969924812,0.08082706766917293,10,10,0.21307506053268765,25,3.026634382566586,P21675,P21675,,TAF1,False,1893
483,405,0.8385093167701864,92.06555555555555,1.3366403564354439,0.26063829787234044,0.06914893617021277,4,0,0.1925925925925926,31,7.654320987654321,O95522,O95522,,PRAMEF12,False,483
575,239,0.4156521739130435,88.5073640167364,2.0444486468970227,0.31137724550898205,0.07784431137724551,9,3,0.19665271966527198,20,8.368200836820083,O95628,O95628,,CNOT4,False,575
925,835,0.9027027027027027,89.82032335329342,1.1729026152301836,0.2566585956416465,0.0847457627118644,4,0,0.18083832335329342,19,2.2754491017964074,O95786,O95786,,RIGI,False,925
361,284,0.7867036011080333,92.23890845070422,1.2406387391889229,0.494949494949495,0.13131313131313133,90,1,0.33098591549295775,94,33.098591549295776,O96008,O96008,,TOMM40,False,361
543,366,0.6740331491712708,91.80622950819672,1.4873285878686235,0.2391304347826087,0.043478260869565216,5,1,0.1994535519125683,20,5.46448087431694,O96017,O96017,,CHEK2,False,543
1130,523,0.46283185840707963,92.85931166347991,1.1634925172095247,0.26848249027237353,0.07782101167315175,6,1,0.23518164435946462,44,8.413001912045889,P00519,P00519,,ABL1,False,1130
165,152,0.9212121212121213,88.71684210526317,1.503301610018427,0.3157894736842105,0.06315789473684211,6,2,0.20394736842105263,13,8.552631578947368,P05161,P05161,,ISG15,False,165
532,473,0.8890977443609023,92.9685623678647,2.8380630271834812,0.2935153583617747,0.040955631399317405,16,2,0.19661733615221988,21,4.439746300211417,P05362,P05362,,ICAM1,False,532
278,182,0.6546762589928058,89.90082417582417,1.2606386105028964,0.35106382978723405,0.10638297872340426,10,1,0.2032967032967033,11,6.043956043956044,P0C0E4,P0C0E4,,RAB40AL,False,278
286,246,0.8601398601398601,95.87813008130081,1.2163079927024762,0.3130434782608696,0.08695652173913043,6,1,0.1910569105691057,12,4.878048780487805,P0C2W1,P0C2W1,,FBXO45,False,286
685,653,0.9532846715328467,90.13384379785604,1.3379498267168528,0.1731266149870801,0.04392764857881137,3,0,0.1439509954058193,4,0.6125574272588056,P0CG48,P0CG48,,UBC,False,685
452,379,0.838495575221239,91.70641160949867,1.6667595353906897,0.2613065326633166,0.1407035175879397,6,1,0.18997361477572558,17,4.485488126649076,P0CI25,P0CI25,,TRIM49,False,452
452,374,0.827433628318584,91.71542780748663,1.6738881480434429,0.26262626262626265,0.13131313131313133,6,1,0.1925133689839572,25,6.684491978609626,P0CI26,P0CI26,,TRIM49C,False,452
641,594,0.9266770670826833,92.4325925925926,1.1685188752452995,0.21014492753623187,0.043478260869565216,4,0,0.1750841750841751,40,6.7340067340067336,P0DMV8,P0DMV8,,HSPA1A,False,641
641,585,0.9126365054602185,92.80242735042735,1.1676434583241941,0.21509433962264152,0.045283018867924525,4,0,0.17606837606837608,39,6.666666666666667,P0DMV9,P0DMV9,,HSPA1B,False,641
478,399,0.8347280334728033,91.11719298245616,1.343518236361331,0.2631578947368421,0.08947368421052632,3,0,0.18045112781954886,11,2.756892230576441,P0DUQ1,P0DUQ1,,PRAMEF15,False,478
478,397,0.8305439330543933,91.55861460957178,1.3409016258090922,0.27225130890052357,0.09424083769633508,4,0,0.17884130982367757,11,2.770780856423174,P0DUQ2,P0DUQ2,,PRAMEF9,False,478
449,322,0.7171492204899778,89.26826086956521,1.8895843646044472,0.14285714285714285,0.05142857142857143,4,0,0.15217391304347827,6,1.8633540372670807,P10909,P10909,,CLU,False,449
513,469,0.9142300194931774,92.61744136460555,2.444481587468808,0.36764705882352944,0.08529411764705883,14,9,0.21748400852878466,17,3.624733475479744,P14373,P14373,,TRIM27,False,513
1043,829,0.7948226270373921,92.21668275030157,1.674271445104656,0.27927927927927926,0.09234234234234234,8,5,0.195416164053076,24,2.8950542822677927,P15918,P15918,,RAG1,False,1043
475,449,0.9452631578947368,92.89953229398664,2.660615779064534,0.34448160535117056,0.07023411371237458,12,3,0.19599109131403117,17,3.78619153674833,P19474,P19474,,TRIM21,False,475
790,518,0.6556962025316456,89.16679536679537,1.2901027526969933,0.250936329588015,0.0898876404494382,4,0,0.16602316602316602,10,1.9305019305019304,P21580,P21580,,TNFAIP3,False,790
193,150,0.7772020725388601,97.05419999999998,1.2894461144136784,0.35294117647058826,0.058823529411764705,5,2,0.25333333333333335,27,18.0,P51965,P51965,,UBE2E1,False,193
331,326,0.9848942598187311,97.19978527607363,1.0401058546105468,0.25757575757575757,0.09848484848484848,3,0,0.21779141104294478,27,8.282208588957054,P53611,P53611,,RABGGTB,False,331
493,422,0.8559837728194726,93.57765402843603,1.4272067315695258,0.24774774774774774,0.0945945945945946,5,1,0.19194312796208532,26,6.161137440758294,O95376,O95376,,ARIH2,False,493
507,231,0.4556213017751479,86.2600432900433,1.6821223141940287,0.38235294117647056,0.1588235294117647,8,3,0.19047619047619047,6,2.5974025974025974,Q13064,Q13064,,MKRN3,False,507
1052,697,0.6625475285171103,91.44028694404591,1.2759994156989387,0.28023598820059,0.038348082595870206,8,1,0.19799139167862267,18,2.582496413199426,Q05397,Q05397,,PTK2,False,1052
673,239,0.3551263001485884,81.66535564853557,1.9903628970814056,0.24390243902439024,0.12195121951219512,4,0,0.18828451882845187,8,3.3472803347280333,Q05516,Q05516,,ZBTB16,False,673
406,229,0.5640394088669951,88.00615720524017,1.6699585864355901,0.3411764705882353,0.07058823529411765,11,3,0.1703056768558952,7,3.056768558951965,Q06587,Q06587,,RING1,False,406
578,519,0.8979238754325259,90.75556840077071,1.2042259785633311,0.3511450381679389,0.09923664122137404,9,3,0.22736030828516376,65,12.524084778420038,Q0D2K2,Q0D2K2,,KLHL30,False,578
278,185,0.6654676258992805,90.8511891891892,1.1954439876287928,0.37362637362637363,0.08791208791208792,8,2,0.21621621621621623,9,4.864864864864865,Q12829,Q12829,,RAB40B,False,278
499,373,0.7474949899799599,94.73833780160857,1.3535556855340982,0.3089887640449438,0.09550561797752809,8,3,0.18230563002680966,32,8.579088471849866,Q12834,Q12834,,CDC20,False,499
539,449,0.8330241187384044,91.1863697104677,2.3153364606634836,0.3234323432343234,0.07920792079207921,10,7,0.17817371937639198,10,2.2271714922048997,Q12899,Q12899,,TRIM26,False,539
501,471,0.9401197604790419,93.01371549893844,2.1794905397708813,0.36607142857142855,0.0625,18,6,0.1740976645435244,9,1.910828025477707,Q12933,Q12933,,TRAF2,False,501
1120,645,0.5758928571428571,82.96722480620156,2.4393906493808695,0.30699774266365687,0.07674943566591422,12,4,0.15658914728682172,15,2.3255813953488373,Q12986,Q12986,,NFX1,False,1120
620,479,0.7725806451612903,90.23720250521922,1.3379098867910149,0.31004366812227074,0.13100436681222707,7,1,0.26931106471816285,28,5.845511482254697,Q13042,Q13042,,CDC16,False,620
653,509,0.77947932618683,87.64671905697445,2.5010061251121423,0.3503184713375796,0.07961783439490445,16,8,0.18467583497053044,19,3.732809430255403,Q13049,Q13049,,TRIM32,False,653
416,285,0.6850961538461539,94.25621052631578,2.5125967289717077,0.3842364532019704,0.08374384236453201,23,5,0.14736842105263157,13,4.56140350877193,Q13077,Q13077,,TRAF1,False,416
2025,1066,0.5264197530864198,85.10232645403379,1.3845919907647346,0.2872503840245776,0.06758832565284179,9,5,0.19324577861163228,26,2.4390243902439024,P53804,P53804,,TTC3,False,2025
568,520,0.9154929577464789,92.1633846153846,1.8289030473244312,0.32620320855614976,0.0748663101604278,22,6,0.18461538461538463,11,2.1153846153846154,Q13114,Q13114,,TRAF3,False,568
982,420,0.42769857433808556,90.95799999999998,1.306850011093414,0.27586206896551724,0.10344827586206896,6,2,0.24285714285714285,50,11.904761904761903,Q13191,Q13191,,CBLB,False,982
396,365,0.9217171717171717,95.7609315068493,1.0505433445850676,0.25157232704402516,0.06918238993710692,4,0,0.1589041095890411,27,7.397260273972603,Q13216,Q13216,,ERCC8,False,396
1512,659,0.43584656084656087,87.19203338391503,1.2086460584508312,0.30333333333333334,0.07,5,2,0.2276176024279211,43,6.525037936267071,Q13233,Q13233,,MAP3K1,False,1512
835,427,0.511377245508982,88.5772131147541,2.6183142905312606,0.3498452012383901,0.08978328173374613,25,4,0.17798594847775176,12,2.810304449648712,Q13263,Q13263,,TRIM28,False,835
424,321,0.7570754716981132,95.68763239875389,1.2828720818592463,0.2709677419354839,0.12903225806451613,3,0,0.1308411214953271,10,3.115264797507788,Q13309,Q13309,,SKP2,False,424
520,422,0.8115384615384615,88.09556872037915,2.2524138212184415,0.31954887218045114,0.12030075187969924,7,4,0.19194312796208532,16,3.7914691943127963,Q13356,Q13356,,PPIL2,False,520
147,140,0.9523809523809523,96.29464285714286,1.244041374067624,0.3333333333333333,0.03571428571428571,5,2,0.19285714285714287,9,6.428571428571428,Q13404,Q13404,,UBE2V1,False,147
485,227,0.46804123711340206,86.60383259911895,1.7270245445387313,0.3619631901840491,0.17177914110429449,5,2,0.20704845814977973,8,3.524229074889868,Q13434,Q13434,,MKRN4P,False,485
144,115,0.7986111111111112,92.05721739130432,3.184862986285019,0.46153846153846156,0.057692307692307696,16,3,0.17391304347826086,15,13.043478260869565,Q13503,Q13503,,MED21,False,144
163,147,0.901840490797546,96.74598639455782,1.2547724444997093,0.23255813953488372,0.05813953488372093,3,0,0.19047619047619047,8,5.442176870748299,Q13526,Q13526,,PIN1,False,163
875,712,0.8137142857142857,90.51431179775281,1.2535464595396635,0.2714285714285714,0.08857142857142856,13,5,0.20365168539325842,24,3.3707865168539324,Q05086,Q05086,,UBE3A,False,875
297,208,0.7003367003367004,89.626875,3.0635545652160787,0.2804878048780488,0.03048780487804878,6,1,0.17307692307692307,14,6.730769230769231,Q04323,Q04323,,UBXN1,False,297
205,114,0.5560975609756098,89.59499999999998,2.487451998392629,0.4482758620689655,0.06896551724137931,21,1,0.21052631578947367,9,7.894736842105263,Q01151,Q01151,,CD83,False,205
904,644,0.7123893805309734,85.89723602484472,1.4122571758814109,0.36548223350253806,0.12944162436548223,10,8,0.2204968944099379,17,2.639751552795031,Q008S8,Q008S8,,ECT2L,False,904
806,690,0.8560794044665012,87.87713043478261,1.2359599175806484,0.2773109243697479,0.0700280112044818,8,3,0.21159420289855072,35,5.072463768115942,P55072,P55072,,VCP,False,806
322,286,0.8881987577639752,94.79853146853148,1.078514322388868,0.2867132867132867,0.0979020979020979,6,1,0.19230769230769232,37,12.937062937062937,P55735,P55735,,SEC13,False,322
925,794,0.8583783783783784,92.99061712846348,1.1507274745667342,0.3524590163934426,0.03551912568306011,13,5,0.20277078085642317,47,5.919395465994962,P57737,P57737,,CORO7,False,925
412,383,0.9296116504854369,93.50848563968668,1.1404235648508254,0.3446327683615819,0.1016949152542373,12,3,0.18276762402088773,22,5.7441253263707575,P57775,P57775,,FBXW4,False,412
1061,847,0.7983034872761545,89.26010625737898,1.3075668035532606,0.25071225071225073,0.09116809116809117,5,1,0.17237308146399055,13,1.5348288075560803,P59046,P59046,,NLRP12,False,1061
121,56,0.4628099173553719,84.78571428571429,3.759230355814711,0.44642857142857145,0.10714285714285714,7,2,0.017857142857142856,0,0.0,P60006,P60006,,ANAPC15,False,121
165,164,0.9939393939393939,94.6194512195122,1.2477452883047477,0.33695652173913043,0.05434782608695652,7,2,0.21341463414634146,25,15.24390243902439,P60604,P60604,,UBE2G2,False,165
191,178,0.9319371727748691,96.09314606741574,1.154003856873276,0.3333333333333333,0.0967741935483871,5,1,0.20786516853932585,12,6.741573033707865,P60953,P60953,,CDC42,False,191
147,147,1.0,96.37918367346937,1.269862222445038,0.3,0.0875,6,1,0.2653061224489796,21,14.285714285714285,P61077,P61077,,UBE2D3,False,147
183,158,0.8633879781420765,97.39670886075949,1.2864892735075137,0.25,0.07142857142857142,3,0,0.2088607594936709,20,12.658227848101266,P61081,P61081,,UBE2M,False,183
200,200,1.0,96.68615000000001,1.2901117960405006,0.32710280373831774,0.028037383177570093,5,1,0.21,19,9.5,P61086,P61086,,UBE2K,False,200
152,150,0.9868421052631579,96.154,1.2678381271801082,0.3793103448275862,0.05747126436781609,5,2,0.2866666666666667,43,28.666666666666668,P61088,P61088,,UBE2N,False,152
342,322,0.9415204678362573,95.55009316770186,1.0233089843294776,0.2867132867132867,0.0979020979020979,6,2,0.20186335403726707,11,3.4161490683229814,P61962,P61962,,DCAF7,False,342
170,168,0.9882352941176471,94.44928571428571,1.2399284889829985,0.2857142857142857,0.05102040816326531,6,1,0.21428571428571427,29,17.261904761904763,P62253,P62253,,UBE2G1,False,170
183,158,0.8633879781420765,96.24765822784808,1.2738702292290596,0.28888888888888886,0.05555555555555555,4,0,0.18354430379746836,13,8.227848101265822,P62256,P62256,,UBE2H,False,183
121,111,0.9173553719008265,96.07891891891894,1.2900822422931861,0.26153846153846155,0.09230769230769231,3,0,0.15315315315315314,5,4.504504504504505,P62699,P62699,,YPEL5,False,121
147,147,1.0,96.47306122448978,1.2678200317517316,0.28205128205128205,0.10256410256410256,6,1,0.272108843537415,22,14.965986394557824,P62837,P62837,,UBE2D2,False,147
108,78,0.7222222222222222,87.24410256410258,2.1934682057148307,0.45614035087719296,0.14035087719298245,9,1,0.16666666666666666,12,15.384615384615385,P62877,P62877,,RBX1,False,108
152,150,0.9868421052631579,96.22633333333334,1.2641722959922004,0.25842696629213485,0.06741573033707865,5,1,0.21333333333333335,23,15.333333333333332,P63146,P63146,,UBE2B,False,152
163,148,0.9079754601226994,92.7945945945946,1.5964232940382612,0.28431372549019607,0.058823529411764705,5,1,0.19594594594594594,13,8.783783783783784,P63208,P63208,,SKP1,False,163
154,154,1.0,95.54246753246754,1.2695931476619748,0.25,0.045454545454545456,4,0,0.18831168831168832,12,7.792207792207792,P68036,P68036,,UBE2L3,False,154
509,412,0.8094302554027505,89.92235436893205,1.3694201922574938,0.29292929292929293,0.09595959595959595,13,2,0.2087378640776699,25,6.067961165048544,P78395,P78395,,PRAME,False,509
292,271,0.928082191780822,93.76118081180812,1.1796269999797178,0.2857142857142857,0.045112781954887216,8,1,0.1881918819188192,12,4.428044280442804,Q00535,Q00535,,CDK5,False,292
474,380,0.8016877637130801,89.59263157894738,1.3776715467477028,0.2737430167597765,0.1340782122905028,7,2,0.20526315789473684,9,2.368421052631579,O95521,O95521,,PRAMEF1,False,474
564,438,0.776595744680851,89.41109589041095,2.312139001086795,0.37216828478964403,0.08414239482200647,22,7,0.1872146118721461,11,2.5114155251141552,O95361,O95361,,TRIM16,False,564
811,372,0.45869297163995065,90.87653225806451,1.5256703227278532,0.33755274261603374,0.10548523206751055,9,4,0.20698924731182797,18,4.838709677419355,Q8N5U6,Q8N5U6,,RNF10,False,811
581,167,0.2874354561101549,87.01065868263473,1.471443278816797,0.44329896907216493,0.13402061855670103,8,2,0.16766467065868262,6,3.592814371257485,O14512,O14512,,SOCS7,False,581
287,267,0.9303135888501742,93.8670786516854,1.5603922108583785,0.29333333333333333,0.04666666666666667,11,2,0.18726591760299627,29,10.861423220973784,F8VTS6,F8VTS6,,RFPL4AL1,False,287
478,399,0.8347280334728033,91.23751879699249,1.3420570963544127,0.2578947368421053,0.07894736842105263,4,0,0.18546365914786966,13,3.258145363408521,H0Y7S4,H0Y7S4,,PRAMEF26,False,478
450,360,0.8,89.48841666666667,2.558429845538456,0.3765182186234818,0.10526315789473684,16,6,0.19444444444444445,13,3.6111111111111107,I1YAP6,I1YAP6,,TRIM77,False,450
329,130,0.3951367781155015,87.01723076923076,2.307047949750661,0.5934065934065934,0.06593406593406594,25,4,0.25384615384615383,24,18.461538461538463,M0QZC1,M0QZC1,,RNF225,False,329
685,487,0.710948905109489,84.62328542094454,1.5228489054998702,0.4295774647887324,0.1443661971830986,20,6,0.24229979466119098,29,5.95482546201232,O00237,O00237,,RNF103,False,685
870,635,0.7298850574712644,89.67829921259843,1.1888206328999205,0.24925816023738873,0.09495548961424333,6,3,0.22992125984251968,70,11.023622047244094,O00308,O00308,,WWP2,False,870
557,499,0.895870736086176,91.39787575150301,1.9709166601431363,0.3267605633802817,0.08450704225352113,12,8,0.17635270541082165,14,2.80561122244489,O00463,O00463,,TRAF5,False,557
359,290,0.807799442896936,86.78455172413793,1.5579533004384924,0.5119617224880383,0.15311004784688995,29,6,0.2620689655172414,33,11.379310344827587,O00623,O00623,,PEX12,False,359
465,422,0.9075268817204301,90.12914691943128,2.4555341009363487,0.2857142857142857,0.09407665505226481,9,6,0.18009478672985782,11,2.6066350710900474,O00635,O00635,,TRIM38,False,465
179,148,0.8268156424581006,96.5727027027027,1.2752486620934496,0.3,0.07777777777777778,5,2,0.25675675675675674,22,14.864864864864865,O00762,O00762,,UBE2C,False,179
198,148,0.7474747474747475,94.27466216216216,1.2888426184626633,0.3409090909090909,0.10227272727272728,6,2,0.19594594594594594,9,6.081081081081082,O14508,O14508,,SOCS2,False,198
225,146,0.6488888888888888,83.8913698630137,1.301178247052743,0.30952380952380953,0.09523809523809523,5,2,0.19863013698630136,7,4.794520547945205,O14543,O14543,,SOCS3,False,225
211,159,0.7535545023696683,93.54452830188679,1.27174442527193,0.35051546391752575,0.10309278350515463,6,2,0.18238993710691823,6,3.7735849056603774,O15524,O15524,,SOCS1,False,211
535,141,0.2635514018691589,89.05014184397163,1.5209884874024693,0.32926829268292684,0.10975609756097561,6,2,0.15602836879432624,4,2.8368794326241136,O14544,O14544,,SOCS6,False,535
419,401,0.9570405727923628,94.26508728179552,1.3102101834230455,0.27601809954751133,0.08597285067873303,7,2,0.22942643391521197,21,5.236907730673317,O14929,O14929,,HAT1,False,419
153,152,0.9934640522875817,95.36953947368423,1.2648531726959342,0.3409090909090909,0.056818181818181816,5,3,0.23026315789473684,18,11.842105263157894,O14933,O14933,,UBE2L6,False,153
403,254,0.630272952853598,95.13421259842521,1.1758682012790114,0.2644628099173554,0.1322314049586777,5,1,0.19291338582677164,18,7.086614173228346,O14965,O14965,,AURKA,False,403
2357,383,0.16249469664828173,90.07483028720628,1.563675180404367,0.3380281690140845,0.08450704225352113,16,1,0.2454308093994778,30,7.83289817232376,O15027,O15027,,SEC16A,False,2357
823,717,0.8712029161603888,89.36140864714088,1.2206114052396084,0.3108108108108108,0.11621621621621622,17,4,0.2217573221757322,34,4.741980474198047,O15033,O15033,,AREL1,False,823
426,260,0.6103286384976526,92.61323076923078,1.2154895584734815,0.2748091603053435,0.09923664122137404,6,1,0.20384615384615384,10,3.8461538461538463,O15105,O15105,,SMAD7,False,426
490,169,0.3448979591836735,92.0112426035503,1.8815555572509766,0.30097087378640774,0.11650485436893204,6,1,0.20118343195266272,10,5.9171597633136095,O15151,O15151,,MDM4,False,490
1050,488,0.46476190476190476,89.09643442622951,2.351938359447038,0.36752136752136755,0.10541310541310542,10,9,0.18237704918032788,12,2.459016393442623,O15164,O15164,,TRIM24,False,1050
862,332,0.3851508120649652,89.99930722891567,1.7975400768858376,0.32270916334661354,0.04780876494023904,12,7,0.1566265060240964,12,3.614457831325301,O15169,O15169,,AXIN1,False,862
667,587,0.8800599700149925,91.29078364565588,2.274353840219602,0.330749354005168,0.08527131782945736,8,6,0.18739352640545145,21,3.577512776831346,O15344,O15344,,MID1,False,667
249,131,0.5261044176706827,91.01900763358779,2.227136445656943,0.5714285714285714,0.0989010989010989,20,3,0.22137404580152673,16,12.213740458015266,E7ERA6,E7ERA6,,RNF223,False,249
458,430,0.9388646288209607,92.87453488372094,1.1056683821883067,0.38571428571428573,0.09047619047619047,7,2,0.26976744186046514,51,11.86046511627907,C9JR72,C9JR72,,KBTBD13,False,458
291,269,0.9243986254295533,94.6372118959108,1.517460847321496,0.3904109589041096,0.0821917808219178,7,5,0.21561338289962825,21,7.806691449814126,C9JJ37,C9JJ37,,BTBD19,False,291
452,387,0.8561946902654868,91.39868217054264,1.6444383792133954,0.2669902912621359,0.13106796116504854,5,1,0.1937984496124031,13,3.359173126614987,C9J1S8,C9J1S8,,TRIM49D1,False,452
452,401,0.8871681415929203,90.76870324189527,2.7210076781117145,0.34814814814814815,0.1259259259259259,18,3,0.2119700748129676,18,4.488778054862843,A0A3B3IT33,A0A3B3IT33,,TRIM51G,False,452
345,128,0.3710144927536232,82.95015624999999,2.073771617768804,0.5894736842105263,0.10526315789473684,18,3,0.2109375,6,4.6875,A0A7I2V3R4,A0A7I2V3R4,,RNF228,False,345
362,341,0.9419889502762431,90.3082991202346,1.6381940009868272,0.4413145539906103,0.07981220657276995,33,4,0.24633431085043989,25,7.331378299120235,A0AVI4,A0AVI4,,TMEM129,False,362
161,148,0.9192546583850931,94.09729729729729,1.212031759676399,0.275,0.1,4,0,0.2635135135135135,24,16.216216216216218,A1L167,A1L167,,UBE2QL1,False,161
481,409,0.8503118503118503,89.89929095354523,1.3751621852927323,0.2617801047120419,0.06806282722513089,6,1,0.18581907090464547,25,6.112469437652812,A3QJZ6,A3QJZ6,,PRAMEF22,False,481
478,392,0.8200836820083682,90.43576530612243,1.340747511153323,0.2737430167597765,0.09497206703910614,4,0,0.18877551020408162,12,3.061224489795918,A3QJZ7,A3QJZ7,,PRAMEF27,False,478
446,407,0.9125560538116592,91.15186732186731,1.6080082398745141,0.2669902912621359,0.12135922330097088,7,1,0.1941031941031941,27,6.6339066339066335,A6NCK2,A6NCK2,,TRIM43B,False,446
452,389,0.8606194690265486,90.88017994858612,1.6399320978321144,0.2731707317073171,0.13170731707317074,8,1,0.18251928020565553,16,4.113110539845758,A6NDI0,A6NDI0,,TRIM49B,False,452
478,399,0.8347280334728033,91.94997493734336,1.3432311073585337,0.31100478468899523,0.07655502392344497,10,2,0.22305764411027568,42,10.526315789473683,A6NE02,A6NE02,,BTBD17,False,478
449,387,0.8619153674832962,90.65550387596902,2.6905581101050706,0.3745173745173745,0.0888030888030888,14,6,0.2041343669250646,30,7.751937984496124,A6NGJ6,A6NGJ6,,TRIM64,False,449
478,400,0.8368200836820083,91.17835,1.3458346366882323,0.25263157894736843,0.08947368421052632,3,0,0.1925,14,3.5000000000000004,A6NGN4,A6NGN4,,PRAMEF25,False,478
449,376,0.8374164810690423,90.725,2.766012660226261,0.375,0.0967741935483871,14,6,0.2074468085106383,22,5.851063829787234,A6NI03,A6NI03,,TRIM64B,False,449
190,96,0.5052631578947369,85.97322916666667,1.6442073987199006,0.373134328358209,0.07462686567164178,6,1,0.19791666666666666,9,9.375,A6NIN4,A6NIN4,,RNF227,False,190
468,417,0.8910256410256411,89.87244604316548,2.4573681527418456,0.3460207612456747,0.07958477508650519,15,9,0.17985611510791366,12,2.877697841726619,A6NK02,A6NK02,,TRIM75,False,468
587,511,0.8705281090289608,92.02802348336596,1.644984488403354,0.31020408163265306,0.12653061224489795,9,2,0.22309197651663404,20,3.9138943248532287,A6NK59,A6NK59,,ASB14,False,587
450,375,0.8333333333333334,89.34184,2.775560647664924,0.390625,0.11328125,16,5,0.18666666666666668,18,4.8,A6NLI5,A6NLI5,,TRIM64C,False,450
287,268,0.9337979094076655,94.077723880597,1.548396017409198,0.3076923076923077,0.05128205128205128,11,2,0.1791044776119403,18,6.7164179104477615,A6NLU0,A6NLU0,,RFPL4A,False,287
402,172,0.42786069651741293,87.00488372093024,2.2141417305022806,0.53125,0.1328125,20,3,0.2616279069767442,35,20.348837209302324,A6NNE9,A6NNE9,,MARCHF11,False,402
1104,732,0.6630434782608695,88.39893442622949,1.352493442893733,0.3268608414239482,0.07766990291262135,7,5,0.21174863387978143,28,3.825136612021858,A6QL63,A6QL63,,ABTB3,False,1104
1837,942,0.5127925966249319,88.88160297239915,1.5643069488376402,0.30248306997742663,0.07674943566591422,14,5,0.2208067940552017,50,5.3078556263269645,A7E2V4,A7E2V4,,ZSWIM8,False,1837
555,343,0.618018018018018,88.66253644314868,1.3036987280677748,0.3181818181818182,0.05194805194805195,7,1,0.19825072886297376,23,6.705539358600583,A8MQ27,A8MQ27,,NEURL1B,False,555
300,130,0.43333333333333335,93.35092307692308,3.7540976597064946,0.39473684210526316,0.13157894736842105,14,3,0.11538461538461539,9,6.923076923076923,A8MTL3,A8MTL3,,RNF212B,False,300
712,132,0.1853932584269663,93.11439393939393,1.5283561191251531,0.3225806451612903,0.07526881720430108,8,2,0.1893939393939394,5,3.787878787878788,B2RXH4,B2RXH4,,BTBD18,False,712
319,187,0.5862068965517241,86.5318181818182,1.5051353633522448,0.25688073394495414,0.07339449541284404,8,1,0.19786096256684493,18,9.62566844919786,O15479,O15479,,MAGEB2,False,319
343,189,0.5510204081632653,83.98783068783068,3.11811325593164,0.34415584415584416,0.14285714285714285,15,1,0.13756613756613756,12,6.349206349206349,O15541,O15541,,RNF113A,False,343
331,317,0.9577039274924471,97.44160883280756,1.1616207679710173,0.31543624161073824,0.10738255033557047,4,0,0.22397476340694006,31,9.779179810725552,O95278,O95278,,EPM2A,False,331
574,358,0.6236933797909407,88.19346368715084,1.167289358015131,0.3559322033898305,0.0847457627118644,5,1,0.2206703910614525,17,4.748603351955307,O76050,O76050,,NEURL1,False,574
536,216,0.40298507462686567,90.93342592592592,1.8043164056193326,0.3560606060606061,0.12121212121212122,7,2,0.18518518518518517,8,3.7037037037037033,O75159,O75159,,SOCS5,False,536
191,170,0.8900523560209425,93.72188235294118,1.3706592453706057,0.29411764705882354,0.11764705882352941,12,2,0.21764705882352942,12,7.0588235294117645,O75340,O75340,,PDCD6,False,191
114,113,0.9912280701754386,95.32530973451325,1.3496941378535177,0.29333333333333333,0.05333333333333334,4,0,0.23008849557522124,17,15.04424778761062,O75368,O75368,,SH3BGRL,False,114
744,642,0.8629032258064516,89.9867601246106,1.7671167612981393,0.34517766497461927,0.06852791878172589,18,7,0.16822429906542055,21,3.2710280373831773,O75382,O75382,,TRIM3,False,744
580,426,0.7344827586206897,87.60014084507043,1.1960371363597297,0.3712871287128713,0.12871287128712872,10,2,0.2300469483568075,18,4.225352112676056,O75426,O75426,,FBXO24,False,580
802,486,0.6059850374064838,87.0008024691358,1.3550969563705382,0.2602040816326531,0.061224489795918366,5,1,0.18106995884773663,22,4.526748971193416,O75582,O75582,,RPS6KA5,False,802
246,162,0.6585365853658537,91.73253086419751,1.9888205423018424,0.4921875,0.125,33,3,0.17901234567901234,16,9.876543209876543,O75586,O75586,,MED6,False,246
317,265,0.8359621451104101,92.7840754716981,1.5832206224887133,0.28,0.08,6,2,0.1660377358490566,9,3.3962264150943398,O75677,O75677,,RFPL1,False,317
378,257,0.6798941798941799,90.73832684824903,1.5390310397105689,0.28169014084507044,0.04929577464788732,5,2,0.1828793774319066,9,3.501945525291829,O75678,O75678,,RFPL2,False,378
317,266,0.8391167192429022,92.53860902255639,1.518471580302639,0.2937062937062937,0.055944055944055944,6,2,0.16165413533834586,7,2.631578947368421,O75679,O75679,,RFPL3,False,317
485,359,0.7402061855670103,90.24637883008357,2.8700346729464097,0.3155893536121673,0.07224334600760456,10,5,0.1615598885793872,13,3.6211699164345403,O76064,O76064,,RNF8,False,485
781,491,0.6286811779769527,92.60979633401223,2.069114324569688,0.32432432432432434,0.08408408408408409,11,5,0.19144602851323828,24,4.887983706720977,O15553,O15553,,MEFV,False,781
1766,1448,0.8199320498301246,87.11078038674033,1.3396492577595727,0.2523364485981308,0.06697819314641744,5,1,0.20096685082872928,27,1.8646408839779007,O94822,O94822,,LTN1,False,1766
574,561,0.9773519163763066,94.39522281639928,1.237967537168091,0.29136690647482016,0.08273381294964029,7,2,0.20855614973262032,55,9.803921568627452,O94889,O94889,,KLHL18,False,574
339,292,0.8613569321533924,92.06506849315069,3.557456793072691,0.4222222222222222,0.08444444444444445,27,5,0.15753424657534246,10,3.4246575342465753,O94905,O94905,,ERLIN2,False,339
541,327,0.6044362292051756,89.65886850152904,1.6372043048283664,0.34054054054054056,0.0972972972972973,7,3,0.1926605504587156,13,3.9755351681957185,O94941,O94941,,UBOX5,False,541
628,543,0.8646496815286624,90.67465930018416,1.3106725150303562,0.3111888111888112,0.09090909090909091,8,4,0.22283609576427257,19,3.4990791896869244,O94952,O94952,,FBXO21,False,628
964,451,0.4678423236514523,92.54554323725056,2.3158187614097665,0.3520710059171598,0.09171597633136094,19,5,0.18403547671840353,19,4.212860310421286,O94972,O94972,,TRIM37,False,964
1302,950,0.7296466973886329,91.48330526315789,1.3258190210668626,0.2657952069716776,0.04357298474945534,5,1,0.20526315789473684,31,3.263157894736842,O95155,O95155,,UBE4B,False,1302
117,115,0.9829059829059829,95.52373913043478,1.2630895976442298,0.3088235294117647,0.1323529411764706,3,0,0.20869565217391303,7,6.086956521739131,O95166,O95166,,GABARAP,False,117
752,447,0.5944148936170213,87.66288590604026,2.1238671628629686,0.3287671232876712,0.1004566210045662,8,2,0.203579418344519,31,6.935123042505594,O95170,O95170,,FBXW10B,False,752
593,558,0.9409780775716695,95.19125448028674,1.3496797872313249,0.29432624113475175,0.07446808510638298,13,1,0.2222222222222222,53,9.498207885304659,O95198,O95198,,KLHL2,False,593
1236,1144,0.9255663430420712,90.16764860139861,1.1349591625355546,0.30812854442344045,0.06427221172022685,8,4,0.1888111888111888,25,2.1853146853146854,O75155,O75155,,CAND2,False,1236
1001,705,0.7042957042957043,85.78486524822694,3.873300167805976,0.3528550512445095,0.05417276720351391,24,18,0.08085106382978724,8,1.1347517730496455,O75150,O75150,,RNF40,False,1001
1896,1590,0.8386075949367089,83.10967295597484,1.409553015589003,0.32383966244725737,0.07067510548523206,13,10,0.21823899371069183,19,1.1949685534591197,O75147,O75147,,OBSL1,False,1896
896,463,0.5167410714285714,93.27518358531319,1.4369179788262414,0.30633802816901406,0.06338028169014084,10,4,0.21814254859611232,21,4.535637149028078,O75113,O75113,,N4BP1,False,896
708,105,0.1483050847457627,85.68171428571428,2.4421798438650537,0.43209876543209874,0.08641975308641975,17,1,0.17142857142857143,4,3.8095238095238098,O43164,O43164,,PJA2,False,708
324,255,0.7870370370370371,94.06933333333333,1.4814104052846524,0.32450331125827814,0.09271523178807947,6,1,0.19215686274509805,17,6.666666666666667,O43255,O43255,,SIAH2,False,324
540,375,0.6944444444444444,92.27768000000002,1.259169709941019,0.3282051282051282,0.08205128205128205,8,2,0.19466666666666665,21,5.6000000000000005,O43353,O43353,,RIPK2,False,540
233,178,0.7639484978540773,88.81994382022471,2.3198448098306064,0.4658385093167702,0.08695652173913043,19,6,0.16853932584269662,13,7.303370786516854,O43513,O43513,,MED7,False,233
381,255,0.6692913385826772,88.64494117647058,2.7740359636192564,0.40476190476190477,0.09523809523809523,22,4,0.21568627450980393,15,5.88235294117647,O43567,O43567,,RNF13,False,381
1085,524,0.48294930875576036,89.79948473282442,1.2378055174470337,0.29152542372881357,0.12203389830508475,10,1,0.22137404580152673,25,4.770992366412214,O43683,O43683,,BUB1,False,1085
328,322,0.9817073170731707,96.84503105590062,1.023992869526108,0.2692307692307692,0.09230769230769231,3,0,0.1956521739130435,29,9.006211180124224,O43684,O43684,,BUB3,False,328
574,153,0.2665505226480836,88.69967320261438,1.6120590487840731,0.36904761904761907,0.05952380952380952,8,3,0.1830065359477124,8,5.228758169934641,O43734,O43734,,TRAF3IP2,False,574
374,332,0.8877005347593583,94.75250000000001,1.6428834471660192,0.3058252427184466,0.06796116504854369,9,3,0.20481927710843373,24,7.228915662650602,O43791,O43791,,SPOP,False,374
465,370,0.7956989247311828,88.28548648648648,1.3331390770111056,0.26,0.055,4,0,0.1945945945945946,13,3.5135135135135136,O60260,O60260,,PRKN,False,465
552,295,0.5344202898550725,89.85816949152543,1.2473881400692737,0.36257309941520466,0.09941520467836257,10,1,0.2745762711864407,32,10.847457627118644,O60291,O60291,,MGRN1,False,552
910,706,0.7758241758241758,87.96039660056657,1.3483848655700352,0.5932539682539683,0.16071428571428573,45,16,0.358356940509915,202,28.611898016997166,O60337,O60337,,MARCHF6,False,910
1076,669,0.6217472118959108,86.8437817638266,1.602028550840388,0.29213483146067415,0.07303370786516854,9,4,0.2077727952167414,23,3.43796711509716,O60524,O60524,,NEMF,False,1076
606,583,0.9620462046204621,95.26126929674099,1.3022147079395399,0.31210191082802546,0.041401273885350316,13,4,0.22126929674099485,44,7.547169811320755,O60662,O60662,,KLHL41,False,606
326,271,0.8312883435582822,88.7081180811808,1.7156005611195881,0.4973821989528796,0.13612565445026178,35,4,0.2767527675276753,55,20.29520295202952,O60683,O60683,,PEX10,False,326
474,339,0.7151898734177216,88.3947197640118,1.487539762562953,0.2848101265822785,0.12658227848101267,4,0,0.20648967551622419,26,7.669616519174041,O60809,O60809,,PRAMEF10,False,474
478,397,0.8305439330543933,91.54272040302267,1.3425572257237932,0.26842105263157895,0.09473684210526316,4,0,0.18387909319899245,11,2.770780856423174,O60810,O60810,,PRAMEF4,False,478
474,390,0.8227848101265823,88.5573846153846,1.3986334798620652,0.27956989247311825,0.13440860215053763,9,1,0.1641025641025641,12,3.076923076923077,O60811,O60811,,PRAMEF2,False,474
478,393,0.8221757322175732,91.32508905852416,1.3533209590060706,0.26063829787234044,0.0797872340425532,4,0,0.178117048346056,11,2.7989821882951653,O60813,O60813,,PRAMEF11,False,478
627,486,0.7751196172248804,87.62154320987655,2.2668745896409375,0.411214953271028,0.0630841121495327,17,15,0.16049382716049382,23,4.732510288065844,O60826,O60826,,CCDC22,False,627
407,294,0.7223587223587223,89.42496598639455,3.416176989050197,0.37916666666666665,0.0875,11,6,0.20748299319727892,16,5.442176870748299,O60858,O60858,,TRIM13,False,407
577,465,0.8058925476603119,93.13952688172043,1.1246527967603925,0.341991341991342,0.06926406926406926,14,4,0.1956989247311828,27,5.806451612903226,O60907,O60907,,TBL1X,False,577
126,54,0.42857142857142855,78.86648148148149,5.71094367739491,0.3888888888888889,0.05555555555555555,5,1,0.0,0,0.0,O60927,O60927,,PPP1R11,False,126
776,721,0.9291237113402062,91.98042995839113,1.7728286699219065,0.22305764411027568,0.045112781954887216,6,2,0.1900138696255201,43,5.9639389736477115,Q13616,Q13616,,CUL1,False,776
745,685,0.9194630872483222,88.17893430656936,1.7929046265603863,0.25203252032520324,0.08943089430894309,11,2,0.22627737226277372,51,7.445255474452554,Q13617,Q13617,,CUL2,False,745
768,709,0.9231770833333334,93.60428772919606,1.8116713773923858,0.20984455958549222,0.05699481865284974,5,1,0.17489421720733428,32,4.513399153737659,Q13618,Q13618,,CUL3,False,768
555,426,0.7675675675675676,93.41298122065726,1.1839384584834243,0.296875,0.08854166666666667,13,3,0.16901408450704225,12,2.8169014084507045,Q7Z6M2,Q7Z6M2,,FBXO33,False,555
396,381,0.9621212121212122,93.12167979002625,1.724927760339588,0.3426294820717131,0.07569721115537849,9,5,0.2335958005249344,18,4.724409448818897,Q7L5Y9,Q7L5Y9,,MAEA,False,396
706,613,0.8682719546742209,92.55329526916802,1.297579545539594,0.2693498452012384,0.10835913312693499,5,1,0.20228384991843393,46,7.504078303425775,Q7L622,Q7L622,,G2E3,False,706
1068,941,0.8810861423220974,90.14249734325186,1.4326722475612865,0.2713347921225383,0.08096280087527352,9,3,0.19341126461211477,17,1.8065887353878853,Q7Z3V4,Q7Z3V4,,UBE3B,False,1068
303,244,0.8052805280528053,89.8661475409836,1.6492283420774592,0.4431818181818182,0.07386363636363637,21,5,0.1680327868852459,9,3.6885245901639343,Q7Z419,Q7Z419,,RNF144B,False,303
85,69,0.8117647058823529,91.30884057971012,1.8751994179544063,0.423728813559322,0.15254237288135594,9,2,0.2463768115942029,17,24.637681159420293,Q7Z4G1,Q7Z4G1,,COMMD6,False,85
592,427,0.7212837837837838,87.80470725995316,2.5075434071540643,0.33774834437086093,0.0728476821192053,9,7,0.1451990632318501,14,3.278688524590164,Q7Z569,Q7Z569,,BRAP,False,592
419,233,0.5560859188544153,93.06948497854077,1.7098672514479871,0.2676056338028169,0.09154929577464789,6,2,0.20600858369098712,10,4.291845493562231,Q7Z5Y7,Q7Z5Y7,,KCTD20,False,419
1792,313,0.17466517857142858,86.31801916932908,2.2712834087897806,0.31196581196581197,0.10256410256410256,8,5,0.17252396166134185,13,4.15335463258786,Q7Z6E9,Q7Z6E9,,RBBP6,False,1792
888,321,0.3614864864864865,91.05554517133957,1.5696674246294549,0.3611111111111111,0.08333333333333333,14,3,0.24610591900311526,21,6.5420560747663545,Q7Z6J0,Q7Z6J0,,SH3RF1,False,888
389,281,0.7223650385604113,91.1006049822064,1.3012004218021125,0.33587786259541985,0.04580152671755725,6,1,0.2277580071174377,15,5.338078291814947,Q7Z6J8,Q7Z6J8,,UBE3D,False,389
402,321,0.7985074626865671,94.37975077881619,1.382346800597499,0.28402366863905326,0.11834319526627218,4,0,0.23052959501557632,14,4.361370716510903,Q7Z6K3,Q7Z6K3,,PTAR1,False,402
674,524,0.7774480712166172,91.44221374045802,1.3240669784786903,0.34328358208955223,0.07462686567164178,11,4,0.20801526717557253,42,8.015267175572518,Q86V97,Q86V97,,KBTBD6,False,674
422,309,0.7322274881516587,90.6577993527508,1.1607623892362393,0.26744186046511625,0.06976744186046512,5,1,0.21359223300970873,22,7.119741100323624,Q7Z7E8,Q7Z7E8,,UBE2Q1,False,422
766,725,0.9464751958224543,93.01875862068964,1.3125807938766267,0.22981366459627328,0.07763975155279502,5,2,0.19034482758620688,18,2.4827586206896552,Q7Z7L7,Q7Z7L7,,ZER1,False,766
256,188,0.734375,92.48781914893617,1.5671013351922363,0.3125,0.140625,8,2,0.18617021276595744,8,4.25531914893617,Q86SE9,Q86SE9,,PCGF5,False,256
592,229,0.38682432432432434,86.73270742358079,2.0674458498808312,0.391304347826087,0.14906832298136646,21,3,0.2096069868995633,17,7.423580786026202,Q86T96,Q86T96,,RNF180,False,592
617,383,0.6207455429497569,89.23177545691907,1.471467363921057,0.5303030303030303,0.14772727272727273,27,9,0.2558746736292428,46,12.010443864229766,Q86TM6,Q86TM6,,SYVN1,False,617
253,156,0.616600790513834,88.75852564102563,2.2183339102783797,0.43478260869565216,0.14782608695652175,34,2,0.16025641025641027,5,3.205128205128205,Q86UD3,Q86UD3,,MARCHF3,False,253
904,401,0.4435840707964602,88.74546134663342,1.718127462106958,0.29457364341085274,0.08527131782945736,9,2,0.20947630922693267,16,3.99002493765586,Q86UK7,Q86UK7,,ZNF598,False,904
332,208,0.6265060240963856,89.89317307692308,2.1271649764894893,0.33116883116883117,0.09090909090909091,7,2,0.18269230769230768,20,9.615384615384617,Q86UT8,Q86UT8,,CENATAC,False,332
250,227,0.908,91.36215859030837,4.2110682341055,0.39690721649484534,0.0979381443298969,9,8,0.14537444933920704,9,3.9647577092511015,Q86UV6,Q86UV6,,TRIM74,False,250
250,232,0.928,90.85771551724137,4.141060146891346,0.3969849246231156,0.09045226130653267,9,8,0.13793103448275862,9,3.8793103448275863,Q86UV7,Q86UV7,,TRIM73,False,250
622,387,0.6221864951768489,92.5729715762274,1.4898652417793716,0.3108108108108108,0.08558558558558559,5,2,0.19638242894056848,23,5.943152454780361,Q86UW9,Q86UW9,,DTX2,False,622
550,506,0.92,91.63762845849803,1.125233534490427,0.3441295546558704,0.13360323886639677,8,2,0.20553359683794467,33,6.521739130434782,Q7L5Y6,Q7L5Y6,,DET1,False,550
389,356,0.9151670951156813,93.23407303370787,2.2796624290525043,0.25365853658536586,0.07804878048780488,6,3,0.14606741573033707,18,5.056179775280898,Q7L273,Q7L273,,KCTD9,False,389
432,100,0.23148148148148148,91.65320000000001,2.140301322937012,0.4342105263157895,0.07894736842105263,8,2,0.16,8,8.0,Q7L0R7,Q7L0R7,,RNF44,False,432
1606,781,0.4863013698630137,88.48984635083228,1.3175179895388118,0.2827102803738318,0.09813084112149532,5,2,0.19718309859154928,17,2.176696542893726,Q76N89,Q76N89,,HECW1,False,1606
974,644,0.6611909650924025,88.99448757763975,1.4203217005671411,0.30994152046783624,0.1023391812865497,13,1,0.2096273291925466,21,3.260869565217391,Q6PJI9,Q6PJI9,,WDR59,False,974
670,536,0.8,92.13307835820896,1.8677747263194275,0.31456953642384106,0.08609271523178808,14,4,0.15111940298507462,25,4.664179104477612,Q6Q0C0,Q6Q0C0,,TRAF7,False,670
311,279,0.8971061093247589,95.33347670250896,1.2095299125964651,0.5763888888888888,0.20833333333333334,24,4,0.3333333333333333,84,30.107526881720432,Q6TCH7,Q6TCH7,,PAQR3,False,311
642,556,0.8660436137071651,94.05744604316547,1.3452134576722183,0.2826086956521739,0.08695652173913043,9,2,0.22302158273381295,44,7.913669064748201,Q6TDP4,Q6TDP4,,KLHL17,False,642
600,544,0.9066666666666666,92.19985294117647,1.4513338612770903,0.30337078651685395,0.10112359550561797,8,2,0.20404411764705882,33,6.0661764705882355,Q6TFL4,Q6TFL4,,KLHL24,False,600
723,573,0.7925311203319502,85.84856893542756,2.3969059267510553,0.3125,0.05803571428571429,23,9,0.12390924956369982,11,1.9197207678883073,Q6UWE0,Q6UWE0,,LRSAM1,False,723
489,386,0.7893660531697342,87.1119689119171,1.3955982500330715,0.5916666666666667,0.14166666666666666,29,8,0.30569948186528495,88,22.797927461139896,Q6UX01,Q6UX01,,LMBR1L,False,489
620,436,0.7032258064516129,94.11279816513762,1.4749158812803946,0.3493975903614458,0.0963855421686747,22,2,0.2018348623853211,32,7.339449541284404,Q6VN20,Q6VN20,,RANBP10,False,620
395,343,0.8683544303797468,90.68883381924198,1.0797908727446799,0.32298136645962733,0.12422360248447205,6,2,0.20408163265306123,33,9.620991253644315,Q6VVB1,Q6VVB1,,NHLRC1,False,395
759,710,0.9354413702239789,93.65839436619719,1.286832843374085,0.2652439024390244,0.07621951219512195,11,1,0.1647887323943662,14,1.971830985915493,Q6WRX3,Q6WRX3,,ZYG11A,False,759
464,428,0.9224137931034483,90.23521028037383,1.0824416193581337,0.3673469387755102,0.12755102040816327,7,4,0.22429906542056074,33,7.710280373831775,Q6X9E4,Q6X9E4,,FBXW12,False,464
477,457,0.9580712788259959,92.36868708971555,2.350441144410022,0.375,0.05448717948717949,37,5,0.2188183807439825,38,8.315098468271334,Q6ZMU5,Q6ZMU5,,TRIM72,False,477
732,285,0.38934426229508196,88.67971929824562,1.803813212901221,0.47572815533980584,0.10679611650485436,50,3,0.2631578947368421,29,10.175438596491228,Q6ZMZ0,Q6ZMZ0,,RNF19B,False,732
994,119,0.11971830985915492,89.10512605042017,1.8429116085646289,0.32989690721649484,0.09278350515463918,5,2,0.10084033613445378,3,2.5210084033613445,Q6ZNA4,Q6ZNA4,,RNF111,False,994
346,99,0.2861271676300578,88.94525252525254,2.287383086273583,0.3684210526315789,0.11842105263157894,7,2,0.13131313131313133,3,3.0303030303030303,Q6ZSG1,Q6ZSG1,,ARK2C,False,346
1888,1429,0.756885593220339,87.70736878936319,1.1889014081043692,0.24077328646748683,0.09314586994727592,7,2,0.1819454163750875,38,2.6592022393282013,Q6ZT12,Q6ZT12,,UBR3,False,1888
275,217,0.7890909090909091,93.35304147465438,1.5673412876802368,0.3793103448275862,0.0603448275862069,7,1,0.2304147465437788,15,6.912442396313365,Q6ZVX7,Q6ZVX7,,NCCRP1,False,275
466,381,0.8175965665236051,89.32325459317586,1.422857349341983,0.28342245989304815,0.08021390374331551,10,2,0.2283464566929134,21,5.511811023622047,Q6ZVZ8,Q6ZVZ8,,ASB18,False,466
473,229,0.48414376321353064,90.42510917030567,1.7980847044744959,0.3561643835616438,0.11643835616438356,8,2,0.1703056768558952,5,2.1834061135371177,Q6ZWB6,Q6ZWB6,,KCTD8,False,473
263,219,0.8326996197718631,88.53557077625571,1.5704606955709204,0.3524590163934426,0.09016393442622951,8,2,0.2146118721461187,14,6.392694063926941,Q6ZWI9,Q6ZWI9,,RFPL4B,False,263
238,189,0.7941176470588235,94.37904761904761,1.2390425970096999,0.28703703703703703,0.06481481481481481,5,1,0.21693121693121692,31,16.402116402116402,Q712K3,Q712K3,,UBE2R2,False,238
257,215,0.8365758754863813,93.42990697674419,2.0508359165938366,0.2827586206896552,0.08275862068965517,6,3,0.15813953488372093,9,4.186046511627907,Q719H9,Q719H9,,KCTD1,False,257
491,98,0.19959266802443992,90.03071428571427,1.6146748598197795,0.42028985507246375,0.07246376811594203,7,2,0.17346938775510204,8,8.16326530612245,Q75N03,Q75N03,,CBLL1,False,491
589,176,0.298811544991511,85.14517045454545,1.8325094864424243,0.3252032520325203,0.13821138211382114,8,1,0.1875,20,11.363636363636363,Q86UZ6,Q86UZ6,,ZBTB46,False,589
789,550,0.697084917617237,91.23807272727274,3.9007991766535417,0.357429718875502,0.08433734939759036,18,15,0.10363636363636364,18,3.272727272727273,Q86VP1,Q86VP1,,TAX1BP1,False,789
759,697,0.9183135704874835,92.52634146341464,1.839527315987262,0.23846153846153847,0.07435897435897436,4,0,0.17216642754662842,28,4.017216642754662,Q13619,Q13619,,CUL4A,False,759
469,357,0.7611940298507462,92.43439775910365,1.227788846452042,0.30303030303030304,0.10303030303030303,4,0,0.20168067226890757,41,11.484593837535014,Q8N2H9,Q8N2H9,,PELI3,False,469
586,551,0.9402730375426621,93.56805807622504,1.386050431280789,0.2967032967032967,0.08058608058608059,12,1,0.20508166969147004,44,7.985480943738657,Q8IXQ5,Q8IXQ5,,KLHL7,False,586
132,128,0.9696969696969697,95.601015625,4.703154687038293,0.4251968503937008,0.07086614173228346,14,5,0.1015625,5,3.90625,Q8IY31,Q8IY31,,IFT20,False,132
623,532,0.8539325842696629,92.0876879699248,1.2508868569708789,0.3076923076923077,0.09615384615384616,10,1,0.2424812030075188,54,10.150375939849624,Q8IY47,Q8IY47,,KBTBD2,False,623
1834,386,0.21046892039258452,86.7435751295337,1.85159951920567,0.4,0.07241379310344828,11,9,0.20984455958549222,15,3.8860103626943006,Q8IY92,Q8IY92,,SLX4,False,1834
498,433,0.8694779116465864,90.30224018475751,2.497693213438256,0.33993399339933994,0.0627062706270627,12,8,0.18937644341801385,32,7.390300230946882,Q8IYM9,Q8IYM9,,TRIM22,False,498
909,767,0.8437843784378438,90.71956975228161,1.4622103259717651,0.254957507082153,0.0821529745042493,6,2,0.21773142112125163,47,6.127770534550195,Q8IYU2,Q8IYU2,,HACE1,False,909
571,211,0.36952714535901926,92.85023696682464,3.08729633224966,0.3163841807909605,0.05649717514124294,7,5,0.12322274881516587,12,5.687203791469194,Q8IYW5,Q8IYW5,,RNF168,False,571
440,423,0.9613636363636363,95.0981560283688,1.3172898798485393,0.20297029702970298,0.04950495049504951,6,1,0.18912529550827423,13,3.0732860520094563,Q8N0Z6,Q8N0Z6,,TTC5,False,440
415,413,0.9951807228915662,96.75559322033898,1.0312943530484324,0.25274725274725274,0.08241758241758242,4,0,0.1791767554479419,53,12.832929782082324,Q8N136,Q8N136,,DAW1,False,415
923,507,0.5492957746478874,90.59100591715976,1.7376642589600473,0.36245954692556637,0.06796116504854369,14,7,0.1814595660749507,14,2.7613412228796843,Q8N163,Q8N163,,CCAR2,False,923
418,390,0.9330143540669856,95.22969230769232,1.2566468944162796,0.23809523809523808,0.10582010582010581,10,1,0.11025641025641025,6,1.5384615384615385,Q8N1E6,Q8N1E6,,FBXL14,False,418
259,200,0.7722007722007722,95.88345,1.4207993952039284,0.42063492063492064,0.1111111111111111,20,1,0.195,21,10.5,Q8N2K1,Q8N2K1,,UBE2J2,False,259
1230,1149,0.9341463414634147,89.49993907745865,1.1404637297162545,0.2611218568665377,0.07156673114119923,6,2,0.1731940818102698,14,1.2184508268059182,Q86VP6,Q86VP6,,CAND1,False,1230
510,325,0.6372549019607843,93.78483076923077,1.369922788820935,0.3622448979591837,0.07653061224489796,10,2,0.23692307692307693,48,14.76923076923077,Q8N2W9,Q8N2W9,,PIAS4,False,510
598,425,0.7107023411371237,91.0164,1.2477346002776586,0.31840796019900497,0.0845771144278607,7,3,0.21176470588235294,40,9.411764705882353,Q8N3Y1,Q8N3Y1,,FBXW8,False,598
690,501,0.7260869565217392,88.43007984031937,1.3393057694789747,0.31365313653136534,0.11808118081180811,9,2,0.2275449101796407,21,4.191616766467066,Q8N448,Q8N448,,LNX2,False,690
479,386,0.8058455114822547,95.4173316062176,1.2352908875421122,0.32323232323232326,0.11616161616161616,8,2,0.15544041450777202,14,3.6269430051813467,Q8N461,Q8N461,,FBXL16,False,479
442,421,0.9524886877828054,94.48491686460808,1.2272010998352219,0.27184466019417475,0.1407766990291262,6,4,0.15914489311163896,18,4.275534441805226,Q8N4B4,Q8N4B4,,FBXO39,False,442
328,283,0.8628048780487805,88.70844522968197,1.490900454512105,0.5161290322580645,0.17204301075268819,26,5,0.27208480565371024,27,9.540636042402827,Q8N4F7,Q8N4F7,,RNF175,False,328
51,41,0.803921568627451,94.44463414634146,2.768804936699043,0.5365853658536586,0.07317073170731707,22,1,0.12195121951219512,2,4.878048780487805,Q8N4H5,Q8N4H5,,TOMM5,False,51
616,578,0.9383116883116883,94.255,1.423259208252653,0.298932384341637,0.10320284697508897,4,0,0.1903114186851211,25,4.325259515570934,Q8N4N3,Q8N4N3,,KLHL36,False,616
154,152,0.987012987012987,93.96644736842104,1.2630983379678016,0.25,0.045454545454545456,5,1,0.19736842105263158,12,7.894736842105263,A0A1B0GUS4,A0A1B0GUS4,,UBE2L5,False,154
677,530,0.7828655834564254,93.62837735849057,1.058127661585462,0.3181818181818182,0.10454545454545454,6,1,0.19245283018867926,21,3.9622641509433962,Q8N5D0,Q8N5D0,,WDTC1,False,677
433,294,0.6789838337182448,94.75979591836735,1.5655798716322535,0.3375,0.1,7,4,0.23469387755102042,22,7.482993197278912,Q8N5I2,Q8N5I2,,ARRDC1,False,433
389,289,0.7429305912596401,93.71595155709342,1.162169849171358,0.24285714285714285,0.08571428571428572,3,0,0.22145328719723184,28,9.688581314878892,Q8IXJ6,Q8IXJ6,,SIRT2,False,389
292,145,0.4965753424657534,93.25324137931035,2.192831000245643,0.39655172413793105,0.13793103448275862,14,3,0.2,10,6.896551724137931,Q8IX29,Q8IX29,,FBXO16,False,292
1150,642,0.5582608695652174,90.37104361370716,1.77880623266476,0.2964824120603015,0.06281407035175879,18,5,0.16510903426791276,24,3.7383177570093453,Q8IX12,Q8IX12,,CCAR1,False,1150
723,397,0.5491009681881052,86.21390428211586,2.6935275219363635,0.4166666666666667,0.11,20,9,0.21158690176322417,14,3.5264483627204033,Q8IWZ5,Q8IWZ5,,TRIM42,False,723
200,178,0.89,87.75752808988764,1.7188049943450294,0.3135593220338983,0.1016949152542373,13,1,0.21910112359550563,14,7.865168539325842,Q86VX2,Q86VX2,,COMMD7,False,200
330,303,0.9181818181818182,97.71198019801982,1.0002221878913384,0.2396694214876033,0.0743801652892562,3,0,0.1485148514851485,20,6.6006600660066,Q86VZ2,Q86VZ2,,WDR5B,False,330
500,458,0.916,92.57897379912663,2.6558509444510543,0.32608695652173914,0.07763975155279502,9,8,0.17685589519650655,17,3.711790393013101,Q86WT6,Q86WT6,,TRIM69,False,500
199,193,0.9698492462311558,89.84917098445595,1.9254150090063986,0.34782608695652173,0.07246376811594203,22,3,0.19170984455958548,11,5.699481865284974,Q86X83,Q86X83,,COMMD2,False,199
927,731,0.7885652642934197,94.93694938440493,1.5856030592003854,0.2445141065830721,0.12852664576802508,6,1,0.16415868673050615,18,2.462380300957592,Q86XK2,Q86XK2,,FBXO11,False,927
419,282,0.6730310262529833,89.23152482269504,2.90655421203886,0.4293193717277487,0.09424083769633508,23,5,0.19148936170212766,13,4.609929078014184,Q86XS8,Q86XS8,,RNF130,False,419
487,433,0.8891170431211499,90.13378752886837,2.6260799325508626,0.3724832214765101,0.087248322147651,20,9,0.17551963048498845,14,3.233256351039261,Q86XT4,Q86XT4,,TRIM50,False,487
620,404,0.6516129032258065,90.6171287128713,1.3341267901520157,0.30701754385964913,0.08771929824561403,13,1,0.1806930693069307,11,2.722772277227723,Q86Y01,Q86Y01,,DTX1,False,620
1208,584,0.48344370860927155,84.68363013698631,1.971758464472779,0.30831099195710454,0.0777479892761394,12,6,0.17636986301369864,9,1.5410958904109588,Q86Y13,Q86Y13,,DZIP3,False,1208
346,151,0.43641618497109824,85.92615894039737,2.126126034050377,0.49107142857142855,0.15178571428571427,18,3,0.23841059602649006,23,15.2317880794702,Q86YJ5,Q86YJ5,,MARCHF9,False,346
1006,847,0.841948310139165,91.76639905548998,1.296053608371254,0.2560706401766004,0.05518763796909492,7,4,0.1770956316410862,12,1.4167650531286895,Q86YT6,Q86YT6,,MIB1,False,1006
584,265,0.4537671232876712,90.78501886792453,1.4789868956492658,0.35119047619047616,0.08928571428571429,8,2,0.23018867924528302,17,6.415094339622642,Q8IU81,Q8IU81,,IRF2BP1,False,584
432,305,0.7060185185185185,90.23032786885246,1.3276428180760704,0.32954545454545453,0.09090909090909091,9,3,0.1901639344262295,16,5.245901639344262,Q8IUD6,Q8IUD6,,RNF135,False,432
282,251,0.8900709219858156,94.66139442231075,1.4901963299518945,0.3161290322580645,0.07741935483870968,5,2,0.20717131474103587,29,11.553784860557768,Q8IUQ4,Q8IUQ4,,SIAH1,False,282
673,646,0.9598811292719168,95.88298761609907,1.3434796612127027,0.26223776223776224,0.0979020979020979,5,1,0.1826625386996904,26,4.024767801857585,Q8IUR7,Q8IUR7,,ARMC8,False,673
1022,909,0.8894324853228963,90.35113311331132,1.353792841766157,0.24427480916030533,0.08142493638676845,6,1,0.1925192519251925,12,1.3201320132013201,Q8IVU3,Q8IVU3,,HERC6,False,1022
300,173,0.5766666666666667,93.81242774566476,1.2003724110859497,0.2553191489361702,0.13829787234042554,3,0,0.21965317919075145,15,8.670520231213873,Q8IVV7,Q8IVV7,,GID4,False,300
269,158,0.587360594795539,93.63664556962026,1.1857529218956224,0.27906976744186046,0.10465116279069768,5,1,0.1962025316455696,26,16.455696202531644,Q8IW03,Q8IW03,,SIAH3,False,269
403,335,0.8312655086848635,90.22955223880598,3.667629354997372,0.40074906367041196,0.0898876404494382,19,10,0.1701492537313433,21,6.26865671641791,Q8IWR1,Q8IWR1,,TRIM59,False,403
2517,1480,0.5880015891934843,80.78653378378378,1.3641094968697494,0.26732673267326734,0.08345120226308345,5,5,0.23513513513513515,45,3.040540540540541,Q8IWT3,Q8IWT3,,CUL9,False,2517
1749,1536,0.8782161234991424,89.56328125,1.116460140270745,0.2535885167464115,0.07017543859649122,7,1,0.20572916666666666,47,3.059895833333333,Q8IWV7,Q8IWV7,,UBR1,False,1749
1755,1531,0.8723646723646724,89.19983017635532,1.0976858078582679,0.26127527216174184,0.08864696734059098,7,2,0.20052253429131286,32,2.0901371652514698,Q8IWV8,Q8IWV8,,UBR2,False,1755
224,174,0.7767857142857143,88.43086206896552,2.027571165254291,0.3488372093023256,0.13953488372093023,8,4,0.16666666666666666,22,12.643678160919542,Q8IWZ4,Q8IWZ4,,TRIM48,False,224
517,447,0.8646034816247582,90.34789709172259,2.2005640980846515,0.36807817589576547,0.05211726384364821,18,6,0.15659955257270694,14,3.131991051454139,Q6PJ69,Q6PJ69,,TRIM65,False,517
603,76,0.12603648424543948,81.5311842105263,2.5525799714529027,0.5384615384615384,0.15384615384615385,13,2,0.25,11,14.473684210526317,Q6PJ61,Q6PJ61,,FBXO46,False,603
355,241,0.6788732394366197,95.08543568464731,1.1266902506263776,0.2782608695652174,0.08695652173913043,6,2,0.13278008298755187,8,3.319502074688797,Q6PJ21,Q6PJ21,,SPSB3,False,355
663,144,0.2171945701357466,89.71062500000001,2.405879497528076,0.3464566929133858,0.05511811023622047,9,4,0.1875,10,6.944444444444445,Q3KP66,Q3KP66,,INAVA,False,663
450,175,0.3888888888888889,83.30994285714287,2.6824023765243936,0.6,0.09655172413793103,49,5,0.2571428571428571,21,12.0,Q15884,Q15884,,ENTREP1,False,450
1140,1097,0.962280701754386,93.36840474020055,1.0252806103335346,0.2681912681912682,0.079002079002079,6,5,0.18778486782133091,32,2.917046490428441,Q16531,Q16531,,DDB1,False,1140
360,331,0.9194444444444444,93.25528700906344,1.1949593194409351,0.325,0.08125,11,2,0.21450151057401812,18,5.438066465256798,Q16539,Q16539,,MAPK14,False,360
222,151,0.6801801801801802,95.59602649006622,1.2528956653758656,0.35294117647058826,0.09411764705882353,5,1,0.2251655629139073,21,13.90728476821192,Q16763,Q16763,,UBE2S,False,222
926,516,0.5572354211663066,88.92001937984496,1.2516408287673715,0.2875536480686695,0.055793991416309016,4,0,0.2364341085271318,26,5.038759689922481,Q17RG1,Q17RG1,,KCTD19,False,926
754,579,0.7679045092838196,90.73559585492228,1.8381760020279057,0.3311897106109325,0.06430868167202572,8,4,0.24179620034542315,37,6.390328151986183,Q1L5Z9,Q1L5Z9,,LONRF2,False,754
868,672,0.7741935483870968,90.50196428571428,1.7975740760536036,0.34523809523809523,0.0880952380952381,16,8,0.16666666666666666,23,3.422619047619048,Q2Q1W2,Q2Q1W2,,TRIM71,False,868
621,584,0.9404186795491143,92.6689212328767,1.3105110863995872,0.343042071197411,0.06796116504854369,8,5,0.2226027397260274,36,6.164383561643835,Q2TBA0,Q2TBA0,,KLHL40,False,621
581,552,0.9500860585197934,92.59990942028986,1.4601762285203717,0.27636363636363637,0.06545454545454546,7,1,0.22826086956521738,42,7.608695652173914,Q2WGJ6,Q2WGJ6,,KLHL38,False,581
506,385,0.7608695652173914,89.2571168831169,1.3418632374543775,0.2925531914893617,0.11170212765957446,6,3,0.21558441558441557,16,4.1558441558441555,Q32M84,Q32M84,,BTBD16,False,506
242,198,0.8181818181818182,94.64742424242424,1.5708632912626022,0.27205882352941174,0.13970588235294118,5,1,0.20202020202020202,9,4.545454545454546,Q3KNV8,Q3KNV8,,PCGF3,False,242
623,587,0.942215088282504,92.14797274275979,1.3544308067821231,0.29491525423728815,0.09152542372881356,9,2,0.21124361158432708,34,5.792163543441227,Q3ZCT8,Q3ZCT8,,KBTBD12,False,623
1188,682,0.5740740740740741,92.6626099706745,1.2189991172360264,0.3100303951367781,0.11246200607902736,9,3,0.19794721407624633,22,3.225806451612903,Q6PIJ6,Q6PIJ6,,FBXO38,False,1188
471,423,0.8980891719745223,90.09624113475176,2.7394558339063804,0.35517241379310344,0.0896551724137931,15,5,0.1938534278959811,13,3.0732860520094563,Q495X7,Q495X7,,TRIM60,False,471
260,245,0.9423076923076923,91.36930612244899,1.747906733233004,0.2684563758389262,0.06711409395973154,6,1,0.19591836734693877,10,4.081632653061225,Q4G0X4,Q4G0X4,,KCTD21,False,260
708,166,0.2344632768361582,88.6577108433735,2.244173586838368,0.3870967741935484,0.08870967741935484,12,3,0.21084337349397592,15,9.036144578313253,Q4G163,Q4G163,,FBXO43,False,708
568,554,0.9753521126760564,94.20382671480144,1.281619362840854,0.24363636363636362,0.08,6,1,0.22021660649819494,55,9.927797833935017,Q53G59,Q53G59,,KLHL12,False,568
634,572,0.9022082018927445,95.11286713286712,1.3358705645537876,0.25806451612903225,0.1003584229390681,9,1,0.21503496503496503,40,6.993006993006993,Q53GT1,Q53GT1,,KLHL22,False,634
860,437,0.5081395348837209,91.40528604118994,1.0212769058225077,0.28717948717948716,0.09230769230769231,7,3,0.16475972540045766,9,2.059496567505721,Q58WW2,Q58WW2,,DCAF6,False,860
209,168,0.8038277511961722,93.74166666666667,2.6390105614016286,0.39552238805970147,0.11940298507462686,11,4,0.16666666666666666,11,6.547619047619048,Q5EBN2,Q5EBN2,,TRIM61,False,209
155,122,0.7870967741935484,91.38557377049179,1.60706319673968,0.38823529411764707,0.09411764705882353,8,3,0.21311475409836064,11,9.01639344262295,Q5FWF7,Q5FWF7,,FBXO48,False,155
1057,1019,0.9640491958372753,92.90483807654563,1.2922026747413733,0.2725274725274725,0.08131868131868132,7,2,0.19823356231599606,44,4.317958783120707,Q5GLZ8,Q5GLZ8,,HERC4,False,1057
520,467,0.8980769230769231,91.13413276231263,1.13274773722206,0.3020408163265306,0.07346938775510205,5,1,0.22055674518201285,22,4.710920770877944,Q5H9S7,Q5H9S7,,DCAF17,False,520
347,297,0.8559077809798271,97.25377104377105,1.0073440137247747,0.37398373983739835,0.10569105691056911,8,1,0.18181818181818182,16,5.387205387205387,Q5JS37,Q5JS37,,NHLRC3,False,347
81,73,0.9012345679012346,94.44630136986301,1.2521877809349342,0.26,0.02,4,0,0.1506849315068493,6,8.21917808219178,Q15843,Q15843,,NEDD8,False,81
145,138,0.9517241379310345,96.44369565217391,1.2421237364839381,0.32051282051282054,0.02564102564102564,5,1,0.17391304347826086,13,9.420289855072465,Q15819,Q15819,,UBE2V2,False,145
1581,409,0.25869702719797594,86.52559902200487,1.292567227904051,0.296875,0.06770833333333333,4,0,0.20293398533007334,29,7.090464547677261,Q15648,Q15648,,MED1,False,1581
913,690,0.755750273822563,92.41742028985507,1.833934676084004,0.23746701846965698,0.0712401055408971,4,0,0.1855072463768116,27,3.91304347826087,Q13620,Q13620,,CUL4B,False,913
316,234,0.740506329113924,93.30799145299144,2.002319500569499,0.27941176470588236,0.07352941176470588,4,0,0.2222222222222222,10,4.273504273504273,Q13829,Q13829,,TNFAIP1,False,316
588,571,0.9710884353741497,91.55957968476358,1.2748330140925286,0.3217993079584775,0.09342560553633218,7,2,0.21541155866900175,34,5.954465849387041,Q13939,Q13939,,CCIN,False,588
182,167,0.9175824175824175,88.47191616766466,1.9518618319716026,0.2636363636363636,0.07272727272727272,7,2,0.17365269461077845,21,12.574850299401197,Q13951,Q13951,,CBFB,False,182
1066,961,0.9015009380863039,91.79374609781479,1.3350328014742943,0.265625,0.05580357142857143,6,3,0.2060353798126951,43,4.474505723204994,Q14139,Q14139,,UBE4A,False,1066
442,389,0.8800904977375565,91.80149100257069,2.323142221249643,0.3582089552238806,0.06343283582089553,9,6,0.17223650385604114,30,7.712082262210797,Q14142,Q14142,,TRIM14,False,442
630,521,0.8269841269841269,93.4478310940499,2.1270538606189047,0.33879781420765026,0.09289617486338798,13,9,0.19769673704414586,13,2.495201535508637,Q14258,Q14258,,TRIM25,False,630
1009,724,0.7175421209117938,89.57488950276243,1.378241653112806,0.2899728997289973,0.04878048780487805,7,5,0.20165745856353592,23,3.1767955801104977,Q14289,Q14289,,PTK2B,False,1009
1009,625,0.6194251734390486,85.20174399999999,1.2231526947021485,0.2579505300353357,0.10247349823321555,4,0,0.1984,21,3.36,Q14527,Q14527,,HLTF,False,1009
1992,1172,0.5883534136546185,88.27505119453923,1.1147223258692494,0.2509578544061303,0.08812260536398467,5,2,0.22098976109215018,31,2.645051194539249,Q14669,Q14669,,TRIP12,False,2067
263,143,0.5437262357414449,92.04510489510487,2.424498279107945,0.2872340425531915,0.09574468085106383,10,1,0.21678321678321677,13,9.090909090909092,Q14681,Q14681,,KCTD2,False,263
1683,1102,0.6547831253713606,85.24089836660617,1.3709054527734947,0.2922201138519924,0.08538899430740038,7,2,0.1996370235934664,17,1.5426497277676952,Q149N8,Q149N8,,SHPRH,False,1683
275,136,0.49454545454545457,86.69051470588235,2.7229306056020572,0.424,0.136,19,5,0.22794117647058823,12,8.823529411764707,Q14CZ0,Q14CZ0,,HAPSTR1,False,275
391,164,0.4194373401534527,85.95939024390243,2.074815914370796,0.5075757575757576,0.21212121212121213,25,3,0.1402439024390244,7,4.2682926829268295,Q15011,Q15011,,HERPUD1,False,391
636,360,0.5660377358490566,91.2573888888889,2.461041165576472,0.3464788732394366,0.04225352112676056,15,13,0.06944444444444445,6,1.6666666666666667,Q15025,Q15025,,TNIP1,False,636
1050,979,0.9323809523809524,91.25570990806945,1.3146498902287804,0.2725118483412322,0.08293838862559241,5,2,0.1920326864147089,28,2.8600612870275794,Q15034,Q15034,,HERC3,False,1050
168,33,0.19642857142857142,73.5930303030303,1.6813568811575879,0.45454545454545453,0.0,6,1,0.24242424242424243,7,21.21212121212121,Q15038,Q15038,,DAZAP2,False,168
812,531,0.6539408866995073,88.1049152542373,1.250821094407942,0.29435483870967744,0.09274193548387097,6,4,0.1713747645951036,17,3.2015065913371,Q15345,Q15345,,LRRC41,False,812
365,206,0.5643835616438356,84.80393203883496,1.5573108724309828,0.23529411764705882,0.03361344537815126,5,1,0.21359223300970873,27,13.106796116504855,Q15366,Q15366,,PCBP2,False,365
112,97,0.8660714285714286,94.53134020618556,1.3656397980908785,0.3870967741935484,0.11290322580645161,10,2,0.23711340206185566,8,8.24742268041237,Q15369,Q15369,,ELOC,False,112
118,106,0.8983050847457628,97.24452830188677,1.5582053080969285,0.33783783783783783,0.08108108108108109,7,2,0.1792452830188679,7,6.60377358490566,Q15370,Q15370,,ELOB,False,118
1083,899,0.830101569713758,87.62046718576194,1.4956394659293408,0.29698375870069604,0.07424593967517401,8,3,0.20022246941045607,24,2.6696329254727478,Q15386,Q15386,,UBE3C,False,1083
145,105,0.7241379310344828,82.72314285714286,2.7701692544639585,0.3780487804878049,0.07317073170731707,13,2,0.19047619047619047,13,12.380952380952381,Q15388,Q15388,,TOMM20,False,145
153,146,0.954248366013072,93.13753424657536,1.2879643476434672,0.3253012048192771,0.04819277108433735,5,1,0.2602739726027397,37,25.34246575342466,Q5JXB2,Q5JXB2,,UBE2NL,False,153
435,273,0.6275862068965518,89.14868131868131,1.4937343534860412,0.5617283950617284,0.21604938271604937,25,5,0.2893772893772894,66,24.175824175824175,Q5M7Z0,Q5M7Z0,,RNFT1,False,435
452,393,0.8694690265486725,93.90150127226464,1.3503829022822114,0.3399014778325123,0.08374384236453201,12,2,0.19083969465648856,22,5.597964376590331,Q5MNV8,Q5MNV8,,FBXO47,False,452
1792,448,0.25,89.91026785714287,1.6737901427393447,0.26582278481012656,0.08438818565400844,8,1,0.21428571428571427,16,3.571428571428571,Q5XKL5,Q5XKL5,,BTBD8,False,1792
539,417,0.7736549165120594,95.87935251798562,1.2531960818547905,0.22790697674418606,0.09302325581395349,9,3,0.2278177458033573,26,6.235011990407674,Q5XUX0,Q5XUX0,,FBXO31,False,539
458,388,0.8471615720524017,92.7305412371134,1.0992253997785095,0.3212121212121212,0.06666666666666667,14,1,0.20103092783505155,44,11.34020618556701,Q5XUX1,Q5XUX1,,FBXW9,False,458
1052,503,0.4781368821292776,87.72556660039761,1.9033927473487617,0.31451612903225806,0.11290322580645161,9,3,0.19681908548707752,28,5.566600397614314,Q5XX13,Q5XX13,,FBXW10,False,1052
557,504,0.9048473967684022,89.23051587301588,1.5592769222166556,0.27526132404181186,0.08362369337979095,17,3,0.20436507936507936,17,3.373015873015873,Q63HN8,Q63HN8,,RNF213,False,5207
784,248,0.3163265306122449,80.05673387096775,1.8802238383851788,0.2755102040816326,0.11224489795918367,8,1,0.18548387096774194,6,2.4193548387096775,Q66K89,Q66K89,,E4F1,False,784
614,166,0.2703583061889251,88.2039156626506,2.951134549594286,0.40963855421686746,0.07228915662650602,21,5,0.05421686746987952,2,1.2048192771084338,Q68DK7,Q68DK7,,MSL1,False,614
428,240,0.5607476635514018,90.469625,1.9699941521245656,0.33548387096774196,0.14838709677419354,7,3,0.17083333333333334,10,4.166666666666666,Q68DU8,Q68DU8,,KCTD16,False,428
783,236,0.30140485312899107,88.09855932203389,3.1003941067799583,0.42857142857142855,0.09740259740259741,17,3,0.19915254237288135,8,3.389830508474576,Q68DV7,Q68DV7,,RNF43,False,783
232,194,0.8362068965517241,89.03597938144331,2.112626335748943,0.33858267716535434,0.12598425196850394,4,0,0.20618556701030927,12,6.185567010309279,Q693B1,Q693B1,,KCTD11,False,232
485,445,0.9175257731958762,91.06105617977528,1.6645157855365558,0.32270916334661354,0.09561752988047809,6,2,0.22247191011235956,13,2.9213483146067416,Q6AZZ1,Q6AZZ1,,TRIM68,False,485
392,334,0.8520408163265306,93.30047904191618,1.549640367049342,0.29207920792079206,0.06930693069306931,10,3,0.2215568862275449,28,8.383233532934131,Q6IQ16,Q6IQ16,,SPOPL,False,392
608,559,0.9194078947368421,95.97565295169946,1.2583544996867515,0.29818181818181816,0.12,8,2,0.20930232558139536,43,7.6923076923076925,Q6JEL2,Q6JEL2,,KLHL10,False,608
247,101,0.4089068825910931,82.1018811881188,1.6133913277050513,0.296875,0.125,3,0,0.2079207920792079,7,6.9306930693069315,Q6P050,Q6P050,,FBXL22,False,231
531,332,0.6252354048964218,86.5083734939759,1.7768669509461212,0.34615384615384615,0.0625,9,4,0.18373493975903615,12,3.614457831325301,Q6P1J9,Q6P1J9,,CDC73,False,531
311,242,0.7781350482315113,90.8249173553719,2.1388811421773046,0.3333333333333333,0.1320754716981132,13,3,0.21487603305785125,16,6.6115702479338845,Q6P2C8,Q6P2C8,,MED27,False,311
717,336,0.4686192468619247,90.99157738095238,1.1210794896866445,0.2463768115942029,0.08695652173913043,8,1,0.1875,29,8.630952380952381,Q6P3S6,Q6P3S6,,FBXO42,False,717
258,173,0.6705426356589147,88.49277456647398,1.9717458112053332,0.25862068965517243,0.07758620689655173,5,2,0.1907514450867052,14,8.092485549132949,Q6P9F5,Q6P9F5,,TRIM40,False,258
774,460,0.5943152454780362,92.17791304347826,1.4262339184449504,0.3319838056680162,0.07692307692307693,12,3,0.19130434782608696,15,3.260869565217391,Q6PCD5,Q6PCD5,,RFWD3,False,774
694,377,0.5432276657060519,89.10238726790452,1.5497031441098064,0.28921568627450983,0.06862745098039216,4,0,0.1962864721485411,8,2.122015915119363,Q6PCT2,Q6PCT2,,FBXL19,False,694
1173,873,0.7442455242966752,89.69871706758306,1.8560569264826956,0.2648870636550308,0.10472279260780287,5,2,0.23024054982817868,30,3.436426116838488,Q6PD62,Q6PD62,,CTR9,False,1173
583,533,0.9142367066895368,92.70861163227018,1.4282027936377317,0.3667953667953668,0.05791505791505792,12,4,0.22889305816135083,28,5.253283302063791,Q6PF15,Q6PF15,,KLHL35,False,583
426,207,0.4859154929577465,84.38386473429951,1.8117203246402234,0.31007751937984496,0.08527131782945736,7,2,0.22705314009661837,18,8.695652173913043,Q6PI47,Q6PI47,,KCTD18,False,426
442,363,0.8212669683257918,95.09286501377409,1.0587524640733055,0.30434782608695654,0.06832298136645963,9,1,0.23140495867768596,46,12.672176308539946,Q6PID8,Q6PID8,,KLHDC10,False,442
1314,1075,0.8181126331811264,89.61966511627907,1.195483404135734,0.2803347280334728,0.07531380753138076,7,3,0.2055813953488372,19,1.7674418604651163,Q5XPI4,Q5XPI4,,RNF123,False,1314
402,382,0.9502487562189055,94.59057591623036,2.364493481299617,0.3492647058823529,0.07720588235294118,16,6,0.18324607329842932,11,2.8795811518324608,Q5W0U4,Q5W0U4,,BSPRY,False,402
559,323,0.5778175313059034,91.71312693498452,1.032601459325714,0.2627118644067797,0.13559322033898305,5,1,0.14241486068111456,29,8.978328173374612,Q5QP82,Q5QP82,,DCAF10,False,559
726,233,0.3209366391184573,90.7493991416309,2.842585118190448,0.3561643835616438,0.0593607305936073,14,7,0.10300429184549356,6,2.575107296137339,Q5W0B1,Q5W0B1,,OBI1,False,726
474,382,0.8059071729957806,89.315,1.3876912051491106,0.2711864406779661,0.13559322033898305,5,1,0.19109947643979058,13,3.4031413612565444,Q5SWL7,Q5SWL7,,PRAMEF14,False,474
479,411,0.8580375782881002,90.24659367396592,1.391751318721453,0.26455026455026454,0.07407407407407407,7,1,0.1873479318734793,23,5.59610705596107,Q5SWL8,Q5SWL8,,PRAMEF19,False,479
291,168,0.5773195876288659,90.92821428571429,2.22658414307987,0.425531914893617,0.1276595744680851,25,2,0.22023809523809523,8,4.761904761904762,Q5T0T0,Q5T0T0,,MARCHF8,False,291
706,596,0.8441926345609065,85.56768456375838,2.5743510881604954,0.49403341288782815,0.11933174224343675,44,9,0.27348993288590606,87,14.597315436241612,Q5T197,Q5T197,,DCST1,False,706
861,736,0.8548199767711963,89.06062499999999,1.1423464102638816,0.3057142857142857,0.08285714285714285,5,3,0.21875,35,4.755434782608696,Q5T447,Q5T447,,HECTD3,False,861
212,180,0.8490566037735849,92.45461111111112,1.9808748771043878,0.4266666666666667,0.09333333333333334,12,4,0.23333333333333334,22,12.222222222222221,Q5T4S7,Q5T4S7,,UBR4,False,5183
453,366,0.8079470198675497,93.6405737704918,1.0484361224156307,0.2345679012345679,0.10493827160493827,5,1,0.20491803278688525,24,6.557377049180328,Q5T6F0,Q5T6F0,,DCAF12,False,453
235,120,0.5106382978723404,88.51075,4.384894007930183,0.4,0.10909090909090909,14,4,0.125,8,6.666666666666667,Q5TA31,Q5TA31,,RNF187,False,235
597,398,0.6666666666666666,92.58356783919598,1.0364210321540401,0.23493975903614459,0.07228915662650602,6,1,0.15577889447236182,22,5.527638190954774,Q5TAQ9,Q5TAQ9,,DCAF8,False,597
1133,475,0.41924095322153576,92.35719999999999,1.3691076863741027,0.2545454545454545,0.06181818181818182,5,1,0.20210526315789473,17,3.578947368421052,Q5TC82,Q5TC82,,RC3H1,False,1133
476,409,0.8592436974789915,90.32273838630807,1.3599799766390885,0.2717948717948718,0.07179487179487179,4,0,0.17603911980440098,13,3.1784841075794623,Q5TYX0,Q5TYX0,,PRAMEF5,False,476
659,221,0.3353566009104704,92.67782805429863,1.887737937689823,0.3961038961038961,0.05844155844155844,17,2,0.17647058823529413,13,5.88235294117647,Q5U5Q3,Q5U5Q3,,MEX3C,False,659
776,633,0.8157216494845361,91.56616113744077,1.1964290907604087,0.2898089171974522,0.10191082802547771,7,3,0.1990521327014218,16,2.527646129541864,Q5U5R9,Q5U5R9,,HECTD2,False,776
475,412,0.8673684210526316,90.3664563106796,1.3462548394703904,0.26288659793814434,0.05670103092783505,4,0,0.1941747572815534,15,3.640776699029126,Q5VT98,Q5VT98,,PRAMEF20,False,475
474,333,0.7025316455696202,87.78345345345346,1.527629747697169,0.24666666666666667,0.09333333333333334,5,1,0.21621621621621623,17,5.105105105105105,Q5VTA0,Q5VTA0,,PRAMEF17,False,474
566,164,0.28975265017667845,88.80865853658537,2.171515094593522,0.41605839416058393,0.08029197080291971,9,4,0.12195121951219512,4,2.4390243902439024,Q5VTB9,Q5VTB9,,RNF220,False,566
975,713,0.7312820512820513,86.23290322580645,3.532711760534079,0.34411764705882353,0.057352941176470586,24,20,0.08134642356241234,8,1.1220196353436185,Q5VTR2,Q5VTR2,,RNF20,False,975
321,190,0.5919003115264797,90.70500000000003,1.7934242874859967,0.3484848484848485,0.13636363636363635,6,2,0.18947368421052632,21,11.052631578947368,Q5VVX9,Q5VVX9,,UBE2U,False,321
479,413,0.8622129436325678,90.04276029055691,1.3814197500755565,0.30198019801980197,0.07920792079207921,7,2,0.18886198547215496,26,6.2953995157385,Q5VWM3,Q5VWM3,,PRAMEF18,False,479
474,419,0.8839662447257384,91.51756563245823,1.3595495227636523,0.2669902912621359,0.05339805825242718,6,2,0.1718377088305489,15,3.579952267303103,Q5VWM4,Q5VWM4,,PRAMEF8,False,474
474,384,0.810126582278481,89.82171875,1.3807839878074768,0.2857142857142857,0.13714285714285715,4,0,0.1875,10,2.604166666666667,Q5VWM6,Q5VWM6,,PRAMEF13,False,474
476,402,0.8445378151260504,91.03004975124378,1.3485558982478116,0.2564102564102564,0.07692307692307693,3,0,0.1691542288557214,8,1.9900497512437811,Q5VXH4,Q5VXH4,,PRAMEF6,False,476
474,411,0.8670886075949367,91.87450121654501,1.3415152719871475,0.25365853658536586,0.05365853658536585,5,1,0.18491484184914841,20,4.866180048661801,Q5VXH5,Q5VXH5,,PRAMEF7,False,474
539,385,0.7142857142857143,92.32864935064934,1.2828602367641444,0.3114754098360656,0.07103825136612021,8,2,0.18961038961038962,13,3.3766233766233764,Q8N531,Q8N531,,FBXL6,False,539
