n_residues_total,n_residues_confident,confident_fraction,mean_plddt,compactness,hp_surf_frac,arom_surf_frac,max_hp_patch,n_hp_patches_5plus,pocket_density,max_pocket_cluster,pocket_cluster_per_100res,accession,Entry,intended_gene,gene_symbol,protac_validated,Length,n_lines_screened,mean_chronos,median_chronos,frac_essential,frac_strongly_essential,n_lines_expression,mean_log_tpm,median_log_tpm,frac_expressed,frac_high_expressed,mechanism_class,n_strands,beta_fraction,radial_cv,beta_radial_score,central_pore_score,propeller_score
627,621,0.9904306220095692,94.73312399355878,1.2846333247520336,0.2694805194805195,0.1201298701298701,11,4,0.2012882447665056,20,3.22061191626409,Q9UK73,Q9UK73,FEM1B,FEM1B,True,627,1208.0,-0.1225541452734873,-0.1162076583787134,0.0173841059602649,0.0008278145695364,1775.0,4.357363809802817,4.3846025,1.0,0.9650704225352112,covalent,4,0.030595813204508857,0.5,0.0,0.2575103986069565,0.0
624,564,0.903846153846154,95.18544326241134,1.367816613290078,0.2842465753424658,0.1027397260273972,7,1,0.2234042553191489,73,12.943262411347517,Q14145,Q14145,KEAP1,KEAP1,True,624,1208.0,-0.161586234021016,-0.1378333584166112,0.1937086092715231,0.0471854304635761,1775.0,5.520664185577465,5.5424685,0.99943661971831,0.9971830985915492,pocket_binder,30,0.28900709219858156,0.7520598769187927,6.6663842922382415,0.11071018995225594,0.738036671288431
190,83,0.4368421052631579,91.05734939759036,2.359681824835853,0.3538461538461538,0.0923076923076923,8,2,0.1204819277108433,3,3.614457831325301,P78317,P78317,RNF4,RNF4,True,190,1208.0,-0.6576528532779721,-0.6163503719395789,0.6332781456953642,0.1630794701986755,1775.0,5.428663789577465,5.475497,1.0,0.9977464788732394,covalent,3,0.12048192771084337,0.5,0.0,0.0843919829781101,0.0
497,347,0.6981891348088531,88.21541786743516,1.514245677056585,0.3,0.0952380952380952,5,2,0.2161383285302593,14,4.034582132564841,P98170,P98170,XIAP,XIAP,True,497,1208.0,-0.0252671129524687,-0.0122956687644793,0.0107615894039735,0.0024834437086092,1775.0,3.9512723396090137,3.9833128,0.9988732394366198,0.9154929577464788,pocket_binder,9,0.1037463976945245,0.21285691857337952,5.879729398506899,0.17654862528717294,1.0380581423669692
491,187,0.3808553971486761,91.46983957219253,1.8777183342742336,0.373015873015873,0.1031746031746031,6,2,0.213903743315508,22,11.76470588235294,Q00987,Q00987,MDM2,MDM2,True,491,1208.0,-0.6467857232535293,-0.4264400763811439,0.3841059602649007,0.2251655629139073,1775.0,5.259384478197183,5.0917296,1.0,0.9954929577464788,pocket_binder,7,0.1711229946524064,0.1638370156288147,5.044185116658476,0.3323890950859642,1.6766321263721997
442,378,0.8552036199095022,93.48293650793651,1.152085355278316,0.2727272727272727,0.0748663101604278,6,1,0.1984126984126984,23,6.084656084656085,Q96SW2,Q96SW2,CRBN,CRBN,True,442,1208.0,0.0420818238367264,0.0393590549277919,0.0016556291390728,0.0,1775.0,4.827311087774648,4.8473606,1.0,0.9932394366197184,molecular_glue,15,0.3253968253968254,0.3338579535484314,7.6931805532018736,0.06402869422775832,0.4925843052798994
600,404,0.6733333333333333,92.84356435643564,1.1949236326820822,0.3181818181818182,0.106060606060606,7,2,0.2227722772277227,27,6.683168316831684,Q66K64,Q66K64,DCAF15,DCAF15,True,600,1208.0,-0.2409509021222197,-0.2012097699770127,0.1117549668874172,0.0115894039735099,1775.0,4.407120699380282,4.406863,1.0,0.9740845070422536,molecular_glue,22,0.4158415841584158,0.43233558535575867,9.266180648475524,0.17366595992741693,1.6092201571783566
213,155,0.7276995305164319,96.9836129032258,1.4022010299588898,0.3663366336633663,0.0792079207920792,5,1,0.232258064516129,20,12.903225806451612,P40337,P40337,VHL,VHL,True,213,1208.0,-0.8089743568617448,-0.8120675461084389,0.7698675496688742,0.3410596026490066,1775.0,4.625837558878874,4.678382,0.9983098591549296,0.9628169014084508,pocket_binder,7,0.25806451612903225,0.24983450770378113,4.247120116697253,0.19148936700558436,0.8132783427430407
1507,1057,0.7013934970139349,90.49809839167456,1.3147555910415776,0.2967741935483871,0.0924731182795698,6,2,0.2128666035950804,20,1.8921475875118257,Q9Y4B6,Q9Y4B6,DCAF1,DCAF1,True,1507,74.0,-2.025802010939442,-1.9834473902803096,1.0,0.972972972972973,1775.0,3.484927249239437,3.5346096,0.9988732394366198,0.7994366197183098,covalent,28,0.15421002838221382,0.36515194177627563,13.489351907444783,0.05809355758410549,0.7836444418074068
228,186,0.8157894736842105,91.04209677419357,1.810158124053608,0.3383458646616541,0.0827067669172932,7,4,0.1720430107526881,20,10.75268817204301,Q9Y508,Q9Y508,RNF114,RNF114,True,228,1208.0,-0.0333667753705489,-0.0299863236677075,0.0024834437086092,0.0,1775.0,6.143770786816901,6.148377,1.0,1.0,covalent,4,0.0967741935483871,0.5,0.0,0.4251328146975881,0.0
604,426,0.7052980132450332,87.36380281690141,1.4910219064526784,0.2974137931034483,0.0517241379310344,5,1,0.2206572769953051,14,3.286384976525822,Q13489,Q13489,BIRC3,BIRC3,True,604,1208.0,0.0467837086677725,0.0465912509487815,0.0024834437086092,0.0,1775.0,2.9086739799847887,2.5832615,0.7397183098591549,0.4456338028169014,pocket_binder,9,0.08215962441314555,0.39569470286369324,4.078931927252271,0.09622149914607364,0.3924809449549969
618,467,0.7556634304207119,88.916573875803,1.2694867960301188,0.2857142857142857,0.0462184873949579,5,1,0.2312633832976445,15,3.2119914346895078,Q13490,Q13490,BIRC2,BIRC2,True,618,1208.0,-0.2286065868578846,-0.1846533249267546,0.1200331125827814,0.0140728476821192,1775.0,5.152856780788732,5.1014442,0.9988732394366198,0.9938028169014084,pocket_binder,9,0.07494646680942184,0.5918870568275452,2.755090974567103,0.1126515734179206,0.31036533319449644
741,235,0.3171390013495276,85.01353191489362,1.6759209358273903,0.373134328358209,0.0820895522388059,18,3,0.2212765957446808,21,8.936170212765958,Q96JG8,Q96JG8,,MAGED4,False,741,,,,,,1775.0,1.6325045665712676,1.1119261,0.5092957746478873,0.2647887323943662,,6,0.13191489361702127,0.30133959650993347,3.2840593904225575,0.10654305629469929,0.34989372450892636
436,394,0.9036697247706422,95.45837563451778,1.252362626797608,0.2628865979381443,0.1185567010309278,7,2,0.1142131979695431,8,2.030456852791878,Q96IG2,Q96IG2,,FBXL20,False,436,1208.0,-0.0012208445976284,-0.0021410101918302,0.0008278145695364,0.0,1775.0,2.434787895971831,2.4220958,0.9909859154929578,0.1645070422535211,,14,0.1065989847715736,0.28631821274757385,7.8965101137816,0.3092566716115413,2.442048435134971
178,116,0.651685393258427,91.7687068965517,2.628270240657089,0.3627450980392157,0.0686274509803921,13,3,0.1293103448275862,7,6.0344827586206895,Q96HR3,Q96HR3,,MED30,False,178,1208.0,-1.9994168735302935,-1.9781262109536564,0.9983443708609272,0.9892384105960264,1775.0,4.705511568169014,4.6857886,1.0,0.9769014084507044,,0,0.0,0.5,0.0,0.4082087372050285,0.0
259,243,0.9382239382239382,94.48773662551442,1.5630371211688765,0.2335766423357664,0.0218978102189781,6,1,0.1646090534979424,10,4.11522633744856,Q96GG9,Q96GG9,,DCUN1D1,False,259,1208.0,-0.0577319784789669,-0.049400016661455,0.0074503311258278,0.0,1775.0,4.6098571335774645,4.6266146,1.0,0.984225352112676,,0,0.01646090534979424,0.5,0.0,0.10765970455999989,0.0
506,403,0.7964426877470355,92.36230769230768,2.441355449863318,0.3193277310924369,0.042016806722689,6,3,0.2406947890818858,28,6.9478908188585615,Q96JB5,Q96JB5,,CDK5RAP3,False,506,1208.0,-0.2380382969052794,-0.2255197964938587,0.0993377483443708,0.0016556291390728,1775.0,6.650629476394365,6.6383348,1.0,1.0,,4,0.034739454094292806,0.5,0.0,0.055228606758621186,0.0
192,85,0.4427083333333333,87.73788235294118,2.564142564054316,0.5428571428571428,0.1571428571428571,21,2,0.2117647058823529,8,9.411764705882351,Q96GF1,Q96GF1,,RNF185,False,192,1208.0,-0.0305443449930359,-0.030355742814609,0.0016556291390728,0.0,1775.0,4.161190101239437,4.15112,1.0,0.9701408450704224,,3,0.11764705882352941,0.5,0.0,0.3020220398037797,0.0
393,371,0.9440203562340967,91.92175202156336,1.9535000130115177,0.3686274509803922,0.0784313725490196,15,4,0.2452830188679245,18,4.851752021563343,Q96G75,Q96G75,,RMND5B,False,393,1208.0,-0.0077345428893011,-0.0098741412460346,0.0,0.0,1775.0,4.356674261030986,4.399793,0.9988732394366198,0.9577464788732394,,3,0.05121293800539083,0.5,0.0,0.1833181127531382,0.0
903,641,0.7098560354374308,88.81728549141967,1.1975757459162433,0.2926829268292683,0.0914634146341463,7,4,0.2246489859594383,28,4.368174726989079,Q96J02,Q96J02,,ITCH,False,903,1208.0,0.0193034319949724,0.0245353724930862,0.0057947019867549,0.0,1775.0,4.829309482309859,4.836131,1.0,0.9819718309859156,,27,0.26521060842433697,0.3076306879520416,14.593489288357285,0.06471306154661688,0.9443893704973592
459,241,0.5250544662309368,91.68551867219917,1.801287813731262,0.3459119496855345,0.0880503144654088,6,2,0.1784232365145228,10,4.149377593360995,Q96BH1,Q96BH1,,RNF25,False,459,1208.0,-0.1739491723498545,-0.1250643887194134,0.076158940397351,0.0082781456953642,1775.0,4.313168106873239,4.3231106,1.0,0.9814084507042252,,6,0.13692946058091288,0.34537702798843384,3.0071879711740066,0.16341383192677797,0.49141610969365757
942,383,0.4065817409766454,92.513681462141,1.012483538278632,0.2647058823529412,0.0808823529411764,4,0,0.1879895561357702,28,7.310704960835509,Q96JK2,Q96JK2,,DCAF5,False,942,1208.0,-0.0265411788689335,-0.0189695117437909,0.0049668874172185,0.0008278145695364,1775.0,4.195877177633802,4.1972914,1.0,0.9701408450704224,,28,0.402088772845953,0.32922303676605225,14.49434301842532,0.19167589949090627,2.778216235586411
268,173,0.6455223880597015,91.14554913294798,2.295316868141827,0.4025974025974026,0.0649350649350649,13,5,0.1965317919075144,11,6.358381502890173,Q96G25,Q96G25,,MED8,False,268,1208.0,-1.2743984391537622,-1.2677491984180198,0.9850993377483444,0.8062913907284768,1775.0,5.140911168619719,5.1412897,1.0,0.9988732394366198,,0,0.0,0.5,0.0,0.1094171329956087,0.0
1562,1151,0.7368758002560819,89.26069504778454,1.1032392058069096,0.2725563909774436,0.0657894736842105,8,6,0.1867940920938314,33,2.8670721112076456,Q96JN8,Q96JN8,,NEURL4,False,1562,1208.0,-0.0602357405846301,-0.0572384874352328,0.0041390728476821,0.0,1775.0,4.054330189329577,4.0827537,0.99943661971831,0.9019718309859156,,90,0.4126846220677672,0.23793146014213562,55.92137856356714,0.15636270486730375,8.744018012107816
617,602,0.9756888168557536,94.88182724252492,1.282968594837575,0.2636986301369863,0.1130136986301369,6,2,0.1960132890365448,32,5.3156146179402,Q96JP0,Q96JP0,,FEM1C,False,617,1208.0,-0.0857865515281902,-0.0743088648846355,0.0223509933774834,0.0,1775.0,3.2929244906873243,3.2711103,0.9988732394366198,0.6664788732394367,,2,0.018272425249169437,0.5,0.0,0.20893788157972357,0.0
570,132,0.231578947368421,80.75500000000001,2.01284461477204,0.4,0.1363636363636363,13,3,0.2272727272727272,6,4.545454545454546,Q96JP5,Q96JP5,,ZFP91,False,570,1208.0,-0.1153072595637726,-0.1054971991412523,0.0149006622516556,0.0008278145695364,1775.0,5.0161914571830994,5.0991898,1.0,0.984225352112676,,0,0.14393939393939395,0.5,0.0,0.49573327829035324,0.0
258,196,0.7596899224806202,85.30051020408165,1.6376408168247767,0.5547445255474452,0.1313868613138686,25,3,0.2244897959183673,20,10.20408163265306,Q96K19,Q96K19,,RNF170,False,258,1208.0,-0.0147794923984491,-0.0094176773745328,0.0008278145695364,0.0,1775.0,3.6782061111042257,3.7163434,0.9977464788732394,0.8264788732394366,,3,0.07142857142857142,0.5,0.0,0.1499959877460084,0.0
538,414,0.7695167286245354,95.18801932367153,1.3708583632522515,0.3254716981132075,0.080188679245283,14,2,0.2101449275362318,23,5.555555555555555,Q96KE9,Q96KE9,,BTBD6,False,538,1208.0,-0.0395697534544244,-0.0308392617398504,0.0132450331125827,0.0,1775.0,4.378833205592112,4.657897,0.9487323943661972,0.8940845070422535,,15,0.24879227053140096,0.6409162282943726,4.162924135430777,0.10466614269212493,0.43571721157548854
414,375,0.9057971014492754,91.68799999999996,1.463962312839969,0.3028846153846153,0.1153846153846153,12,3,0.1866666666666666,26,6.933333333333333,Q96L50,Q96L50,,LRR1,False,414,1208.0,-2.462529984132231,-2.4669137862344943,1.0,0.9975165562913908,1775.0,4.836890309126761,4.897623,1.0,0.9819718309859156,,17,0.27466666666666667,0.4353509247303009,7.117179395344879,0.09722865335582342,0.6919937683011962
638,509,0.7978056426332288,91.21129666011788,2.227060277613151,0.3971014492753623,0.072463768115942,14,8,0.206286836935167,25,4.911591355599214,Q96LD4,Q96LD4,,TRIM47,False,638,1208.0,-0.0759752723928365,-0.0834057455585361,0.0107615894039735,0.0,1775.0,3.48601086076,3.7838757,0.8856338028169014,0.6647887323943662,,20,0.19842829076620824,0.37482744455337524,9.450591994339957,0.13933811821882913,1.3168277045452612
201,150,0.746268656716418,97.43966666666664,1.28913285474103,0.3373493975903614,0.0481927710843373,5,1,0.22,11,7.333333333333333,Q96LR5,Q96LR5,,UBE2E2,False,201,1208.0,0.0606206877617153,0.0635384859659584,0.0,0.0,1775.0,3.9206925718816894,4.3114305,0.9064788732394368,0.8067605633802817,,4,0.15333333333333332,0.5,0.0,0.27864482831993775,0.0
699,96,0.1373390557939914,92.46708333333332,4.290717658401291,0.3368421052631579,0.0526315789473684,9,2,0.1041666666666666,3,3.125,Q96M02,Q96M02,,C10orf90,False,699,,,,,,,,,,,,0,0.0,0.5,0.0,0.1850189274072949,0.0
780,484,0.6205128205128205,91.29245867768596,1.273341178894043,0.3220973782771535,0.0749063670411985,7,4,0.2520661157024793,36,7.43801652892562,Q96JM7,Q96JM7,,L3MBTL3,False,780,1208.0,0.0932089530294792,0.0917173561409199,0.0016556291390728,0.0,1775.0,2.3625261541757747,2.3725314,0.923943661971831,0.2343661971830986,,16,0.22933884297520662,0.42598676681518555,6.825155936230862,0.16479582407605609,1.124757196958751
418,375,0.8971291866028708,93.62232,1.1938750693664275,0.2588235294117647,0.088235294117647,5,1,0.1813333333333333,38,10.133333333333333,Q96FA3,Q96FA3,,PELI1,False,418,1208.0,0.0489404688904264,0.0524455401506769,0.0,0.0,1775.0,3.226583512749859,3.1526425,0.9774647887323944,0.5504225352112676,,24,0.32,0.45645269751548767,9.632554306249974,0.09259122504091659,0.8918900034888415
271,249,0.918819188191882,95.94477911646588,1.164984197618475,0.2695035460992908,0.0780141843971631,7,2,0.1646586345381526,15,6.024096385542169,Q96FW1,Q96FW1,,OTUB1,False,271,1208.0,-0.1556759623555752,-0.1420403152727561,0.043046357615894,0.0008278145695364,1775.0,6.043032580676057,6.053235,1.0,1.0,,5,0.10843373493975904,0.5,0.0,0.11767716358927784,0.0
294,274,0.9319727891156464,95.01470802919708,1.3645980888590483,0.326797385620915,0.1045751633986928,7,2,0.1970802919708029,18,6.569343065693431,Q96DX5,Q96DX5,,ASB9,False,294,1208.0,0.0617793255183432,0.0609216237142259,0.0008278145695364,0.0,1775.0,1.665768132715493,1.3638215,0.5645070422535211,0.2078873239436619,,0,0.014598540145985401,0.5,0.0,0.11878103659860474,0.0
446,411,0.92152466367713,90.9610218978102,1.6060878772250893,0.2783018867924528,0.1084905660377358,7,2,0.1897810218978102,18,4.37956204379562,Q96BQ3,Q96BQ3,,TRIM43,False,446,1047.0,-0.3292314070345539,-0.3140623240987666,0.1537726838586437,0.0,1775.0,0.0796773254157746,0.0,0.0174647887323943,0.0056338028169014,,16,0.20924574209245742,0.4466133415699005,6.549325315666366,0.13096896237843567,0.8577583408716446
441,200,0.4535147392290249,87.9743,1.501399140117349,0.2867647058823529,0.1029411764705882,4,0,0.195,11,5.5,Q96BR9,Q96BR9,,ZBTB8A,False,441,1208.0,-0.0826536815298919,-0.0761068010093229,0.0024834437086092,0.0,1775.0,2.135856001350986,2.2116694,0.9149295774647888,0.1132394366197183,,5,0.17,0.5,0.0,0.2704395418095893,0.0
935,723,0.7732620320855615,92.0242876901798,1.7750408929471595,0.3677419354838709,0.0354838709677419,10,4,0.2019363762102351,32,4.426002766251729,Q96C12,Q96C12,,ARMC5,False,935,1208.0,-0.3959709917234694,-0.3480532981506262,0.293046357615894,0.0513245033112582,1775.0,2.4786773452225352,2.4462614,0.9954929577464788,0.1797183098591549,,3,0.017980636237897647,0.5,0.0,0.05484230105979091,0.0
298,158,0.5302013422818792,94.94367088607596,1.22432718038044,0.3404255319148936,0.0851063829787234,5,1,0.2594936708860759,35,22.15189873417721,Q96CA5,Q96CA5,,BIRC7,False,298,1208.0,0.1576268620825419,0.1582485208451941,0.0,0.0,1775.0,0.548835164592676,0.055155385,0.12,0.0619718309859154,,4,0.11392405063291139,0.5,0.0,0.23720708607803628,0.0
374,357,0.9545454545454546,93.17408963585432,1.1867037811937458,0.4065934065934066,0.0879120879120879,6,5,0.2128851540616246,26,7.282913165266107,Q96CD0,Q96CD0,,FBXL8,False,374,1208.0,-0.0726480367579923,-0.0771085280196356,0.0057947019867549,0.0,1775.0,2.7283363431464784,2.7211626,0.9645070422535212,0.3757746478873239,,12,0.1876750700280112,0.278780996799469,6.871240490171358,0.23413448004337845,1.6087943194192798
875,555,0.6342857142857142,90.74706306306304,1.4420824254861564,0.3501805054151624,0.0866425992779783,9,1,0.245045045045045,69,12.432432432432432,Q96CT2,Q96CT2,,KLHL29,False,875,1208.0,0.071077873403448,0.0684237155337695,0.0,0.0,1775.0,1.719509470512676,1.7980174,0.6895774647887324,0.1504225352112676,,31,0.29009009009009007,0.7314549088478088,7.1784062436875855,0.17817535443099178,1.2790150767186799
325,200,0.6153846153846154,93.4483,1.6857147939357842,0.3076923076923077,0.1111111111111111,6,1,0.16,10,5.0,Q96CX2,Q96CX2,,KCTD12,False,325,1208.0,0.0543545397641665,0.0504326088083737,0.0,0.0,1775.0,2.3730634936061974,2.3291953,0.7346478873239437,0.3622535211267605,,7,0.325,0.2779909074306488,4.014562335839113,0.26158912304137205,1.0501658408270755
192,107,0.5572916666666666,82.45981308411216,2.0748682942055487,0.5942028985507246,0.1594202898550724,21,3,0.1682242990654205,8,7.476635514018691,Q96D59,Q96D59,,RNF183,False,192,1208.0,-0.0103913560423461,-0.0107825871258092,0.0,0.0,1775.0,0.2846084937430986,0.062362142,0.0732394366197183,0.0214084507042253,,6,0.21495327102803738,0.21215489506721497,3.9253270754746294,0.13280543293530084,0.5213047616710664
110,59,0.5363636363636364,90.78694915254236,3.3481428435373406,0.4310344827586206,0.1206896551724138,9,3,0.0677966101694915,1,1.694915254237288,Q96DE5,Q96DE5,,ANAPC16,False,110,1208.0,-0.0174545451938366,-0.0093847584401194,0.0041390728476821,0.0,1775.0,6.390307443943661,6.381197,0.99943661971831,0.99943661971831,,0,0.0,0.5,0.0,0.08374289496352408,0.0
576,469,0.8142361111111112,94.9627078891258,1.0983802266651166,0.330188679245283,0.0660377358490566,5,1,0.1812366737739872,14,2.985074626865672,Q96DX4,Q96DX4,,RSPRY1,False,576,1208.0,-0.0442624167780816,-0.0440243733207427,0.0057947019867549,0.0,1775.0,4.468074341521127,4.480504,1.0,0.9774647887323944,,14,0.16417910447761194,0.6816361546516418,3.581511866387307,0.09472149005263232,0.33924614062538994
344,198,0.5755813953488372,91.36641414141414,2.1037071671414598,0.3246753246753247,0.0649350649350649,15,2,0.1868686868686868,13,6.565656565656567,Q96DX7,Q96DX7,,TRIM44,False,344,1208.0,0.0713310359096078,0.0783586997594469,0.0016556291390728,0.0,1775.0,4.55973155171662,4.6659894,0.9864788732394366,0.9126760563380282,,4,0.08080808080808081,0.5,0.0,0.1957158535829915,0.0
270,243,0.9,92.35444444444444,1.5528279418711868,0.5864197530864198,0.1975308641975308,32,3,0.2510288065843621,54,22.22222222222222,Q96FV3,Q96FV3,,TSPAN17,False,270,1208.0,-0.0349421376773625,-0.0286888901315771,0.0074503311258278,0.0,1775.0,4.63237125684507,4.7773094,1.0,0.948169014084507,,0,0.0,0.5,0.0,0.3072947105959894,0.0
360,306,0.85,94.64816993464052,1.0690858516453872,0.304635761589404,0.0993377483443708,4,0,0.1928104575163398,40,13.071895424836605,Q96EE3,Q96EE3,,SEH1L,False,360,1208.0,-1.167940762329018,-1.168240582955984,0.961092715231788,0.695364238410596,1775.0,5.155062951098591,5.1494546,1.0,0.9960563380281692,,24,0.5163398692810458,0.35318663716316223,11.842331840131717,0.2698696660487008,3.1958861389342426
278,250,0.8992805755395683,93.97772,1.377463704038776,0.3888888888888889,0.0873015873015873,8,2,0.224,21,8.4,Q96EF6,Q96EF6,,FBXO17,False,278,1208.0,0.0163698469601036,0.0168512754843593,0.0049668874172185,0.0,1775.0,2.7673101618991547,3.3396435,0.6794366197183098,0.543661971830986,,10,0.312,0.3242889642715454,5.227886912729102,0.1034063872604078,0.5405968986512832
262,208,0.7938931297709924,91.365,1.2063038837756297,0.3942307692307692,0.0769230769230769,7,2,0.25,43,20.673076923076923,Q96EH8,Q96EH8,,NEURL3,False,262,74.0,0.1302561483898217,0.1537603842689421,0.027027027027027,0.0,1775.0,0.6431656279921127,0.1569182,0.2140845070422535,0.0501408450704225,,14,0.3605769230769231,0.4418579638004303,5.785422559750248,0.23117200948581632,1.3374277588620402
343,225,0.6559766763848397,89.26902222222222,1.5016487121582032,0.3541666666666667,0.1319444444444444,10,4,0.1911111111111111,26,11.555555555555555,Q96M61,Q96M61,,MAGEB18,False,343,1208.0,0.0380826337304883,0.040457801887073,0.0,0.0,1775.0,0.0256534098828169,0.0,0.0039436619718309,0.0005633802816901,,5,0.12444444444444444,0.5,0.0,0.10592403695019212,0.0
664,412,0.6204819277108434,92.25055825242715,1.286021896443935,0.3064516129032258,0.0846774193548387,6,2,0.2014563106796116,17,4.12621359223301,Q96EP1,Q96EP1,,CHFR,False,664,1208.0,-0.0696361387681651,-0.0738671309954132,0.0041390728476821,0.0,1775.0,3.798312568742536,4.1467123,0.9076056338028168,0.8129577464788732,,17,0.17718446601941748,0.3495880961418152,8.448907573530812,0.20513163104397084,1.7331381910981334
232,162,0.6982758620689655,89.85327160493829,1.7451567609545513,0.3333333333333333,0.1171171171171171,8,2,0.191358024691358,6,3.7037037037037033,Q96EQ8,Q96EQ8,,RNF125,False,232,1208.0,0.0367392358167976,0.0354139603779403,0.0008278145695364,0.0,1775.0,1.2328474719988731,0.80236197,0.4388732394366197,0.1019718309859154,,6,0.12345679012345678,0.1938626766204834,4.071592155626517,0.13886418923843957,0.5653983436006668
444,260,0.5855855855855856,88.05630769230768,1.5076214652813555,0.5408805031446541,0.1383647798742138,22,4,0.2653846153846154,30,11.538461538461538,Q96EX2,Q96EX2,,RNFT2,False,444,1208.0,-0.1157119090984695,-0.1125227913773199,0.0024834437086092,0.0008278145695364,1775.0,1.7736751803267603,1.6584995,0.7690140845070422,0.1295774647887324,,2,0.03076923076923077,0.5,0.0,0.07646363735453089,0.0
468,429,0.9166666666666666,91.7574825174825,2.6741197385261817,0.3830508474576271,0.0440677966101694,25,7,0.1655011655011655,11,2.564102564102564,Q96F44,Q96F44,,TRIM11,False,468,1208.0,-0.0229653035307677,-0.0181957634905616,0.0074503311258278,0.0008278145695364,1775.0,4.071659362366197,4.0711966,1.0,0.967887323943662,,15,0.1864801864801865,0.3643440306186676,7.238124601239906,0.24095747158268627,1.744080202915207
317,254,0.8012618296529969,88.60881889763779,1.3400840731807389,0.3777777777777777,0.0666666666666666,6,4,0.2244094488188976,20,7.874015748031496,Q96BM1,Q96BM1,,ANKRD9,False,317,1208.0,-0.0195990586722609,-0.0172709112170004,0.0033112582781456,0.0,1775.0,2.903086523597183,2.9780548,0.9459154929577464,0.4861971830985915,,0,0.015748031496062992,0.5,0.0,0.16057985974027875,0.0
646,379,0.586687306501548,88.07559366754616,1.3870946510723978,0.3318385650224215,0.0582959641255605,9,4,0.1715039577836411,36,9.49868073878628,Q96FN5,Q96FN5,,KIF12,False,646,1208.0,0.0208126176525786,0.022439418987211,0.0,0.0,1775.0,0.7266200413346479,0.112203695,0.2090140845070422,0.0828169014084507,,12,0.22163588390501318,0.42320746183395386,5.147399965487996,0.12889123499979144,0.6634547385896317
1072,825,0.769589552238806,87.38335757575756,1.7367087002702757,0.3058350100603622,0.0764587525150905,12,5,0.183030303030303,25,3.0303030303030303,Q96EP0,Q96EP0,,RNF31,False,1072,1208.0,-0.1811207195905895,-0.1467447233728375,0.1059602649006622,0.009933774834437,1775.0,4.623667268845071,4.652062,1.0,0.9830985915492958,,12,0.08121212121212121,0.2684233486652374,7.015064811204647,0.09910903623122307,0.6952563125380594
755,555,0.7350993377483444,94.15473873873871,1.3751141809128435,0.2941176470588235,0.0795847750865051,10,2,0.2162162162162162,32,5.7657657657657655,Q96PQ7,Q96PQ7,,KLHL5,False,755,1208.0,0.0992071184628015,0.1004676513576631,0.0008278145695364,0.0,1775.0,4.733698464477747,4.8838797,0.9723943661971832,0.8907042253521127,,27,0.25585585585585585,0.8174690008163452,5.2640403768700015,0.052837716332684755,0.2781398721968561
604,566,0.9370860927152318,93.20005300353355,1.402335090037965,0.2608695652173913,0.108695652173913,9,1,0.2120141342756183,48,8.480565371024735,Q96M94,Q96M94,,KLHL15,False,604,1208.0,0.0309948677463559,0.0357317162148622,0.0008278145695364,0.0,1775.0,2.638122456724507,2.6063948,0.984225352112676,0.3205633802816901,,29,0.2773851590106007,0.7907699942588806,5.964086148015125,0.04289669276468102,0.2558395711134947
259,196,0.7567567567567568,91.72040816326532,1.6522735868181502,0.364963503649635,0.1021897810218978,6,2,0.2091836734693877,9,4.591836734693878,Q9BSM1,Q9BSM1,,PCGF1,False,259,1208.0,-0.0383971902589167,-0.0290055552806158,0.0314569536423841,0.0016556291390728,1775.0,4.648704097802818,4.619865,1.0,0.9971830985915492,,7,0.18877551020408162,0.3224497437477112,3.673006959321824,0.18555627158553875,0.6815494768794943
522,448,0.8582375478927203,93.84151785714286,1.112582057218942,0.3593073593073593,0.0995670995670995,7,3,0.2008928571428571,34,7.5892857142857135,Q9BQ87,Q9BQ87,,TBL1Y,False,522,383.0,0.5222223317713715,0.511590010628836,0.0,0.0,1775.0,0.0617272628980281,0.0,0.0185915492957746,0.0016901408450704,,32,0.41294642857142855,0.3073807656764984,17.304634770744013,0.26747278925492607,4.6285189291686795
382,367,0.9607329842931938,95.78185286103545,1.0686150720317875,0.301775147928994,0.0710059171597633,7,2,0.2316076294277929,47,12.806539509536783,Q9BQ90,Q9BQ90,,KLHDC3,False,382,1208.0,-0.0410839053553812,-0.0334267361268885,0.0149006622516556,0.0008278145695364,1775.0,5.642024490929577,5.6415663,1.0,0.99943661971831,,27,0.4087193460490463,0.33422696590423584,13.837508802882052,0.19489641906213345,2.696880914422461
342,306,0.8947368421052632,95.69699346405228,1.029199551283502,0.3015873015873015,0.0714285714285714,4,0,0.2058823529411764,31,10.130718954248366,Q9BQA1,Q9BQA1,,WDR77,False,342,1208.0,-1.3540080351896422,-1.3262965769320143,0.9784768211920528,0.7938741721854304,1775.0,5.05376664,5.0913954,1.0,0.9938028169014084,,27,0.5098039215686274,0.3246973752975464,14.10376968798443,0.2983148266376804,4.207363609408847
285,225,0.7894736842105263,91.81746666666666,1.2599815368652345,0.4324324324324324,0.0990990990990991,9,3,0.2533333333333333,31,13.77777777777778,Q9BR09,Q9BR09,,NEURL2,False,285,1208.0,0.0213187568340208,0.0190663971788952,0.0,0.0,1775.0,1.1752898737543662,1.1024969,0.5673239436619718,0.0073239436619718,,13,0.3288888888888889,0.33492419123649597,6.6532201795474855,0.10352786664284785,0.6887936914936963
755,573,0.7589403973509934,87.77630017452007,1.9420517467658576,0.3915492957746478,0.0647887323943662,28,7,0.1867364746945898,18,3.1413612565445024,Q9BRZ2,Q9BRZ2,,TRIM56,False,755,1208.0,0.0052071507015379,0.0050139532095065,0.0016556291390728,0.0,1775.0,3.400011442663662,3.511683,0.963943661971831,0.723943661971831,,35,0.3054101221640489,0.556515097618103,11.499664560058305,0.07864459978566318,0.9043865169951598
74,39,0.527027027027027,83.12051282051281,2.8863282364655665,0.5263157894736842,0.0789473684210526,7,2,0.1025641025641025,2,5.128205128205128,Q9BS18,Q9BS18,,ANAPC13,False,74,1208.0,-0.5987989660655866,-0.5885017773800435,0.6548013245033113,0.0612582781456953,1775.0,6.486449289126761,6.494849,1.0,1.0,,0,0.0,0.5,0.0,0.47773725542343237,0.0
475,237,0.4989473684210526,93.55181434599156,1.7294553155150294,0.2949640287769784,0.0935251798561151,6,2,0.2151898734177215,12,5.063291139240507,Q9BSF8,Q9BSF8,,BTBD10,False,475,1208.0,-0.0867115228876976,-0.0814248806537241,0.009933774834437,0.0,1775.0,4.6660676232112674,4.6731043,1.0,0.992112676056338,,7,0.28270042194092826,0.15495987236499786,5.134540750989233,0.1355617415040739,0.6960472860277359
452,397,0.8783185840707964,90.90521410579343,1.6332208370449588,0.2651162790697674,0.0883720930232558,5,1,0.2090680100755667,20,5.037783375314862,Q9BSJ1,Q9BSJ1,,TRIM51,False,452,,,,,,1775.0,0.2254020556484507,0.0,0.0636619718309859,0.0366197183098591,,15,0.2216624685138539,0.393478661775589,6.828417016575443,0.12061217262097819,0.8235902119312223
669,586,0.8759342301943199,94.77858361774744,1.287045181593634,0.2707581227436823,0.1010830324909747,9,4,0.2013651877133105,32,5.460750853242321,Q9BSK4,Q9BSK4,,FEM1A,False,669,1208.0,-0.1941568736928834,-0.1829624290342491,0.0521523178807947,0.0008278145695364,1775.0,1.7553306429887323,1.7333109,0.9070422535211268,0.0157746478873239,,2,0.01877133105802048,0.5,0.0,0.15220993697413304,0.0
405,277,0.6839506172839506,85.27036101083033,1.6749444129105158,0.3410404624277456,0.0346820809248554,9,3,0.1913357400722021,9,3.2490974729241877,Q9BSL1,Q9BSL1,,UBAC1,False,405,1208.0,0.0510973113965327,0.0484509275980503,0.0008278145695364,0.0,1775.0,4.739856523774647,4.722253,1.0,0.9960563380281692,,4,0.10108303249097472,0.5,0.0,0.12492373169447468,0.0
221,85,0.3846153846153846,84.4134117647059,1.8294162563405028,0.7068965517241379,0.293103448275862,21,3,0.3411764705882353,26,30.58823529411765,Q9BT67,Q9BT67,,NDFIP1,False,221,1208.0,0.0283277178111234,0.0255828291605089,0.0,0.0,1775.0,5.537564635851831,5.6720405,0.9909859154929578,0.9752112676056338,,0,0.0,0.5,0.0,0.13895304113717588,0.0
180,76,0.4222222222222222,88.01539473684211,2.403567694383528,0.5178571428571429,0.2142857142857142,16,1,0.1842105263157894,8,10.526315789473683,Q99942,Q99942,,RNF5,False,180,1207.0,-0.1028739772349583,-0.0906426118833058,0.0066280033140016,0.0,1775.0,5.659745565366197,5.694532,0.9983098591549296,0.9971830985915492,,3,0.13157894736842105,0.5,0.0,0.053515752051831594,0.0
237,194,0.8185654008438819,96.65427835051548,1.361427172313397,0.2222222222222222,0.0833333333333333,4,0,0.190721649484536,12,6.185567010309279,Q9BTE7,Q9BTE7,,DCUN1D5,False,237,1208.0,-0.0066839394265366,-0.0042159998110484,0.0041390728476821,0.0,1775.0,6.19130520997183,6.205758,0.99943661971831,0.9983098591549296,,2,0.05154639175257732,0.5,0.0,0.2231134694492353,0.0
135,128,0.9481481481481482,95.050703125,2.772909947188488,0.375,0.0803571428571428,13,4,0.203125,12,9.375,Q9BTT4,Q9BTT4,,MED10,False,135,1208.0,-0.494014895617823,-0.4674941058491015,0.4644039735099338,0.0711920529801324,1775.0,5.888703567380281,5.873346,1.0,0.99943661971831,,0,0.0,0.5,0.0,0.1189250291069864,0.0
403,87,0.2158808933002481,89.3703448275862,2.240158537207976,0.4027777777777778,0.1388888888888889,12,2,0.160919540229885,10,11.494252873563218,Q9BUL5,Q9BUL5,,PHF23,False,403,1208.0,-0.2257638514028027,-0.2087537139738915,0.0951986754966887,0.0024834437086092,1775.0,5.09577592,5.1513395,1.0,0.9954929577464788,,2,0.06896551724137931,0.5,0.0,0.3977058653757846,0.0
548,338,0.6167883211678832,93.72899408284025,1.0168877258059927,0.3795620437956204,0.0875912408759124,6,2,0.1923076923076923,47,13.905325443786982,Q9BUR4,Q9BUR4,,WRAP53,False,548,1208.0,-0.1936727884673629,-0.189651169024804,0.0538079470198675,0.0008278145695364,1775.0,3.5315810859154926,3.5417874,0.9960563380281692,0.7628169014084507,,28,0.4556213017751479,0.3175741136074066,14.835994411770127,0.33357114845650193,4.948859694428406
470,457,0.9723404255319148,92.40919037199124,2.8936070497125126,0.369281045751634,0.0915032679738562,19,7,0.2056892778993435,14,3.063457330415755,Q9BUZ4,Q9BUZ4,,TRAF4,False,470,1208.0,-0.1831409592520696,-0.1772720489532995,0.0339403973509933,0.0008278145695364,1775.0,5.696084537802817,5.740739,1.0,0.9909859154929578,,22,0.22538293216630198,0.2660590708255768,12.921909889667088,0.4903968403255233,6.336863780863871
311,117,0.3762057877813505,82.39940170940169,2.060739174459329,0.4382022471910112,0.1123595505617977,11,3,0.1794871794871795,8,6.837606837606838,Q9BV68,Q9BV68,,RNF126,False,311,1208.0,-0.0324514274540164,-0.0265096440123507,0.0107615894039735,0.0,1775.0,4.482695984394367,4.576679,1.0,0.9538028169014084,,6,0.21367521367521367,0.08091452717781067,5.103519577119777,0.27606827233700154,1.4089198324935217
475,436,0.9178947368421052,91.77864678899084,2.3238685499715137,0.3398692810457516,0.0784313725490196,17,9,0.2041284403669724,33,7.568807339449542,Q9BVG3,Q9BVG3,,TRIM62,False,475,1208.0,-0.01005136570223,-0.0074961240144819,0.0024834437086092,0.0,1775.0,1.995359846940845,1.9120021,0.9329577464788732,0.0991549295774647,,17,0.20412844036697247,0.5036576390266418,6.208368040530655,0.09605798379627276,0.5963633166385913
1158,686,0.5924006908462867,84.03026239067056,1.5026191695818043,0.315625,0.0625,6,3,0.2201166180758017,17,2.478134110787172,Q9BVR0,Q9BVR0,,HERC2P3,False,1158,,,,,,,,,,,,9,0.06851311953352769,0.18200166523456573,6.253999923897816,0.13409005866556323,0.8385992166898861
102,51,0.5,77.84156862745098,3.0579537234492022,0.4313725490196078,0.1568627450980392,8,3,0.0588235294117647,3,5.88235294117647,Q9BW61,Q9BW61,,DDA1,False,102,1208.0,-0.365633086573668,-0.349663940624465,0.2127483443708609,0.0091059602649006,1775.0,5.285025374591549,5.341292,1.0,0.9971830985915492,,0,0.0,0.5,0.0,0.34699337263369584,0.0
469,286,0.6098081023454158,92.241993006993,4.443946434303086,0.3524904214559387,0.057471264367816,16,7,0.1188811188811188,11,3.8461538461538463,Q9BWF2,Q9BWF2,,TRAIP,False,469,1208.0,-0.8282101379703306,-0.8152641789021617,0.8170529801324503,0.2955298013245033,1775.0,3.566663061650704,3.6674495,0.9949295774647888,0.7763380281690141,,4,0.06643356643356643,0.5,0.0,0.12618534742583498,0.0
255,215,0.8431372549019608,92.0525581395349,1.6864424105145486,0.3359375,0.125,6,2,0.2186046511627907,12,5.5813953488372094,Q9BQ13,Q9BQ13,,KCTD14,False,255,1208.0,-0.0423132269055309,-0.0401701869218292,0.0016556291390728,0.0,1775.0,1.560368930768451,0.7351244,0.4670422535211267,0.2332394366197183,,7,0.22325581395348837,0.14283950626850128,5.260526603741971,0.29431224699044006,1.5482374051002876
777,405,0.5212355212355212,88.98217283950618,1.3864323567889092,0.2869955156950672,0.1121076233183856,5,2,0.2098765432098765,31,7.654320987654321,Q99728,Q99728,,BARD1,False,777,1208.0,-0.5766790941296286,-0.5614852750239157,0.5836092715231788,0.0852649006622516,1775.0,3.078569985183098,3.1284914,0.9881690140845072,0.563943661971831,,11,0.11358024691358025,0.4399525225162506,4.563045291744194,0.0483417921548488,0.22058578708665924
718,635,0.8844011142061281,92.7523307086614,0.9927019294370402,0.2526315789473684,0.0842105263157894,6,3,0.1700787401574803,15,2.3622047244094486,Q96ME1,Q96ME1,,FBXL18,False,718,1208.0,-0.1485715029000109,-0.1337811980185784,0.0298013245033112,0.0049668874172185,1775.0,2.449457234061972,2.4656925,0.976338028169014,0.2208450704225352,,20,0.17165354330708663,0.1551303267478943,14.665116112485844,0.2109793215384439,3.094036247694765
679,283,0.4167893961708395,89.88989399293287,1.2486688434538091,0.3221476510067114,0.0738255033557047,12,1,0.2332155477031802,10,3.53356890459364,Q96PX1,Q96PX1,,RNF157,False,679,1208.0,0.0295757918652717,0.022158745551924,0.0,0.0,1775.0,2.0831372215887325,1.9514722,0.6659154929577464,0.3109859154929577,,15,0.42402826855123676,0.3090178370475769,8.0850326147778,0.11743907003546994,0.9494987114859488
304,196,0.6447368421052632,90.20984693877551,1.428356715611049,0.3025210084033613,0.0924369747899159,5,2,0.2397959183673469,24,12.244897959183673,Q96MG7,Q96MG7,,NSMCE3,False,304,1208.0,-0.9487954240585458,-0.9353113550100202,0.9072847682119204,0.4105960264900662,1775.0,2.8797814449183097,2.8645527,0.9966197183098592,0.4084507042253521,,5,0.1326530612244898,0.5,0.0,0.13708816567186533,0.0
357,283,0.7927170868347339,94.03494699646645,1.140843113991484,0.3308823529411764,0.088235294117647,8,2,0.2014134275618374,15,5.30035335689046,Q96MG8,Q96MG8,,PCMTD1,False,357,1208.0,-0.114220126389205,-0.1063107606993364,0.0273178807947019,0.0,1775.0,4.33365957943662,4.319589,0.99943661971831,0.9554929577464788,,9,0.1872791519434629,0.3216531574726105,4.729967173380163,0.11376061435987829,0.5380839715457842
289,214,0.740484429065744,94.01911214953272,1.7313951111758232,0.2926829268292683,0.1382113821138211,6,2,0.2289719626168224,13,6.074766355140187,Q96MP8,Q96MP8,,KCTD7,False,289,1208.0,-0.0367709212327603,-0.0309698397688929,0.0033112582781456,0.0008278145695364,1775.0,2.7109314830704228,2.7436075,0.9735211267605632,0.384225352112676,,7,0.20093457943925233,0.13793671131134033,5.312362897736555,0.2589825492344744,1.3758092857144524
663,546,0.8235294117647058,87.50849816849816,1.5819724557479262,0.5897435897435898,0.1851851851851851,42,15,0.3241758241758242,149,27.28937728937729,Q96MT1,Q96MT1,,RNF145,False,663,383.0,0.1837750660845574,0.1869643713555719,0.0,0.0,1775.0,6.031638228478873,6.0856543,0.9988732394366198,0.992676056338028,,0,0.007326007326007326,0.5,0.0,0.05512886819564255,0.0
727,245,0.3370013755158184,88.77138775510203,1.663173164948926,0.2721518987341772,0.1075949367088607,10,3,0.1755102040816326,10,4.081632653061225,Q96MU7,Q96MU7,,YTHDC1,False,727,1208.0,-0.4806199671474834,-0.4706245352260717,0.4246688741721854,0.0149006622516556,1775.0,5.389909841070423,5.4148088,1.0,0.99943661971831,,5,0.17551020408163265,0.5,0.0,0.12690072019950036,0.0
453,413,0.911699779249448,92.33489104116222,1.3777096820649417,0.3318181818181818,0.0772727272727272,10,5,0.2179176755447942,32,7.74818401937046,Q96NS5,Q96NS5,,ASB16,False,453,1208.0,-0.1404193396812103,-0.1344260676361432,0.0132450331125827,0.0,1775.0,1.0050415100276056,0.9146242,0.4332394366197183,0.0067605633802816,,2,0.06053268765133172,0.5,0.0,0.04593058971495964,0.0
236,189,0.8008474576271186,91.56253968253968,1.8210374397073017,0.3208955223880597,0.1044776119402985,5,2,0.2169312169312169,13,6.878306878306878,Q96P09,Q96P09,,BIRC8,False,236,,,,,,1775.0,0.0007676788456338,0.0,0.0,0.0,,5,0.10052910052910052,0.5,0.0,0.05733979703790149,0.0
261,235,0.9003831417624522,95.2451489361702,1.6680632074175057,0.2857142857142857,0.0642857142857142,8,2,0.2127659574468085,21,8.936170212765958,Q96PM5,Q96PM5,,RCHY1,False,261,1208.0,-0.0025933845719195,-0.0031675166149127,0.0074503311258278,0.0,1775.0,4.930620422309859,4.972371,1.0,0.9830985915492958,,14,0.225531914893617,0.549285888671875,4.6668557233431205,0.019288342587582025,0.09001591199866002
802,617,0.7693266832917706,91.31790923824958,1.1654208715121883,0.3238636363636363,0.0795454545454545,9,3,0.2042139384116693,26,4.213938411669368,Q96PU4,Q96PU4,,UHRF2,False,802,1208.0,-0.0100061430458657,-0.0081044737030257,0.0,0.0,1775.0,4.542361116281691,4.490692,0.99943661971831,0.963943661971831,,23,0.24149108589951376,0.18657825887203217,15.836821417855715,0.18776246973913063,2.9735607022341495
975,570,0.5846153846153846,88.05305263157895,1.3228250829649526,0.311864406779661,0.111864406779661,8,1,0.2350877192982456,14,2.456140350877193,Q96PU5,Q96PU5,,NEDD4L,False,975,1208.0,0.0494462460664207,0.0536444631529263,0.0049668874172185,0.0033112582781456,1775.0,4.628389955806198,4.8079886,0.9712676056338028,0.8726760563380281,,28,0.2789473684210526,0.318578839302063,14.806212135227522,0.15371968846412867,2.276006316760976
612,546,0.8921568627450981,94.54338827838828,1.3985688621890149,0.2775800711743772,0.0676156583629893,8,2,0.1978021978021978,31,5.677655677655678,Q96Q07,Q96Q07,,BTBD9,False,612,1208.0,-0.1752222992781243,-0.1683615059748024,0.0347682119205298,0.0,1775.0,1.995973677149296,2.0038505,0.927887323943662,0.060281690140845,,17,0.2875457875457875,0.5388837456703186,5.786026882753673,0.05917064858406413,0.34236296337736566
263,232,0.8821292775665399,93.15788793103448,1.2287571826754164,0.3245614035087719,0.0701754385964912,11,2,0.2025862068965517,19,8.189655172413794,Q99619,Q99619,,SPSB2,False,263,1208.0,0.0241049709297749,0.0209213004321372,0.0,0.0,1775.0,3.0102321617802814,2.9880738,0.9954929577464788,0.4957746478873239,,13,0.33620689655172414,0.34041088819503784,6.580610887486924,0.10319758965723459,0.6791031820608059
635,525,0.8267716535433071,93.6860761904762,1.7355412956702947,0.2958801498127341,0.0898876404494382,8,5,0.2095238095238095,21,4.0,Q96Q27,Q96Q27,,ASB2,False,635,1208.0,0.1237046035113501,0.1187670258247965,0.0,0.0,1775.0,0.8276857065566199,0.20740063,0.2461971830985915,0.0794366197183098,,0,0.0,0.5,0.0,0.15485714825427102,0.0
1004,320,0.3187250996015936,83.46796875,2.133586717567176,0.3755458515283842,0.1266375545851528,10,8,0.175,10,3.125,Q96QT6,Q96QT6,,PHF12,False,1004,1208.0,-0.5603132444538808,-0.5476897888986987,0.5596026490066225,0.0877483443708609,1775.0,4.255615762929577,4.252158,0.99943661971831,0.956056338028169,,12,0.175,0.780631959438324,2.518447728339013,0.30444470155246955,0.7667280670296658
527,230,0.4364326375711575,90.72508695652172,1.579414366869646,0.3125,0.0859375,8,1,0.2,12,5.217391304347826,Q96RE7,Q96RE7,,NACC1,False,527,1208.0,-0.1547816510693599,-0.1464720181147839,0.0380794701986755,0.0,1775.0,5.065956041239437,5.1447153,1.0,0.9892957746478872,,5,0.08260869565217391,0.5,0.0,0.2421845044319048,0.0
372,256,0.6881720430107527,93.07765625,1.1912938356399536,0.238095238095238,0.1031746031746031,6,1,0.19921875,20,7.8125,Q96RU8,Q96RU8,,TRIB1,False,372,1208.0,-0.045848595230191,-0.0179726119865585,0.0256622516556291,0.0033112582781456,1775.0,3.6818968754084502,3.6045814,0.9802816901408452,0.6912676056338029,,8,0.1953125,0.4495461881160736,3.255510716319233,0.21715397192225733,0.7069470826841946
790,521,0.6594936708860759,91.06506717850289,1.4440168131330138,0.2868217054263566,0.1317829457364341,13,3,0.2207293666026871,54,10.36468330134357,Q96S15,Q96S15,,WDR24,False,790,1208.0,-0.6054475127156262,-0.5944395066118884,0.6001655629139073,0.1167218543046357,1775.0,2.654266466123944,2.6363206,0.9949295774647888,0.2704225352112676,,33,0.3512476007677543,0.5793517827987671,10.358464337456489,0.13539838107211088,1.4025193016848043
281,185,0.6583629893238434,90.06999999999998,1.1944730277663933,0.325,0.0875,6,1,0.2,11,5.9459459459459465,Q96S21,Q96S21,,RAB40C,False,281,1208.0,-0.0234677252334836,-0.02140506805942,0.0066225165562913,0.0,1775.0,3.2438190961521123,3.203635,0.99943661971831,0.6225352112676056,,6,0.22702702702702704,0.1608325093984604,4.349645947597041,0.18789000570699002,0.817255001917394
729,442,0.6063100137174211,93.66511312217192,1.4644458955721829,0.310204081632653,0.0857142857142857,12,2,0.2149321266968326,51,11.538461538461538,Q96S59,Q96S59,,RANBP9,False,729,1208.0,-0.1371998122759768,-0.1278790354855914,0.0389072847682119,0.0,1775.0,5.111817840338028,5.141171,1.0,0.9966197183098592,,13,0.17647058823529413,0.3556409478187561,6.383186740907907,0.16941997877417936,1.0814393621562406
283,207,0.7314487632508834,93.385845410628,2.0961017051751174,0.3307692307692307,0.0846153846153846,6,3,0.1690821256038647,9,4.3478260869565215,Q96SI1,Q96SI1,,KCTD15,False,283,1208.0,-0.0166898746217303,-0.0138028982880551,0.0016556291390728,0.0,1775.0,3.289761421762253,3.6996071,0.8535211267605634,0.6630985915492957,,9,0.28502415458937197,0.1577405333518982,6.564940934157573,0.1299104884760856,0.85285468357306
793,615,0.7755359394703657,89.70193495934959,1.241586667291506,0.2607449856733524,0.0544412607449856,5,2,0.2048780487804878,36,5.853658536585367,Q96T88,Q96T88,,UHRF1,False,793,74.0,-0.4702385874600805,-0.4481366358014407,0.3513513513513513,0.0405405405405405,1775.0,4.611470297010141,4.7017817,0.9949295774647888,0.9025352112676056,,22,0.25691056910569104,0.2074224203824997,14.529740424030313,0.15492943501691173,2.2510844748373997
336,240,0.7142857142857143,89.809375,1.8767747338982932,0.35,0.0611111111111111,12,4,0.2041666666666666,11,4.583333333333333,Q99496,Q99496,,RNF2,False,336,1208.0,-0.0474446439589039,-0.041082747354154,0.0082781456953642,0.0,1775.0,4.304272499149296,4.3226495,0.9971830985915492,0.9487323943661972,,8,0.16666666666666666,0.29633304476737976,4.422810935205036,0.2385361845139874,1.0550004453105497
587,238,0.4054514480408858,90.66773109243697,1.4105603056428289,0.3379310344827586,0.0689655172413793,9,1,0.1974789915966386,12,5.042016806722689,Q96BF6,Q96BF6,,NACC2,False,587,1208.0,-0.0239962295001579,-0.0192192766590932,0.0066225165562913,0.0,1775.0,2.656717450871549,2.848624,0.872112676056338,0.4416901408450704,,5,0.07983193277310924,0.5,0.0,0.19480968842439042,0.0
237,204,0.8607594936708861,90.99794117647058,1.703541807502629,0.4066666666666667,0.0866666666666666,15,4,0.2058823529411764,16,7.84313725490196,Q96A37,Q96A37,,RNF166,False,237,1208.0,0.0175105337842272,0.0134901734011543,0.0041390728476821,0.0,1775.0,3.350538379887324,3.3214953,0.99943661971831,0.6805633802816902,,5,0.09803921568627451,0.5,0.0,0.334073950945954,0.0
273,253,0.9267399267399268,94.97039525691696,1.2016607630687952,0.3809523809523809,0.0873015873015873,10,2,0.1897233201581027,13,5.138339920948617,Q96BD6,Q96BD6,,SPSB1,False,273,1208.0,-0.0162040846164169,-0.0126285289885753,0.0024834437086092,0.0,1775.0,3.092016739224789,3.2844238,0.9019718309859156,0.5926760563380282,,16,0.35177865612648224,0.37999674677848816,7.482711517836316,0.08280788988158365,0.6196275513846473
731,476,0.6511627906976745,91.56018907563023,1.3233980426363985,0.3153526970954357,0.0746887966804979,9,7,0.1827731092436974,12,2.5210084033613445,Q8NHY2,Q8NHY2,,COP1,False,731,1208.0,-0.2742867985934625,-0.2370757426636232,0.2284768211920529,0.0248344370860927,1775.0,4.783424742084507,4.780079,1.0,0.9960563380281692,,31,0.35714285714285715,0.6243173480033875,8.893783134815463,0.05633204369301229,0.5010049801466004
188,176,0.9361702127659576,91.8105681818182,1.937959785108724,0.3114754098360656,0.1147540983606557,6,3,0.2215909090909091,13,7.386363636363637,Q8NEA4,Q8NEA4,,FBXO36,False,188,1208.0,-0.1569479471614824,-0.1548771233790799,0.0149006622516556,0.0,1775.0,1.4070555558794364,1.3905797,0.6788732394366197,0.0230985915492957,,4,0.1590909090909091,0.5,0.0,0.16056123922150242,0.0
526,416,0.7908745247148289,94.43923076923078,1.3622589781197385,0.2524271844660194,0.0679611650485436,5,1,0.2019230769230769,10,2.403846153846154,Q8NEA9,Q8NEA9,,GMCL2,False,526,70.0,0.3443546192241288,0.3394358450249118,0.0,0.0,1775.0,0.0957731052338028,0.07905651,0.0005633802816901,0.0,,12,0.18269230769230768,0.5648210644721985,3.877786576354793,0.08284031656913592,0.3212370675727768
735,660,0.8979591836734694,93.34789393939394,1.5562778753949913,0.3032786885245901,0.1092896174863388,15,4,0.1242424242424242,20,3.0303030303030303,Q8NEE6,Q8NEE6,,FBXL13,False,735,1208.0,0.032648437956451,0.0328877910206386,0.0016556291390728,0.0,1775.0,0.9319939411515492,0.63364416,0.276056338028169,0.0597183098591549,,20,0.10303030303030303,0.11900320649147034,15.763952727591331,0.12559831078378172,1.9799258338608596
633,319,0.5039494470774092,90.77097178683384,1.5306419054595748,0.3240223463687151,0.0893854748603352,5,1,0.2100313479623824,15,4.702194357366771,Q8NEG5,Q8NEG5,,ZSWIM2,False,633,1208.0,0.026959351823523,0.0281083038875514,0.0,0.0,1775.0,0.042596387908169,0.0,0.0056338028169014,0.0005633802816901,,13,0.20376175548589343,0.2982185482978821,7.160016324054052,0.10062883630565847,0.7205041106190777
403,348,0.8635235732009926,91.696091954023,1.115692258741824,0.28,0.0666666666666666,14,2,0.1724137931034483,38,10.919540229885058,Q8NEZ5,Q8NEZ5,,FBXO22,False,403,1208.0,-0.1115500100137899,-0.1075650879947488,0.0124172185430463,0.0008278145695364,1775.0,4.983705464619719,4.993851,1.0,0.991549295774648,,17,0.3132183908045977,0.2696787118911743,9.913088158912668,0.2293392295777575,2.2734600011014217
601,538,0.8951747088186356,92.26756505576208,1.2596808981882055,0.2639405204460966,0.0743494423791821,7,1,0.2211895910780669,39,7.24907063197026,Q8NFY9,Q8NFY9,,KBTBD8,False,601,1208.0,0.1010042262977144,0.1015163582185669,0.0016556291390728,0.0,1775.0,1.6353206425312676,1.4352125,0.652394366197183,0.1228169014084507,,29,0.3215613382899628,0.6568976044654846,7.795141235343724,0.1964533255425369,1.5313814187570338
1043,788,0.7555129434324065,90.35615482233504,1.0861886513442272,0.2779369627507163,0.0916905444126074,7,1,0.2081218274111675,24,3.045685279187817,Q8NFZ0,Q8NFZ0,,FBH1,False,1043,1208.0,0.0022541695199101,-0.0015841251896326,0.0016556291390728,0.0,1775.0,4.924162952957747,4.9625955,1.0,0.9960563380281692,,18,0.1116751269035533,0.36664560437202454,8.64585961523084,0.09013403917490295,0.779286249259928
486,434,0.8930041152263375,91.36794930875575,2.474735137615727,0.3488372093023256,0.0465116279069767,14,6,0.195852534562212,12,2.7649769585253456,Q8NG06,Q8NG06,,TRIM58,False,486,1208.0,0.1165895258226131,0.1199472071565012,0.0008278145695364,0.0,1775.0,1.002741340474366,0.039793953,0.2985915492957746,0.1492957746478873,,16,0.2073732718894009,0.43490663170814514,6.704476642138815,0.22117361559277068,1.4828533395991201
643,100,0.1555209953343701,87.38529999999999,2.3983814239501955,0.5263157894736842,0.0657894736842105,17,2,0.18,5,5.0,Q8NG27,Q8NG27,,PJA1,False,643,1208.0,0.0635080939275087,0.0672392856849237,0.0008278145695364,0.0,1775.0,3.9880482800135217,4.1164646,0.9791549295774647,0.8732394366197183,,3,0.14,0.5,0.0,0.2785394223136009,0.0
242,84,0.3471074380165289,92.1220238095238,1.6742350661570249,0.3709677419354839,0.064516129032258,6,2,0.1666666666666666,5,5.952380952380952,Q8NHG8,Q8NHG8,,ZNRF2,False,242,1208.0,0.0229883187217186,0.0220052019203222,0.0041390728476821,0.0,1775.0,3.461997078510986,3.4723058,0.992676056338028,0.7149295774647887,,5,0.20238095238095238,0.5,0.0,0.27546558496485823,0.0
1336,767,0.5741017964071856,91.41105606258148,1.3205647788836217,0.2698412698412698,0.0714285714285714,11,2,0.1916558018252933,34,4.432855280312908,Q8NHM5,Q8NHM5,,KDM2B,False,1336,1208.0,-0.0403834235073058,-0.0460772054412988,0.0057947019867549,0.0008278145695364,1775.0,3.657263718687324,3.5204222,0.99943661971831,0.7921126760563381,,24,0.15514993481095177,0.3127848505973816,12.838957830941695,0.1864170804038793,2.393401034272674
85,48,0.5647058823529412,89.16645833333332,3.3874388006347065,0.3333333333333333,0.0416666666666666,7,2,0.0625,2,4.166666666666666,Q8NHZ8,Q8NHZ8,,CDC26,False,85,1208.0,-0.7594041389917846,-0.7428224741033667,0.8692052980132451,0.1572847682119205,1775.0,5.649494208732395,5.6369433,1.0,0.9988732394366198,,0,0.0,0.5,0.0,0.5409875664732767,0.0
74,36,0.4864864864864865,83.87666666666667,2.124747117360433,0.5,0.1111111111111111,14,1,0.1388888888888889,2,5.555555555555555,Q96B49,Q96B49,,TOMM6,False,74,1208.0,-0.1556012871983619,-0.149875254803267,0.0182119205298013,0.0016556291390728,1775.0,8.304501933633803,8.2965355,1.0,1.0,,0,0.0,0.5,0.0,0.19782919332523993,0.0
283,251,0.8869257950530035,95.472390438247,1.394399100330278,0.3383458646616541,0.1052631578947368,8,3,0.2191235059760956,24,9.56175298804781,Q8NI29,Q8NI29,,FBXO27,False,283,1208.0,0.0946054505578617,0.0974516998283212,0.0041390728476821,0.0,1775.0,1.8499965101814089,1.6664339,0.6309859154929578,0.2518309859154929,,10,0.29880478087649404,0.3254657983779907,5.215596670731726,0.07132814150100143,0.3720188173421045
745,336,0.4510067114093959,89.64431547619047,1.7612915544604963,0.4170616113744075,0.1137440758293838,8,4,0.238095238095238,32,9.523809523809524,Q8TB52,Q8TB52,,FBXO30,False,745,1208.0,0.1247627407077042,0.1230051864247021,0.0,0.0,1775.0,2.907714398745916,2.910913,0.9938028169014084,0.4546478873239437,,16,0.20535714285714285,0.470456600189209,6.244340427215688,0.14675605315322215,0.9163947556432794
728,492,0.6758241758241759,88.25686991869918,1.3287755343369565,0.2954545454545454,0.1098484848484848,4,0,0.2215447154471544,24,4.878048780487805,Q8TBB1,Q8TBB1,,LNX1,False,728,1208.0,-0.0099494833645833,-0.0091811520243741,0.0024834437086092,0.0,1775.0,1.2686203465487322,0.9239516,0.4816901408450704,0.0771830985915493,,23,0.32113821138211385,0.42596492171287537,9.811590319356355,0.048540426427426994,0.4762587780327721
542,242,0.4464944649446494,84.39165289256198,1.988354668918884,0.4342857142857143,0.1314285714285714,37,2,0.1859504132231405,9,3.71900826446281,Q8TC41,Q8TC41,,RNF217,False,542,1208.0,-0.016068587550826,-0.0017964879828937,0.0033112582781456,0.0008278145695364,1775.0,2.083980802712676,2.2958934,0.7684507042253521,0.2490140845070422,,10,0.13636363636363635,0.4008611738681793,4.485557294736118,0.047511858677625265,0.21311716427789354
367,260,0.7084468664850136,88.56276923076923,1.3374011284555067,0.2972972972972973,0.1148648648648648,9,1,0.1846153846153846,7,2.6923076923076925,Q8TCJ0,Q8TCJ0,,FBXO25,False,367,1208.0,0.0129459192033272,0.0193191945613079,0.0033112582781456,0.0,1775.0,3.1136980433571835,3.1647606,0.9633802816901408,0.5757746478873239,,4,0.06923076923076923,0.5,0.0,0.15296131727980145,0.0
289,160,0.5536332179930796,90.629875,2.274504885028781,0.4351145038167939,0.1297709923664122,21,2,0.23125,8,5.0,Q8TCQ1,Q8TCQ1,,MARCHF1,False,289,1090.0,0.0467614723664375,0.053113906590867,0.0009174311926605,0.0,1775.0,1.4842986815622534,1.3367633,0.663661971830986,0.0692957746478873,,2,0.0875,0.5,0.0,0.08517897697765127,0.0
740,550,0.7432432432432432,89.12689090909092,1.5814113361950592,0.2586206896551724,0.0775862068965517,6,2,0.1636363636363636,11,2.0,Q8TDB6,Q8TDB6,,DTX3L,False,740,1208.0,0.001494825384399,0.0007429831482538,0.0016556291390728,0.0,1775.0,3.58392474638986,3.721996,0.951549295774648,0.7284507042253521,,27,0.30363636363636365,0.2796359360218048,15.433878472009669,0.37476379163411716,5.784058815790518
546,425,0.7783882783882784,94.23098823529412,1.038420501205794,0.2628571428571428,0.12,5,1,0.1694117647058823,21,4.941176470588235,Q8TEB1,Q8TEB1,,DCAF11,False,546,1208.0,-0.0007394680224572,-0.0005215568784342,0.0016556291390728,0.0,1775.0,5.171103058647888,5.1726913,1.0,0.992112676056338,,28,0.36705882352941177,0.32023733854293823,14.757181314588347,0.21682201472065504,3.1996817842270504
428,278,0.6495327102803738,92.95424460431654,3.087256555197203,0.3932584269662921,0.1235955056179775,22,1,0.1762589928057553,18,6.474820143884892,Q8TEB7,Q8TEB7,,RNF128,False,428,1208.0,-0.0009660535920232,-0.0001540110254724,0.0016556291390728,0.0,1775.0,1.6479788379160565,0.48887384,0.4230985915492958,0.2591549295774648,,10,0.23741007194244604,0.4353216886520386,4.186820920199723,0.17742938943682313,0.7428650795523547
729,251,0.3443072702331962,89.92972111553783,1.5374271973115343,0.3696969696969697,0.0787878787878787,8,4,0.2350597609561753,16,6.374501992031872,Q8TEC5,Q8TEC5,,SH3RF2,False,729,1208.0,-0.1183081829312008,-0.122176341161973,0.0041390728476821,0.0,1775.0,1.998421919508169,1.9272972,0.6270422535211267,0.323943661971831,,15,0.3386454183266932,0.19733381271362305,10.108559858698321,0.3714468105782339,3.754792319052654
882,310,0.3514739229024943,91.3921935483871,1.534210197995617,0.3152709359605911,0.0886699507389162,9,2,0.2354838709677419,16,5.161290322580645,Q8TEJ3,Q8TEJ3,,SH3RF3,False,882,74.0,0.0198333547985306,0.0426820099865369,0.0,0.0,1775.0,1.0022608556850705,0.5612284,0.4045070422535211,0.060281690140845,,20,0.3580645161290323,0.21976886689662933,12.886684123584187,0.31883731474397076,4.108755761917342
375,180,0.48,83.27194444444444,2.2569940096264123,0.1958041958041958,0.1328671328671328,5,2,0.1555555555555555,5,2.7777777777777777,Q8NE65,Q8NE65,,ZNF738,False,375,70.0,-0.046318273582673,-0.0134603730981857,0.0428571428571428,0.0,1775.0,3.5183704832794365,3.740906,0.8991549295774648,0.6946478873239437,,0,0.11666666666666667,0.5,0.0,0.3374258943288118,0.0
227,85,0.3744493392070485,93.03411764705884,1.6179352511026812,0.3870967741935484,0.064516129032258,5,1,0.188235294117647,4,4.705882352941177,Q8ND25,Q8ND25,,ZNRF1,False,227,1208.0,0.1114426858571077,0.1120613810165624,0.0,0.0,1775.0,4.216394662569014,4.2289186,0.9971830985915492,0.9059154929577464,,3,0.2235294117647059,0.5,0.0,0.30180551074379286,0.0
703,318,0.4523470839260313,91.46490566037735,3.652586978461184,0.3307984790874524,0.0418250950570342,6,4,0.1320754716981132,11,3.459119496855346,Q8ND24,Q8ND24,,RNF214,False,703,1208.0,-0.0642818918021296,-0.0637569857899003,0.0041390728476821,0.0,1775.0,3.752516218422535,3.8062518,1.0,0.8664788732394366,,0,0.0,0.5,0.0,0.14089192543194673,0.0
418,294,0.7033492822966507,91.74272108843536,1.620470227951199,0.3043478260869565,0.062111801242236,8,2,0.2040816326530612,22,7.482993197278912,Q8NCT1,Q8NCT1,,ARRDC4,False,418,1208.0,0.0480138177882337,0.0461168061074623,0.0008278145695364,0.0,1775.0,2.5783776395323943,2.6063476,0.8298591549295775,0.4073239436619718,,19,0.5918367346938775,0.3810388743877411,8.86721910621576,0.11093821067672327,0.9837134213220298
247,142,0.5748987854251012,86.79281690140844,1.9906828195297808,0.4954954954954955,0.1441441441441441,40,1,0.1901408450704225,8,5.633802816901409,Q8N6D2,Q8N6D2,,RNF182,False,247,1208.0,0.0134878825140231,0.0152518130432733,0.0,0.0,1775.0,1.6384968592214084,0.84166324,0.4754929577464789,0.2529577464788732,,4,0.08450704225352113,0.5,0.0,0.25761638664380637,0.0
132,41,0.3106060606060606,83.67317073170732,2.4615719749404685,0.6341463414634146,0.073170731707317,14,2,0.1707317073170731,4,9.75609756097561,Q8N726,Q8N726,,CDKN2A,False,132,1208.0,0.1596920379123878,0.1537704774449231,0.0024834437086092,0.0,1775.0,4.166308126625916,4.7822776,0.7132394366197183,0.6304225352112676,,2,0.4634146341463415,0.5,0.0,0.4829918130799312,0.0
406,392,0.9655172413793104,95.2615051020408,1.0768166242684205,0.3195876288659793,0.0721649484536082,7,2,0.2193877551020408,32,8.16326530612245,Q8N7A1,Q8N7A1,,KLHDC1,False,406,1208.0,-0.0651352463074268,-0.0666848631198849,0.0008278145695364,0.0,1775.0,0.9054315753425352,0.8057803,0.3909859154929577,0.0005633802816901,,27,0.39285714285714285,0.3233157992362976,14.142794439966607,0.15493457353162077,2.191207825101604
437,373,0.8535469107551488,92.80075067024129,1.7959592184962516,0.2697674418604651,0.0837209302325581,8,2,0.1903485254691689,14,3.753351206434316,Q8N7C3,Q8N7C3,,TRIML2,False,437,1208.0,0.096497823790051,0.096268013658274,0.0,0.0,1775.0,0.644720033630986,0.08483849,0.1853521126760563,0.08,,15,0.2386058981233244,0.6881834268569946,3.787413557179942,0.17357758623223962,0.6574101033185548
305,254,0.8327868852459016,92.67161417322836,3.019618376391484,0.3575757575757576,0.1515151515151515,19,1,0.1889763779527559,14,5.511811023622047,Q8N7C7,Q8N7C7,,RNF148,False,305,1208.0,0.0652380496872222,0.0627850359454967,0.0008278145695364,0.0,1775.0,0.1866450231070422,0.055178992,0.0332394366197183,0.0011267605633802,,10,0.27165354330708663,0.4342498779296875,4.195805505643974,0.14219187938302646,0.5966094703731663
425,100,0.2352941176470588,91.2399,1.5262621879577636,0.4,0.1,10,2,0.22,12,12.0,Q8N7E2,Q8N7E2,,CBLL2,False,425,1208.0,0.0176848525262304,0.0191201326951951,0.0,0.0,1775.0,0.0029671232264788,0.0,0.0,0.0,,3,0.19,0.5,0.0,0.21892847793025316,0.0
531,271,0.5103578154425612,84.85771217712177,1.9051395120994492,0.4241071428571428,0.1071428571428571,25,5,0.1955719557195571,39,14.391143911439114,Q8N7H5,Q8N7H5,,PAF1,False,531,1208.0,-0.8316039756375474,-0.817463853787813,0.9329470198675496,0.2218543046357615,1775.0,5.254794372112676,5.2810493,1.0,0.9983098591549296,,9,0.2177121771217712,0.3316136300563812,4.636674085136252,0.15186850026294865,0.7041647395177221
425,294,0.691764705882353,90.16095238095238,1.3872913899106158,0.297752808988764,0.0505617977528089,8,2,0.2108843537414966,22,7.482993197278912,Q8N806,Q8N806,,UBR7,False,425,1208.0,0.055457292142748,0.0533170337899537,0.0,0.0,1775.0,4.718722139380281,4.7354574,1.0,0.9808450704225352,,6,0.11224489795918367,0.31647053360939026,3.186166283340406,0.05800564385121896,0.18481562668220558
203,101,0.4975369458128079,86.94009900990098,1.8676801068662765,0.48,0.1066666666666666,17,1,0.1782178217821782,6,5.9405940594059405,Q8N8N0,Q8N8N0,,RNF152,False,203,1208.0,-0.0583636058909778,-0.0514268901334674,0.0033112582781456,0.0,1775.0,0.949287169978028,0.5518359,0.363943661971831,0.056338028169014,,4,0.1188118811881188,0.5,0.0,0.19572511464024042,0.0
1025,749,0.7307317073170732,88.63508678237652,1.3438178209932432,0.265625,0.075,5,1,0.2136181575433912,29,3.871829105473965,Q8N961,Q8N961,,ABTB2,False,1025,1208.0,0.0464102169547413,0.0473985140666987,0.0008278145695364,0.0,1775.0,2.088618866586479,2.1180375,0.819718309859155,0.2033802816901408,,3,0.02403204272363151,0.5,0.0,0.04664527463773875,0.0
347,273,0.7867435158501441,91.23820512820512,1.5101930404477468,0.375,0.0416666666666666,13,4,0.1538461538461538,12,4.395604395604396,Q8N9I9,Q8N9I9,,DTX3,False,347,1208.0,-0.1390457112082394,-0.1349599329119082,0.0074503311258278,0.0016556291390728,1775.0,3.3459865874050707,3.7594116,0.819718309859155,0.6512676056338028,,10,0.2271062271062271,0.4603479206562042,3.9824183153006154,0.12554035342905606,0.49995420280518527
468,415,0.8867521367521367,91.70636144578312,1.847567977780465,0.3103448275862069,0.0551724137931034,9,4,0.144578313253012,10,2.409638554216868,Q8N9V2,Q8N9V2,,TRIML1,False,468,1208.0,0.0947651459946869,0.0946077779063096,0.0,0.0,1775.0,0.0312606039611267,0.0,0.0033802816901408,0.0022535211267605,,14,0.1927710843373494,0.7359269857406616,3.2129944672194513,0.05466163538066733,0.17562753204725115
476,435,0.9138655462184874,92.12337931034484,1.36235752041632,0.287037037037037,0.0694444444444444,6,2,0.2091954022988505,30,6.896551724137931,Q8N9V3,Q8N9V3,,WDSUB1,False,476,1208.0,-0.0018052631714385,0.0059296565639428,0.0024834437086092,0.0,1775.0,3.2075948845560567,3.2340858,0.9966197183098592,0.6501408450704226,,27,0.42298850574712643,0.6170839667320251,7.859075137556578,0.10418029248782175,0.8187607465144123
808,168,0.2079207920792079,86.88297619047619,2.3790512911826527,0.3611111111111111,0.0972222222222222,17,2,0.1666666666666666,18,10.714285714285714,Q8NA82,Q8NA82,,MARCHF10,False,808,1090.0,-0.0621879684966973,-0.0601661971075094,0.0,0.0,1775.0,0.3124168947335211,0.08125099,0.0861971830985915,0.0101408450704225,,0,0.023809523809523808,0.5,0.0,0.1810259260300192,0.0
344,212,0.6162790697674418,91.98028301886794,1.31759567274601,0.25,0.0648148148148148,4,0,0.1839622641509433,10,4.716981132075472,Q8NAA5,Q8NAA5,,LRRC75A,False,344,1208.0,-0.1058969111869937,-0.1042814235235434,0.0074503311258278,0.0,1775.0,2.134111715018592,2.0633166,0.8112676056338028,0.2349295774647887,,4,0.05660377358490566,0.5,0.0,0.08256262448441606,0.0
612,574,0.937908496732026,92.76160278745644,1.3076328050485957,0.2678571428571428,0.1214285714285714,7,2,0.2020905923344947,23,4.006968641114982,Q8NAB2,Q8NAB2,,KBTBD3,False,612,1208.0,-0.0907257664043709,-0.0832284560745549,0.0066225165562913,0.0008278145695364,1775.0,2.119565006653521,2.0830636,0.9645070422535212,0.0884507042253521,,28,0.2735191637630662,0.7060081362724304,6.822242551202154,0.2134497617684962,1.4562060472809977
558,525,0.9408602150537636,91.97980952380952,1.2073327820869428,0.3359375,0.11328125,8,2,0.238095238095238,30,5.714285714285714,Q8NBE8,Q8NBE8,,KLHL23,False,558,,,,,,1775.0,3.508128150039437,3.6021242,0.9487323943661972,0.6867605633802817,,27,0.30666666666666664,0.6445066332817078,7.439648472738386,0.13844960673021625,1.0300164052616836
344,214,0.622093023255814,83.57523364485981,2.072966031300985,0.5307692307692308,0.1538461538461538,12,6,0.2663551401869158,45,21.02803738317757,Q8NBM4,Q8NBM4,,UBAC2,False,344,1208.0,0.0601241857022358,0.0570218541128993,0.0008278145695364,0.0,1775.0,5.306601075661972,5.3300276,1.0,0.9954929577464788,,0,0.009345794392523364,0.5,0.0,0.1280001586826727,0.0
400,247,0.6175,89.80846153846153,3.2272902800737744,0.4585987261146497,0.1210191082802547,25,3,0.2186234817813765,26,10.526315789473683,Q8NC42,Q8NC42,,RNF149,False,400,1208.0,-0.0315137313973563,-0.0386850418319235,0.0049668874172185,0.0,1775.0,4.7249915090394365,4.7843943,0.9898591549295774,0.9723943661971832,,11,0.29959514170040485,0.5092738270759583,3.9723093214687886,0.10792700292005859,0.4287194397375379
237,204,0.8607594936708861,92.473137254902,2.095350905309354,0.2913385826771653,0.1102362204724409,9,1,0.1911764705882352,10,4.901960784313726,Q8NC69,Q8NC69,,KCTD6,False,237,1208.0,0.0107123863447935,0.0125123188069201,0.0016556291390728,0.0,1775.0,3.251174779385916,3.232056,0.9949295774647888,0.6309859154929578,,6,0.3480392156862745,0.09026137739419937,5.009002104101902,0.19097766316518486,0.9566075166308753
708,159,0.2245762711864407,82.63937106918239,2.8074816935220746,0.3310810810810811,0.0337837837837837,10,3,0.0754716981132075,3,1.8867924528301887,Q8NCN4,Q8NCN4,,RNF169,False,708,1208.0,-0.1120236882087162,-0.1081619829703661,0.0115894039735099,0.0008278145695364,1775.0,2.7311497922929573,2.7516308,0.9791549295774647,0.3583098591549296,,1,0.018867924528301886,0.5,0.0,0.46450732991020854,0.0
570,192,0.3368421052631579,84.21192708333334,2.080426157789316,0.2619047619047619,0.1031746031746031,5,1,0.2135416666666666,14,7.291666666666667,Q8NCP5,Q8NCP5,,ZBTB44,False,570,1208.0,0.0672462438095924,0.0693509874111933,0.0024834437086092,0.0,1775.0,3.639387928676056,3.6168869,1.0,0.7701408450704226,,4,0.16145833333333334,0.5,0.0,0.3252051608760538,0.0
510,385,0.7549019607843137,88.77771428571428,1.2551011806303238,0.3384615384615385,0.1282051282051282,8,4,0.2051948051948052,23,5.974025974025974,Q8NCQ5,Q8NCQ5,,FBXO15,False,510,1208.0,0.0628145772200093,0.0625167780791843,0.0008278145695364,0.0,1775.0,0.6242907328107042,0.46084213,0.1887323943661971,0.0045070422535211,,19,0.4155844155844156,0.3015923500061035,10.394265700727601,0.08562699313358392,0.8900297177848492
797,637,0.7992471769134254,92.0693092621664,1.2565277055768151,0.2669039145907473,0.0747330960854092,7,6,0.1695447409733124,15,2.354788069073784,Q8TEL6,Q8TEL6,,TRPC4AP,False,797,1208.0,0.0350158270488418,0.0438375874571693,0.0041390728476821,0.0,1775.0,5.196615911774648,5.21968,1.0,0.9977464788732394,,0,0.0,0.5,0.0,0.23743504962168888,0.0
875,490,0.56,91.51610204081632,1.866844976649228,0.3611111111111111,0.0586419753086419,21,5,0.1612244897959183,23,4.6938775510204085,Q8TF61,Q8TF61,,FBXO41,False,875,1208.0,-0.1467190277905507,-0.1455468006222125,0.0173841059602649,0.0,1775.0,2.404489917488451,2.3903127,0.8743661971830986,0.3025352112676056,,10,0.11224489795918367,0.34168824553489685,5.049092892596212,0.056760205946056234,0.28658755242452977
664,542,0.8162650602409639,87.47843173431734,1.5292444311532511,0.575,0.2222222222222222,31,16,0.3302583025830258,146,26.937269372693727,Q8WU17,Q8WU17,,RNF139,False,664,1208.0,-0.1579112232890256,-0.1493359497146631,0.0190397350993377,0.0016556291390728,1775.0,4.67712193256338,4.6466985,1.0,0.9943661971830986,,1,0.012915129151291513,0.5,0.0,0.0898846013662522,0.0
427,354,0.8290398126463701,93.46257062146891,1.0492010835981307,0.3647798742138364,0.1132075471698113,7,2,0.1864406779661017,30,8.47457627118644,Q92466,Q92466,,DDB2,False,427,1208.0,-0.0772742874456368,-0.0764761756304089,0.0049668874172185,0.0,1775.0,4.771502644225352,4.7783556,1.0,0.9594366197183098,,27,0.4689265536723164,0.3169972896575928,14.322651237640962,0.2647678411079482,3.7921774471322798
292,206,0.7054794520547946,95.41665048543686,1.3906299958573294,0.2053571428571428,0.0714285714285714,4,0,0.1650485436893204,12,5.825242718446602,Q92564,Q92564,,DCUN1D4,False,292,1208.0,0.0125484356281099,0.0043253776271008,0.0057947019867549,0.0,1775.0,4.598037295397184,4.6819158,0.9977464788732394,0.9633802816901408,,2,0.04854368932038835,0.5,0.0,0.15182289818489458,0.0
1164,551,0.4733676975945017,89.46974591651544,2.4998418212108344,0.3529411764705882,0.08,19,11,0.1252268602540834,7,1.2704174228675136,Q92574,Q92574,,TSC1,False,1164,1208.0,0.0279897187500177,0.0299389363685072,0.091887417218543,0.0057947019867549,1775.0,3.891220187211267,3.921817,1.0,0.9312676056338028,,0,0.0,0.5,0.0,0.045470927251518835,0.0
585,565,0.9658119658119658,95.14985840707963,1.1085695381799,0.2673992673992674,0.1245421245421245,5,1,0.2176991150442478,31,5.486725663716814,Q92624,Q92624,,APPBP2,False,585,1208.0,-0.0149566524277307,-0.0127229542167839,0.0066225165562913,0.0,1775.0,3.869633120056338,3.9208934,0.99943661971831,0.887887323943662,,0,0.0,0.5,0.0,0.242248870790031,0.0
601,387,0.6439267886855241,97.10865633074935,1.2459456175933967,0.2824858757062147,0.1129943502824858,5,1,0.2041343669250646,24,6.2015503875969,Q92630,Q92630,,DYRK2,False,601,1208.0,-0.0752937026012146,-0.0677209784109828,0.0033112582781456,0.0,1775.0,3.6986523888450704,3.6885386,1.0,0.8045070422535211,,9,0.15503875968992248,0.5464197993278503,3.0173681522855835,0.16037211562192616,0.4839017141922613
1020,363,0.3558823529411765,96.62085399449036,0.9863151858321147,0.2913907284768212,0.086092715231788,5,1,0.1900826446280991,36,9.917355371900827,Q92834,Q92834,,RPGR,False,1020,1208.0,0.0673789559583578,0.0648595959088009,0.0,0.0,1775.0,2.7258210316980285,2.699374,0.992676056338028,0.3571830985915493,,27,0.45179063360881544,0.26408207416534424,15.921536947323013,0.32911971862965217,5.240091760254561
594,521,0.877104377104377,93.20637236084454,1.5461535376868174,0.2648221343873518,0.075098814229249,4,0,0.182341650671785,16,3.071017274472169,Q92990,Q92990,,GLMN,False,594,1208.0,-0.3783654033166482,-0.3519815287880208,0.2922185430463576,0.015728476821192,1775.0,3.731462396828169,3.7354896,0.99943661971831,0.8456338028169014,,0,0.0,0.5,0.0,0.08185950665223239,0.0
2554,2086,0.8167580266249022,87.36086768935763,1.1054452572935936,0.2663101604278075,0.0834224598930481,6,4,0.2003835091083413,37,1.7737296260786195,Q93008,Q93008,,USP9X,False,2554,1208.0,-0.6926996497053004,-0.6865133879690861,0.6879139072847682,0.2127483443708609,1775.0,4.9514571803380285,5.00105,1.0,0.9830985915492958,,23,0.07670182166826463,0.4851568341255188,8.71617546003851,0.2290965844671714,1.996846027511399
780,731,0.9371794871794872,91.76199726402189,1.716575357162401,0.2473958333333333,0.0520833333333333,5,1,0.2079343365253078,39,5.33515731874145,Q93034,Q93034,,CUL5,False,780,1208.0,0.1995011889016383,0.2014211490079352,0.0008278145695364,0.0,1775.0,3.7207753189577466,3.7854354,0.9988732394366198,0.8676056338028169,,10,0.06429548563611491,0.3957272171974182,4.53185187596509,0.09765114450213662,0.442540522402146
2177,1147,0.5268718419843822,86.83691368788143,1.4391462108077246,0.257201646090535,0.0658436213991769,7,4,0.1996512641673932,20,1.7436791630340016,Q93074,Q93074,,MED12,False,2177,1208.0,-0.5562145703523845,-0.5711424040658898,0.570364238410596,0.1647350993377483,1775.0,3.6706277986140847,3.6912103,0.9966197183098592,0.7892957746478874,,1,0.0034873583260680036,0.5,0.0,0.10022736279361595,0.0
707,475,0.6718528995756718,95.76825263157896,1.4621329729747954,0.2839506172839506,0.0823045267489712,12,3,0.1705263157894737,12,2.526315789473684,Q969H0,Q969H0,,FBXW7,False,707,1208.0,-0.0054842155872692,0.0110316873788628,0.0471854304635761,0.0049668874172185,1775.0,3.6757301710760566,3.6134374,0.99943661971831,0.811830985915493,,32,0.3936842105263158,0.3007969558238983,17.534002419438558,0.09372068521508242,1.6432987213126946
372,203,0.5456989247311828,92.71108374384238,1.889918425606915,0.2992700729927007,0.0802919708029197,7,1,0.1773399014778325,12,5.911330049261084,Q969K3,Q969K3,,RNF34,False,372,1208.0,-0.0480536200109852,-0.0453394362236321,0.0066225165562913,0.0,1775.0,5.07241721143662,5.0802865,1.0,0.9966197183098592,,4,0.08866995073891626,0.5,0.0,0.2455127209461766,0.0
478,436,0.9121338912133892,89.90107798165137,1.2827156821329146,0.2987012987012987,0.0779220779220779,5,4,0.2110091743119266,14,3.211009174311927,Q969K4,Q969K4,,ABTB1,False,478,1208.0,0.0576000587962115,0.0568142134516066,0.0,0.0,1775.0,3.38995494659155,3.4008534,0.9892957746478872,0.6580281690140845,,8,0.08256880733944955,0.2670023441314697,4.6900200308391184,0.16937143696641074,0.7943554320244716
185,157,0.8486486486486486,96.78019108280256,1.2802011538838027,0.2659574468085106,0.0744680851063829,7,2,0.1847133757961783,7,4.45859872611465,Q969M7,Q969M7,,UBE2F,False,185,1208.0,0.0210622655020493,0.0221753797942542,0.0273178807947019,0.0016556291390728,1775.0,5.352570615830986,5.3892536,1.0,0.9977464788732394,,4,0.12738853503184713,0.5,0.0,0.19710174278189008,0.0
355,266,0.7492957746478873,91.02992481203007,1.4257008785180132,0.3109756097560975,0.1036585365853658,9,1,0.1654135338345864,6,2.255639097744361,Q969P5,Q969P5,,FBXO32,False,355,1208.0,0.1169488056202197,0.1163514806935345,0.0,0.0,1775.0,3.3864532725476053,3.162682,0.8845070422535212,0.5307042253521127,,4,0.07142857142857142,0.5,0.0,0.1810764958121766,0.0
353,286,0.8101983002832861,91.2137062937063,3.2498984389108894,0.3813559322033898,0.0805084745762711,12,6,0.1818181818181818,10,3.4965034965034967,Q969Q1,Q969Q1,,TRIM63,False,353,1208.0,0.089844024438061,0.0860872474044926,0.0,0.0,1775.0,0.3460964275853521,0.01571022,0.0692957746478873,0.0467605633802816,,7,0.07342657342657342,0.17981506884098053,4.885540925863684,0.16321757831843414,0.7974061586950711
207,151,0.7294685990338164,97.25264900662252,1.3232770175318105,0.3214285714285714,0.0595238095238095,5,2,0.2317880794701986,27,17.880794701986755,Q969T4,Q969T4,,UBE2E3,False,207,1208.0,-0.1878424290644012,-0.1834779911241691,0.0190397350993377,0.0,1775.0,6.094628623926196,6.184201,0.9904225352112676,0.983661971830986,,4,0.152317880794702,0.5,0.0,0.26662150029072873,0.0
566,456,0.8056537102473498,92.47423245614036,1.148697431200945,0.3857868020304568,0.116751269035533,8,4,0.219298245614035,23,5.043859649122807,Q969U6,Q969U6,,FBXW5,False,566,1208.0,-0.0352749963416245,-0.0362769266518337,0.0,0.0,1775.0,5.1988706051831,5.297316,1.0,0.9938028169014084,,26,0.4144736842105263,0.2672007083892822,15.23651913938244,0.11269136037882123,1.7170240692549537
352,336,0.9545454545454546,91.41261904761905,2.314967923196116,0.3684210526315789,0.1140350877192982,24,4,0.2172619047619047,33,9.821428571428571,Q969V5,Q969V5,,MUL1,False,352,1208.0,-0.0199186573656627,-0.0107520583597251,0.009933774834437,0.0,1775.0,4.098015589397183,4.1266093,0.9977464788732394,0.956056338028169,,14,0.32142857142857145,0.5933818221092224,4.272903981363172,0.13519697474467432,0.5776836916547752
273,243,0.8901098901098901,94.3037037037037,1.2154522396402248,0.4065040650406504,0.073170731707317,7,2,0.1893004115226337,16,6.584362139917696,Q96A44,Q96A44,,SPSB4,False,273,1208.0,0.0604894568046708,0.0622773971324882,0.0008278145695364,0.0,1775.0,0.5042087142461972,0.02589061,0.1605633802816901,0.0546478873239436,,15,0.35390946502057613,0.36171653866767883,7.276260944674581,0.09808708811905865,0.7137072484575606
297,147,0.494949494949495,87.95442176870748,2.1199583343115846,0.3454545454545454,0.0636363636363636,13,2,0.1700680272108843,11,7.482993197278912,Q96A61,Q96A61,,TRIM52,False,297,1208.0,-0.0249539400566266,-0.0195386175777772,0.0033112582781456,0.0,1775.0,3.388551886360564,3.4616463,0.9977464788732394,0.6794366197183098,,5,0.16326530612244897,0.5,0.0,0.11963316001165417,0.0
955,850,0.8900523560209425,90.32543529411764,1.2238416527681792,0.2879120879120879,0.0615384615384615,8,7,0.1894117647058823,19,2.235294117647059,Q96AX9,Q96AX9,,MIB2,False,955,1208.0,-0.119007629982624,-0.114657068713819,0.009933774834437,0.0,1775.0,4.034041509560564,4.144805,0.9966197183098592,0.8157746478873239,,31,0.1811764705882353,0.4566286504268646,12.437671652946655,0.032460871399140785,0.40373766003104017
151,130,0.8609271523178808,91.7356153846154,1.2626031812888334,0.25,0.0394736842105263,4,0,0.2230769230769231,10,7.6923076923076925,Q96B02,Q96B02,,UBE2W,False,151,383.0,0.0174774895394379,0.0242527283272455,0.0261096605744125,0.0,1775.0,4.279039778647888,4.304679,1.0,0.943661971830986,,4,0.17692307692307693,0.5,0.0,0.32525926867949406,0.0
404,36,0.0891089108910891,82.38055555555553,4.07702096303304,0.3333333333333333,0.0277777777777777,3,0,0.0555555555555555,0,0.0,Q96B23,Q96B23,,ARK2N,False,404,1208.0,-0.0024343607820812,0.0034318094072249,0.0024834437086092,0.0,1775.0,3.695367342197183,3.7043962,0.9988732394366198,0.8585915492957746,,0,0.0,0.5,0.0,0.12218282624238504,0.0
710,360,0.5070422535211268,86.01175,2.0458518882444308,0.3035714285714285,0.0642857142857142,10,4,0.1333333333333333,9,2.5,Q92541,Q92541,,RTF1,False,710,1208.0,-0.6659334151563361,-0.661581438705436,0.8013245033112583,0.0678807947019867,1775.0,4.501199305239437,4.5403867,1.0,0.984225352112676,,4,0.13055555555555556,0.5,0.0,0.27369159723296277,0.0
363,205,0.5647382920110193,92.2878536585366,1.5148766987234406,0.2846153846153846,0.0692307692307692,5,1,0.1853658536585365,12,5.853658536585367,Q8WZ73,Q8WZ73,,RFFL,False,363,1208.0,-0.245039319453706,-0.2365692612685237,0.0720198675496688,0.0,1775.0,3.5015424607887327,3.4664574,0.9988732394366198,0.6907042253521126,,5,0.09268292682926829,0.5,0.0,0.2193870639175413,0.0
223,189,0.8475336322869955,95.57592592592592,1.248826069049095,0.404040404040404,0.0707070707070707,11,1,0.2116402116402116,24,12.698412698412698,Q8WUJ0,Q8WUJ0,,STYX,False,223,1208.0,-0.0016345888355164,0.0044036521127496,0.0049668874172185,0.0,1775.0,3.707070198197183,3.7149708,1.0,0.8529577464788732,,5,0.15343915343915343,0.5,0.0,0.1251162960165892,0.0
621,552,0.8888888888888888,92.51954710144926,1.4453237919954678,0.3074074074074074,0.0777777777777777,10,2,0.1992753623188405,28,5.072463768115942,Q8WZ60,Q8WZ60,,KLHL6,False,621,1208.0,0.0362218083634527,0.0418505701023223,0.0049668874172185,0.0008278145695364,1775.0,0.6665648461470424,0.025842428,0.1526760563380281,0.1216901408450704,,28,0.2807971014492754,0.7684876322746277,6.020854818242223,0.17305387687780432,1.0419322684152246
495,377,0.7616161616161616,88.00511936339522,1.143594362339438,0.3125,0.096590909090909,9,3,0.2175066312997347,12,3.183023872679045,Q8WV16,Q8WV16,,DCAF4,False,495,1208.0,-0.1604898433618606,-0.1552946889439149,0.0198675496688741,0.0,1775.0,3.7054408303938033,3.7012718,0.9971830985915492,0.8456338028169014,,30,0.4854111405835544,0.45487985014915466,12.078628863215823,0.12424035857124346,1.5006531810149046
266,234,0.8796992481203008,94.57388888888887,1.294484894953808,0.25,0.0859375,6,1,0.1923076923076923,6,2.564102564102564,Q8WV22,Q8WV22,,NSMCE1,False,266,1208.0,-0.5656229334331727,-0.5569504795408247,0.6034768211920529,0.0529801324503311,1775.0,5.776895702197183,5.796304,1.0,0.99943661971831,,5,0.14957264957264957,0.5,0.0,0.08444144462166903,0.0
630,420,0.6666666666666666,88.9045238095238,2.359804770339963,0.3469387755102041,0.0578231292517006,15,6,0.1928571428571428,13,3.095238095238096,Q8WV44,Q8WV44,,TRIM41,False,630,1208.0,-0.0433256160848049,-0.0322274776845603,0.0033112582781456,0.0008278145695364,1775.0,3.903456811492958,3.9614103,1.0,0.9014084507042254,,18,0.23095238095238096,0.5584542155265808,5.89122129546802,0.1832049217089315,1.0793007362062086
666,143,0.2147147147147147,83.32195804195804,2.5601123078616927,0.3421052631578947,0.1228070175438596,10,3,0.2307692307692307,31,21.67832167832168,Q8WVC0,Q8WVC0,,LEO1,False,666,1208.0,-0.2125973825596224,-0.2038991769961467,0.0769867549668874,0.0024834437086092,1775.0,4.636517336450704,4.6548023,1.0,0.9909859154929578,,10,0.42657342657342656,0.27210211753845215,5.803033847307124,0.12516393623611832,0.7263305584403853
245,188,0.7673469387755102,89.09218085106384,1.4833682397062369,0.2575757575757575,0.0984848484848484,8,2,0.1648936170212765,10,5.319148936170213,Q8WVD3,Q8WVD3,,RNF138,False,245,1208.0,-0.045659431703325,-0.0407282757057677,0.0082781456953642,0.0,1775.0,4.958657916845071,4.9733543,1.0,0.9769014084507044,,4,0.0851063829787234,0.5,0.0,0.2120065940042199,0.0
230,189,0.8217391304347826,89.33613756613757,1.4466467998442745,0.3643410852713178,0.0775193798449612,7,3,0.1746031746031746,8,4.232804232804233,Q8WVD5,Q8WVD5,,RNF141,False,230,1208.0,0.0122409005028985,0.0119267152021872,0.0,0.0,1775.0,4.369974604591549,4.3442674,0.99943661971831,0.9605633802816902,,3,0.15343915343915343,0.5,0.0,0.17138650891203253,0.0
259,213,0.8223938223938224,89.80661971830985,1.6804932431890898,0.3,0.123076923076923,7,1,0.1690140845070422,5,2.3474178403755865,Q8WVF5,Q8WVF5,,KCTD4,False,259,1208.0,0.0741893742853091,0.0730584158309841,0.0,0.0,1775.0,0.3302657810349295,0.03181298,0.0991549295774647,0.0332394366197183,,10,0.2347417840375587,0.3521731495857239,4.9443167903595295,0.10484810691961188,0.5184022554800483
375,312,0.832,90.7434935897436,1.1856803545427752,0.2603550295857988,0.0650887573964497,3,0,0.2307692307692307,31,9.935897435897436,Q8WVN8,Q8WVN8,,UBE2Q2,False,375,1208.0,0.0071202807918982,0.0102001848131656,0.0,0.0,1775.0,4.493675489988732,4.503565,0.9954929577464788,0.971830985915493,,8,0.15705128205128205,0.18487709760665894,5.527233098487541,0.25399998659700274,1.4039171329343452
376,263,0.699468085106383,90.3284030418251,2.8640446277314338,0.3734939759036144,0.1325301204819277,18,1,0.1673003802281368,11,4.182509505703422,Q8WVZ7,Q8WVZ7,,RNF133,False,376,1208.0,0.0355430379722971,0.0368482979736818,0.0,0.0,1775.0,0.1055641476709859,0.021071736,0.0118309859154929,0.0005633802816901,,10,0.2813688212927757,0.4338914155960083,4.198814660650246,0.0924773970336907,0.3882954504438341
684,530,0.7748538011695907,91.48901886792454,1.3039205383133337,0.3197026022304832,0.0855018587360594,11,3,0.2037735849056604,20,3.7735849056603774,Q8WVZ9,Q8WVZ9,,KBTBD7,False,684,1165.0,0.0392467793936838,0.037647653265912,0.0,0.0,1775.0,2.2366071410732395,2.214103,0.9464788732394366,0.1645070422535211,,27,0.30754716981132074,0.666792094707489,7.1153375795213885,0.2361419726546543,1.6802298521319738
429,204,0.4755244755244755,86.69088235294119,2.5530505247626034,0.4590163934426229,0.1065573770491803,20,3,0.25,14,6.862745098039216,Q8WWF5,Q8WWF5,,ZNRF4,False,429,1208.0,0.0426507343138386,0.0486199306504107,0.0008278145695364,0.0,1775.0,0.0055799195442253,0.0,0.0005633802816901,0.0005633802816901,,8,0.22549019607843138,0.576315701007843,2.526437328201863,0.3059489762518394,0.7729609141277924
1683,447,0.2655971479500891,82.75648769574944,1.8491961429384307,0.2971428571428571,0.0628571428571428,8,4,0.1498881431767337,14,3.131991051454139,Q8WWI1,Q8WWI1,,LMO7,False,1683,1208.0,0.1559602150776169,0.1569027358636177,0.0,0.0,1775.0,5.306553270822536,5.4009137,0.991549295774648,0.8816901408450705,,9,0.11185682326621924,0.17077505588531494,6.396010685127393,0.2495517497786107,1.5961356580762314
329,279,0.8480243161094225,91.97827956989246,1.3603052146843335,0.3836477987421384,0.1320754716981132,12,4,0.2114695340501792,53,18.99641577060932,Q8WWX0,Q8WWX0,,ASB5,False,329,1208.0,0.1197761994905185,0.1200468748214477,0.0008278145695364,0.0,1775.0,0.2835703721447887,0.022727154,0.0709859154929577,0.028169014084507,,0,0.0,0.5,0.0,0.10849855557877627,0.0
323,293,0.9071207430340558,91.00897610921504,1.4980585294826376,0.4152046783625731,0.1345029239766081,21,3,0.2150170648464164,49,16.723549488054605,Q8WXH4,Q8WXH4,,ASB11,False,323,1208.0,0.2221261840668843,0.2239929125645957,0.0,0.0,1775.0,0.095630854249014,0.0,0.0230985915492957,0.0084507042253521,,0,0.0,0.5,0.0,0.08505287926590055,0.0
440,208,0.4727272727272727,91.6212980769231,1.7400964136224937,0.4090909090909091,0.1515151515151515,8,3,0.2019230769230769,23,11.057692307692308,Q8WXH5,Q8WXH5,,SOCS4,False,440,1208.0,-0.0839510320580015,-0.0884224867610977,0.0041390728476821,0.0,1775.0,3.872246748169014,3.875721,0.99943661971831,0.908169014084507,,7,0.1971153846153846,0.3057640790939331,3.7976482397475233,0.07345588694791262,0.2789596197668334
277,184,0.6642599277978339,89.57842391304348,1.6551649549267489,0.3125,0.1041666666666666,4,0,0.1902173913043478,9,4.891304347826087,Q8WXH6,Q8WXH6,,RAB40A,False,277,1047.0,-0.0589419209262138,-0.056463412920648,0.0009551098376313,0.0,1775.0,0.6924771928242254,0.6260578,0.2428169014084507,0.0028169014084507,,6,0.23369565217391305,0.19592292606830597,4.054849682006288,0.09136969938331288,0.3704903964894363
467,366,0.7837259100642399,88.5864480874317,1.4677275223563249,0.3146067415730337,0.0786516853932584,9,1,0.2459016393442623,19,5.191256830601093,Q8WXI3,Q8WXI3,,ASB10,False,467,1208.0,-0.0057184561628887,-0.0070285983917416,0.0,0.0,1775.0,0.0051337656805633,0.0,0.0,0.0,,0,0.0,0.5,0.0,0.11019818744421729,0.0
295,249,0.8440677966101695,91.8262248995984,1.2550141429526989,0.3414634146341463,0.1056910569105691,8,1,0.2289156626506024,37,14.859437751004014,Q8WXJ9,Q8WXJ9,,ASB17,False,295,1208.0,-0.0569704242433789,-0.0550599201164145,0.0024834437086092,0.0,1775.0,0.0021115778535211,0.0,0.0,0.0,,0,0.0,0.5,0.0,0.19744338704601402,0.0
588,514,0.8741496598639455,93.2431906614786,1.598368076054406,0.3109243697478991,0.1176470588235294,7,2,0.2062256809338521,28,5.447470817120623,Q8WXK1,Q8WXK1,,ASB15,False,588,1208.0,0.1768446591252652,0.1709469577229903,0.0,0.0,1775.0,0.0336022648929577,0.0,0.0067605633802816,0.0016901408450704,,0,0.0,0.5,0.0,0.19126597749603205,0.0
278,259,0.9316546762589928,95.56969111969111,1.325706560900743,0.3333333333333333,0.0869565217391304,9,1,0.2239382239382239,37,14.285714285714285,Q8WXK3,Q8WXK3,,ASB13,False,278,1208.0,0.1266965529304932,0.1251595320044609,0.0008278145695364,0.0,1775.0,3.1390668386,3.1586828,0.9723943661971832,0.5684507042253522,,0,0.015444015444015444,0.5,0.0,0.1532559970342516,0.0
309,246,0.7961165048543689,89.47845528455285,1.4068484393837204,0.3308270676691729,0.112781954887218,8,3,0.2195121951219512,33,13.414634146341465,Q8WXK4,Q8WXK4,,ASB12,False,309,1208.0,0.0406840649471127,0.0432599370133248,0.0,0.0,1775.0,0.1243800432884507,0.03253535,0.0090140845070422,0.0,,0,0.0,0.5,0.0,0.14839992019813647,0.0
445,381,0.8561797752808988,91.82396325459318,1.2385450088407697,0.3139013452914798,0.085201793721973,9,3,0.2230971128608924,20,5.2493438320209975,Q8WY64,Q8WY64,,MYLIP,False,445,1208.0,0.0735876823797038,0.0806518211172645,0.0115894039735099,0.0008278145695364,1775.0,2.954358118845634,3.012978,0.9509859154929576,0.5047887323943662,,17,0.23622047244094488,0.37424787878990173,8.042319901049169,0.05533604007513897,0.4450301363415444
329,232,0.7051671732522796,92.84525862068966,2.002678932869585,0.2686567164179104,0.0671641791044776,4,0,0.2025862068965517,12,5.172413793103448,Q8WZ19,Q8WZ19,,KCTD13,False,329,1208.0,0.0541707878766338,0.0493573529698985,0.0,0.0,1775.0,3.50449886731831,3.5153215,0.9977464788732394,0.7487323943661972,,10,0.2413793103448276,0.4965432286262512,3.704316034900681,0.29269424014553036,1.0842319670941587
381,267,0.7007874015748031,93.89086142322098,1.715691949400703,0.2317073170731707,0.0975609756097561,8,2,0.1910112359550561,27,10.112359550561797,Q9BWX1,Q9BWX1,,PHF7,False,381,1208.0,-0.057875014193714,-0.0571670193227293,0.0008278145695364,0.0,1775.0,2.659200061988732,2.60046,0.9752112676056338,0.323943661971831,,6,0.10486891385767791,0.20676088333129883,3.967902837340362,0.09299906412106025,0.3690112503959532
425,307,0.7223529411764706,93.32250814332248,3.166862364853453,0.3358778625954198,0.1106870229007633,11,7,0.2019543973941368,12,3.908794788273615,Q9BZY9,Q9BZY9,,TRIM31,False,425,1208.0,0.0776335477611774,0.0774472767059651,0.0,0.0,1775.0,0.7066465322157747,0.08537435,0.1723943661971831,0.0867605633802817,,7,0.0749185667752443,0.22794033586978912,4.437226314596967,0.10726034352833419,0.47593841881663496
525,425,0.8095238095238095,92.77322352941177,1.511735605140892,0.3133047210300429,0.0472103004291845,10,3,0.2188235294117647,29,6.8235294117647065,Q9BX70,Q9BX70,,BTBD2,False,525,1208.0,0.0088679310676594,0.0157949457296563,0.0008278145695364,0.0,1775.0,5.057283022028169,5.0914884,1.0,0.992676056338028,,15,0.24941176470588236,0.6895229816436768,3.777280241453296,0.14820306748249326,0.5598045185243913
423,391,0.9243498817966904,95.56383631713555,1.2509978567292144,0.2564102564102564,0.123076923076923,8,3,0.1202046035805626,7,1.7902813299232736,Q9UKC9,Q9UKC9,,FBXL2,False,423,1208.0,-0.0293662328067268,-0.0247279694838742,0.0016556291390728,0.0,1775.0,2.338945358243381,2.5042136,0.8326760563380282,0.3008450704225352,,14,0.10741687979539642,0.29100459814071655,7.822843702956752,0.3004133695084045,2.350086835942842
481,455,0.945945945945946,91.89356043956045,2.3161910682241293,0.3322683706070287,0.0830670926517571,15,5,0.2043956043956044,48,10.54945054945055,Q9UDY6,Q9UDY6,,TRIM10,False,481,1208.0,-0.0562327928874259,-0.0546249736199066,0.0016556291390728,0.0,1775.0,0.1791009880766197,0.007024665,0.0619718309859154,0.0056338028169014,,18,0.2087912087912088,0.5201908946037292,6.359755725592413,0.10961239551330419,0.6971080599616364
824,621,0.7536407766990292,91.7685346215781,1.2421637536643488,0.2949152542372881,0.0779661016949152,7,2,0.1884057971014492,18,2.898550724637681,Q9UDY8,Q9UDY8,,MALT1,False,824,1208.0,0.1233748113652221,0.126499907500873,0.0,0.0,1775.0,3.709470276749296,3.7266896,0.9938028169014084,0.7611267605633802,,33,0.3075684380032206,0.23480570316314697,20.633091184383737,0.01586625297152948,0.3273698443160672
701,376,0.536376604850214,95.56598404255318,1.2591416658914725,0.2747252747252747,0.0989010989010989,7,1,0.1276595744680851,9,2.393617021276596,Q9UF56,Q9UF56,,FBXL17,False,701,1208.0,-0.0045411635604013,0.0007576531764912,0.0066225165562913,0.0,1775.0,3.196888364687324,3.2472365,0.9932394366197184,0.6236619718309859,,13,0.11436170212765957,0.3238323926925659,6.80246177278617,0.3005964173442776,2.044795638020926
587,555,0.9454855195911414,93.154018018018,1.377371089903846,0.2857142857142857,0.0662020905923344,12,2,0.2126126126126126,40,7.207207207207207,Q9UH77,Q9UH77,,KLHL3,False,587,1208.0,-0.1034745297946394,-0.1027179194845347,0.0008278145695364,0.0,1775.0,0.9474818647002816,0.8161762,0.4078873239436619,0.0135211267605633,,27,0.26306306306306304,0.7884889841079712,5.578159580959155,0.09886787151805479,0.5515007647574761
709,449,0.6332863187588152,89.28309576837417,1.5433405882575832,0.3835616438356164,0.1267123287671233,9,7,0.2271714922048997,48,10.69042316258352,Q9UH90,Q9UH90,,FBXO40,False,709,1208.0,-0.016547038557308,-0.0138132553879436,0.0,0.0,1775.0,0.0260705111847887,0.0,0.0033802816901408,0.0,,14,0.15367483296213807,0.4933362901210785,5.219411986959251,0.08734146473975543,0.45587108802125825
482,231,0.479253112033195,86.891341991342,1.7654594571428714,0.3546511627906977,0.1744186046511628,5,3,0.1991341991341991,8,3.463203463203463,Q9UHC7,Q9UHC7,,MKRN1,False,482,1208.0,-0.3076082247020877,-0.2987261379135956,0.1034768211920529,0.0,1775.0,5.755563352788732,5.7549596,1.0,0.99943661971831,,2,0.03463203463203463,0.5,0.0,0.3209359434480744,0.0
1024,906,0.884765625,90.70931567328918,1.3731793369998295,0.2177215189873417,0.0886075949367088,5,1,0.1876379690949227,39,4.304635761589404,Q9UII4,Q9UII4,,HERC5,False,1024,1208.0,0.0156836366806641,0.0178015008853179,0.0008278145695364,0.0,1775.0,1.9201744649836616,1.755866,0.6450704225352113,0.2591549295774648,,33,0.2041942604856512,0.6677525639533997,8.679834256005279,0.08363645994684514,0.7259506100976398
491,359,0.7311608961303462,90.14796657381616,1.7982160749621463,0.2767857142857143,0.0848214285714285,14,3,0.1615598885793872,17,4.735376044568245,Q9UJ41,Q9UJ41,,RABGEF1,False,491,383.0,-0.1946080643409784,-0.1653202744452154,0.1018276762402088,0.0026109660574412,1775.0,4.240237627549297,4.2326913,1.0,0.9825352112676056,,0,0.0,0.5,0.0,0.1309951739482591,0.0
1249,185,0.1481184947958366,89.0327027027027,1.4111740486797597,0.3428571428571428,0.1142857142857142,7,2,0.254054054054054,24,12.972972972972974,Q9UJ55,Q9UJ55,,MAGEL2,False,1249,77.0,0.0343610533428763,0.0371497818882152,0.0,0.0,1775.0,0.1777706957030985,0.0,0.0659154929577464,0.0101408450704225,,5,0.16216216216216217,0.5,0.0,0.13328980894535525,0.0
597,556,0.931323283082077,94.24739208633096,1.4039122899786174,0.3829787234042553,0.0709219858156028,9,6,0.2320143884892086,15,2.697841726618705,Q9UJP4,Q9UJP4,,KLHL21,False,597,1208.0,0.0009753104957133,0.0057841485333511,0.0033112582781456,0.0,1775.0,3.814896572428169,3.822312,0.9983098591549296,0.8349295774647887,,27,0.2805755395683453,0.7924050688743591,5.534641133830075,0.21515413180949877,1.1908009080263495
491,367,0.7474541751527495,95.5400544959128,1.2771048273399237,0.2808988764044944,0.1292134831460674,8,1,0.1389645776566757,21,5.722070844686648,Q9UJT9,Q9UJT9,,FBXL7,False,491,1208.0,0.0800727844974449,0.0849468642099468,0.0016556291390728,0.0,1775.0,1.2927438777904223,0.1710018,0.4169014084507042,0.2045070422535211,,13,0.10626702997275204,0.3191911578178406,6.865899391799697,0.25342992681369336,1.740024380373979
735,580,0.7891156462585034,89.98329310344828,2.3890808466902445,0.3615384615384615,0.0794871794871794,13,7,0.1913793103448275,30,5.172413793103448,Q9UJV3,Q9UJV3,,MID2,False,735,1208.0,-0.0736918116570294,-0.0702637857214981,0.0033112582781456,0.0,1775.0,1.6610959836952113,1.836938,0.64,0.1667605633802817,,31,0.29482758620689653,0.37813740968704224,14.551766353439273,0.189262096027446,2.7540978009535815
597,520,0.8710217755443886,91.0075,1.294661113300995,0.3008130081300813,0.0934959349593495,13,2,0.2326923076923077,31,5.961538461538462,Q9UJX2,Q9UJX2,,CDC23,False,597,1208.0,-2.2292769796578527,-2.233199378481644,1.0,0.995860927152318,1775.0,5.202520966366197,5.238076,1.0,0.9983098591549296,,0,0.0,0.5,0.0,0.2424752435205845,0.0
565,495,0.8761061946902655,88.76880808080807,1.305712968167256,0.3051470588235294,0.0625,6,5,0.2282828282828282,27,5.454545454545454,Q9UJX3,Q9UJX3,,ANAPC7,False,565,1208.0,-0.1786746831271285,-0.17043609284938,0.0438741721854304,0.0,1775.0,6.124321852676056,6.1951823,1.0,0.9983098591549296,,0,0.0,0.5,0.0,0.18178598432599904,0.0
755,624,0.8264900662251655,88.84628205128206,1.3664338556896365,0.3044982698961938,0.1038062283737024,5,1,0.2516025641025641,68,10.897435897435898,Q9UJX4,Q9UJX4,,ANAPC5,False,755,1208.0,-1.1379932817436509,-1.1300346451925098,0.9859271523178808,0.7003311258278145,1775.0,6.684348719549295,6.7061715,1.0,1.0,,0,0.0,0.5,0.0,0.08581125793455908,0.0
808,654,0.8094059405940595,88.86336391437308,1.2676525864963235,0.2551724137931034,0.0827586206896551,11,2,0.2125382262996941,22,3.3639143730886847,Q9UJX5,Q9UJX5,,ANAPC4,False,808,1208.0,-1.056757973203133,-1.0352181341479243,0.9677152317880796,0.5579470198675497,1775.0,4.282209056732395,4.3304005,1.0,0.968450704225352,,29,0.30275229357798167,0.29277557134628296,16.147168145955252,0.11963265029069176,1.9317285199900622
822,652,0.7931873479318735,85.30662576687116,1.8223994059427069,0.2869080779944289,0.0584958217270195,7,4,0.2346625766871165,28,4.294478527607362,Q9UJX6,Q9UJX6,,ANAPC2,False,822,1208.0,-1.4509688502585174,-1.4276062258567046,0.9950331125827816,0.9031456953642384,1775.0,4.541795438011268,4.6244693,0.99943661971831,0.9577464788732394,,8,0.04754601226993865,0.2258612960577011,5.092245791014321,0.09256752913171935,0.4713766106055934
296,249,0.8412162162162162,94.56915662650604,1.5487887410932646,0.3405797101449275,0.0869565217391304,12,2,0.2208835341365461,28,11.244979919678714,Q9UK22,Q9UK22,,FBXO2,False,296,1208.0,-0.0050922560211031,-0.0066372437222248,0.0024834437086092,0.0,1775.0,2.0039658530647886,1.3377682,0.5864788732394366,0.2704225352112676,,11,0.30522088353413657,0.34145522117614746,5.556591220711929,0.11512495155560891,0.6397022950987826
956,646,0.6757322175732218,92.92402476780188,1.438857561235809,0.3008130081300813,0.1219512195121951,9,2,0.1826625386996904,8,1.238390092879257,Q9UK96,Q9UK96,,FBXO10,False,956,1208.0,0.0264321976065482,0.0279702918937329,0.0,0.0,1775.0,2.032684357239437,1.9665523,0.9030985915492956,0.1138028169014084,,73,0.46439628482972134,0.5225328207015991,25.67181762515882,0.09825335737367738,2.522342271556599
447,328,0.7337807606263982,89.36231707317073,1.6381105704813903,0.3611111111111111,0.1064814814814814,13,4,0.2408536585365853,23,7.01219512195122,Q9UK97,Q9UK97,,FBXO9,False,447,1208.0,-0.1165248055266226,-0.1174100110968734,0.0024834437086092,0.0,1775.0,5.585055560338028,5.6454306,1.0,0.9971830985915492,,9,0.27439024390243905,0.4084871709346771,3.9758964133194037,0.08475498588099536,0.33697704437518616
471,407,0.8641188959660298,95.86717444717443,1.3546376712508723,0.3413461538461538,0.0817307692307692,11,2,0.2014742014742014,22,5.405405405405405,Q9UK99,Q9UK99,,FBXO3,False,471,1208.0,-0.1297529306403034,-0.1195097302842219,0.0132450331125827,0.0008278145695364,1775.0,4.258691567943662,4.2891927,1.0,0.9622535211267604,,15,0.3022113022113022,0.28629180788993835,8.460993361332527,0.04758217998431996,0.4025925089650606
691,403,0.5832127351664255,92.016476426799,1.5065651045821085,0.2727272727272727,0.0858585858585858,8,1,0.1960297766749379,14,3.4739454094292808,Q9UKA1,Q9UKA1,,FBXL5,False,691,1208.0,0.0121368213032901,0.029900044891027,0.0173841059602649,0.0008278145695364,1775.0,4.966379388169014,4.9823637,1.0,0.9949295774647888,,6,0.052109181141439205,0.5099204182624817,2.1639140297073425,0.04370076829714621,0.09456470562718454
621,525,0.8454106280193237,94.66579047619048,1.0607434425755005,0.32,0.0755555555555555,8,3,0.1923809523809523,34,6.476190476190475,Q9UKA2,Q9UKA2,,FBXL4,False,621,1208.0,-0.0232933824473452,-0.0129760169307458,0.0057947019867549,0.0,1775.0,2.9075485348169017,2.9358218,0.9988732394366198,0.4445070422535211,,20,0.19428571428571428,0.16427230834960938,14.399416095767227,0.23257416747641327,3.348932210619528
284,174,0.6126760563380281,93.55425287356324,1.3579648388388603,0.3076923076923077,0.1057692307692307,6,2,0.2183908045977011,13,7.471264367816093,Q9UBV8,Q9UBV8,,PEF1,False,284,1208.0,-0.4160806951381962,-0.4138070567425511,0.2781456953642384,0.0024834437086092,1775.0,5.65445045971831,5.706569,1.0,1.0,,0,0.022988505747126436,0.5,0.0,0.16057132771536134,0.0
474,410,0.8649789029535865,88.75073170731709,2.1181819451935997,0.3358208955223881,0.085820895522388,6,4,0.2195121951219512,13,3.1707317073170733,Q9UBS8,Q9UBS8,,RNF14,False,474,1208.0,-0.1796396069960777,-0.1825983205451672,0.0339403973509933,0.0008278145695364,1775.0,5.283875233183099,5.3113,1.0,0.9932394366197184,,16,0.16585365853658537,0.4857064485549927,6.056764975582221,0.12315294713438149,0.7459084568432506
1215,816,0.671604938271605,96.01626225490196,1.080515750161399,0.3253424657534247,0.1061643835616438,7,2,0.1764705882352941,16,1.96078431372549,Q9UBN7,Q9UBN7,,HDAC6,False,1215,1208.0,0.0280387635459233,0.0293387602915434,0.0,0.0,1775.0,4.7047691703661965,4.70998,1.0,0.9814084507042252,,20,0.11764705882352941,0.3275732696056366,10.387318990676082,0.049943836695565284,0.5187825633750702
1132,494,0.4363957597173145,90.72216599190284,1.369371663272395,0.3004115226337449,0.0946502057613168,4,0,0.2550607287449393,39,7.894736842105263,Q9P203,Q9P203,,BTBD7,False,1132,1208.0,-0.1654996754346711,-0.1661989374425277,0.0182119205298013,0.0,1775.0,3.4900868739380284,3.4972801,0.99943661971831,0.7966197183098591,,6,0.058704453441295545,0.07772950083017349,5.136133030183538,0.14350851072700613,0.7370788020574248
84,84,1.0,92.3742857142857,2.025170595911736,0.421875,0.15625,7,2,0.1666666666666666,7,8.333333333333332,Q9NYG5,Q9NYG5,,ANAPC11,False,84,1208.0,-1.7475466289110009,-1.7513355852394352,0.9966887417218544,0.945364238410596,1775.0,7.177305940112676,7.209073,1.0,1.0,,2,0.07142857142857142,0.5,0.0,0.1559947875669532,0.0
404,330,0.8168316831683168,93.6840606060606,1.0248997701664595,0.373015873015873,0.0952380952380952,8,3,0.203030303030303,46,13.93939393939394,Q9NYS7,Q9NYS7,,WSB2,False,404,1208.0,-0.2034068861756312,-0.1714988581671518,0.0670529801324503,0.0091059602649006,1775.0,5.328078072523943,5.486135,0.9954929577464788,0.9701408450704224,,28,0.47575757575757577,0.33128610253334045,14.434660665916521,0.2565230065858004,3.7028225530666976
730,339,0.4643835616438356,93.0252802359882,1.0084222291422569,0.2539682539682539,0.0714285714285714,3,0,0.1769911504424778,26,7.669616519174041,Q9NZJ0,Q9NZJ0,,DTL,False,730,1208.0,-2.278495316745653,-2.274152418731462,1.0,0.9991721854304636,1775.0,4.5379584072394366,4.7296777,0.9892957746478872,0.9025352112676056,,30,0.4778761061946903,0.332258015871048,15.435674400227061,0.28254108333482464,4.361212167043774
450,376,0.8355555555555556,88.62324468085106,1.673482388496423,0.4862745098039215,0.1568627450980392,48,8,0.2712765957446808,45,11.96808510638298,Q9NZS9,Q9NZS9,,BFAR,False,450,1208.0,-0.0187704155618407,-0.0246296814918907,0.0008278145695364,0.0,1775.0,6.06190926174648,6.0711427,1.0,0.99943661971831,,2,0.015957446808510637,0.5,0.0,0.12863884090646296,0.0
198,175,0.8838383838383839,88.12440000000001,2.019170780444377,0.3495934959349593,0.032520325203252,18,3,0.1885714285714285,12,6.857142857142858,Q9P000,Q9P000,,COMMD9,False,198,1208.0,-0.0941638481867966,-0.0818130765177424,0.0066225165562913,0.0,1775.0,5.099761786760564,5.1495643,0.99943661971831,0.9943661971830986,,3,0.18857142857142858,0.5,0.0,0.18305478859961494,0.0
117,102,0.8717948717948718,91.65254901960786,3.037612353617196,0.4210526315789473,0.0421052631578947,10,5,0.2156862745098039,16,15.68627450980392,Q9P086,Q9P086,,MED11,False,117,1208.0,-2.024806850023159,-2.003853633336961,1.0,0.9859271523178808,1775.0,4.159528917239436,4.19037,1.0,0.9577464788732394,,0,0.0,0.5,0.0,0.1635102410239709,0.0
381,196,0.5144356955380578,90.85591836734692,1.943770272391183,0.3402777777777778,0.0486111111111111,9,5,0.1377551020408163,15,7.653061224489796,Q9P0J7,Q9P0J7,,KCMF1,False,381,1208.0,-0.7998952809508393,-0.7890162010206403,0.8286423841059603,0.2375827814569536,1775.0,5.640917296619718,5.6886363,1.0,0.9932394366197184,,4,0.10204081632653061,0.5,0.0,0.14796789480686573,0.0
246,155,0.6300813008130082,87.2924516129032,2.219046598022036,0.4049586776859504,0.0909090909090909,18,2,0.1935483870967742,12,7.741935483870968,Q9P0N8,Q9P0N8,,MARCHF2,False,246,1090.0,0.0045627692800923,0.0018564394739431,0.0,0.0,1775.0,3.4328380151380284,3.4582403,0.9949295774647888,0.6940845070422536,,2,0.09032258064516129,0.5,0.0,0.13807749684265846,0.0
153,130,0.8496732026143791,89.74215384615384,2.1379594047831776,0.3333333333333333,0.1176470588235294,7,2,0.1461538461538461,11,8.461538461538462,Q9P0P0,Q9P0P0,,RNF181,False,153,1208.0,-0.2691484461239742,-0.2602303622145747,0.0885761589403973,0.0,1775.0,6.802748677690141,6.8012624,1.0,1.0,,3,0.07692307692307693,0.5,0.0,0.13708764098859924,0.0
55,53,0.9636363636363636,93.99679245283016,2.666017354467314,0.5471698113207547,0.1320754716981132,23,2,0.1132075471698113,4,7.547169811320755,Q9P0U1,Q9P0U1,,TOMM7,False,55,1208.0,-0.1309361669659638,-0.1246835826779896,0.0149006622516556,0.0016556291390728,1775.0,8.71899470743662,8.699246,1.0,1.0,,0,0.0,0.5,0.0,0.09424884460167238,0.0
973,810,0.8324768756423433,83.20056790123456,2.199992242608096,0.3049327354260089,0.0874439461883408,13,4,0.2172839506172839,22,2.716049382716049,Q9P253,Q9P253,,VPS18,False,973,1208.0,-0.9039488146101724,-0.9020305368835292,0.9155629139072848,0.3650662251655629,1775.0,3.4972730755211265,3.5068686,0.99943661971831,0.7774647887323943,,29,0.21604938271604937,1.120659351348877,3.0832280837965826,0.15251317414530194,0.4702329016737538
195,169,0.8666666666666667,90.80384615384617,1.8396131075345552,0.336283185840708,0.0707964601769911,9,2,0.2011834319526627,10,5.9171597633136095,Q9UBI1,Q9UBI1,,COMMD3,False,195,1208.0,-0.1994965656459785,-0.173813257483603,0.0728476821192053,0.0016556291390728,1775.0,5.837279064112676,5.8202558,1.0,0.9977464788732394,,3,0.14792899408284024,0.5,0.0,0.1144262003915446,0.0
1123,354,0.315227070347284,91.16604519774012,1.2716412303529938,0.3166666666666666,0.0555555555555555,9,3,0.192090395480226,16,4.519774011299435,Q9P275,Q9P275,,USP36,False,1123,1208.0,-1.1416587305546408,-1.142415720986128,0.9942052980132452,0.7326158940397351,1775.0,4.788343326366197,4.7800894,1.0,0.9943661971830986,,14,0.2542372881355932,0.4646993577480316,5.5270742903878975,0.10184422959754494,0.5629006230329529
410,165,0.4024390243902439,86.4470303030303,1.9825865569150087,0.4724409448818897,0.1417322834645669,20,2,0.2303030303030303,24,14.545454545454543,Q9P2E8,Q9P2E8,,MARCHF4,False,410,1090.0,-0.1249323444557967,-0.1192579911605957,0.010091743119266,0.0,1775.0,1.1519395951628169,0.22357206,0.363943661971831,0.1678873239436619,,2,0.09090909090909091,0.5,0.0,0.12592849378158827,0.0
1089,638,0.5858585858585859,88.27468652037618,1.6723860304239238,0.2492917847025495,0.0878186968838526,6,2,0.2163009404388714,23,3.605015673981191,Q9P2G1,Q9P2G1,,ANKIB1,False,1089,1208.0,-0.0236299922712939,-0.0147600603977805,0.009933774834437,0.0008278145695364,1775.0,4.415250360394366,4.4634,1.0,0.9667605633802816,,11,0.05642633228840126,0.2893138527870178,6.167339633534707,0.05071495483700246,0.31277635097916795
620,565,0.9112903225806452,95.45706194690266,1.3326149473553472,0.2700729927007299,0.083941605839416,7,3,0.2106194690265486,36,6.371681415929204,Q9P2G9,Q9P2G9,,KLHL8,False,620,1208.0,0.1554562330453421,0.1601892011739615,0.0008278145695364,0.0008278145695364,1775.0,3.233750924822536,3.2225,0.9966197183098592,0.6253521126760564,,27,0.23008849557522124,0.8207835555076599,5.22925988662349,0.1179353812269872,0.6167147582639332
617,572,0.9270664505672608,95.60132867132867,1.4175773302282448,0.32,0.0909090909090909,7,2,0.2342657342657342,37,6.468531468531468,Q9P2J3,Q9P2J3,,KLHL9,False,617,1208.0,0.1025509653866305,0.0977405973345852,0.0008278145695364,0.0,1775.0,3.517830331387606,3.7578766,0.9290140845070424,0.7943661971830986,,29,0.27972027972027974,0.786139190196991,6.019579760104596,0.09729996262135426,0.5857048856544379
505,425,0.8415841584158416,91.4138588235294,1.3577011874911975,0.3112244897959184,0.0765306122448979,5,1,0.2117647058823529,17,4.0,Q9P2K6,Q9P2K6,,KLHL42,False,505,1208.0,-0.0835332654330641,-0.0776053059222923,0.0041390728476821,0.0,1775.0,3.834081210985916,3.84002,0.99943661971831,0.8681690140845071,,29,0.39294117647058824,0.7150210738182068,6.939666248375034,0.07145868635312258,0.4958994338379824
655,573,0.8748091603053435,95.5512739965096,1.4191648087250626,0.3163636363636363,0.0909090909090909,7,2,0.2338568935427574,35,6.108202443280978,Q9P2N7,Q9P2N7,,KLHL13,False,655,1208.0,0.0208413831592992,0.0263849094911553,0.0016556291390728,0.0,1775.0,1.8535629594940843,1.5797932,0.5994366197183099,0.2411267605633802,,29,0.2844677137870855,0.7973222732543945,5.886439310153913,0.056944025025287164,0.33519754738723856
1572,743,0.47264631043257,87.54697173620458,1.3155888445018704,0.2909535452322738,0.1246943765281173,8,4,0.2018842530282638,13,1.7496635262449527,Q9P2P5,Q9P2P5,,HECW2,False,1572,1208.0,0.0453760933745966,0.0430255235501691,0.0,0.0,1775.0,1.1555125442005636,0.712513,0.4129577464788732,0.0861971830985915,,30,0.23283983849259757,0.3006954789161682,16.441463787439954,0.27815964669850773,4.573351758320606
373,175,0.4691689008042895,88.00028571428572,1.3624870659016997,0.3775510204081632,0.1530612244897959,5,2,0.2514285714285714,10,5.714285714285714,Q9UBF1,Q9UBF1,,MAGEC2,False,373,1208.0,0.0449965491863637,0.0479500999047631,0.0008278145695364,0.0,1775.0,0.9745713897752112,0.069725536,0.2129577464788732,0.1346478873239436,,5,0.15428571428571428,0.5,0.0,0.1708917062129678,0.0
113,85,0.7522123893805309,90.76517647058824,2.1544391434955528,0.40625,0.078125,8,1,0.188235294117647,10,11.76470588235294,Q9UBF6,Q9UBF6,,RNF7,False,113,1208.0,0.0354019821945247,0.035484613430131,0.0124172185430463,0.0,1775.0,6.64305086230986,6.630379,0.99943661971831,0.99943661971831,,3,0.1411764705882353,0.5,0.0,0.19083610086196506,0.0
542,447,0.8247232472324724,94.82147651006711,1.3481855262519158,0.2410714285714285,0.0803571428571428,5,1,0.1812080536912751,18,4.026845637583892,Q9UKB1,Q9UKB1,,FBXW11,False,542,1208.0,-0.478852036916539,-0.4444778526148382,0.451158940397351,0.070364238410596,1775.0,4.775810683042253,4.8505692,0.9988732394366198,0.9791549295774647,,28,0.37360178970917224,0.32982102036476135,14.477018621397413,0.15358338934570717,2.2234295874951315
447,187,0.4183445190156599,87.92524064171126,2.0316847605521464,0.3028169014084507,0.0492957746478873,10,3,0.2245989304812834,15,8.02139037433155,Q9UKT4,Q9UKT4,,FBXO5,False,447,1208.0,-1.2076665915600109,-1.1702928179980852,0.9801324503311258,0.7102649006622517,1775.0,4.666913078084508,4.7274904,0.9988732394366198,0.9391549295774648,,4,0.09090909090909091,0.5,0.0,0.22419241486838162,0.0
234,155,0.6623931623931624,92.40703225806452,2.3728775740251056,0.2941176470588235,0.1078431372549019,8,1,0.232258064516129,13,8.38709677419355,Q9NXV2,Q9NXV2,,KCTD5,False,234,1208.0,-0.0562441513300861,-0.0686902367417596,0.0678807947019867,0.0173841059602649,1775.0,4.534972281577465,4.527177,0.99943661971831,0.9892957746478872,,6,0.2838709677419355,0.04120407998561859,5.5253760545351716,0.05938063965314812,0.3281003644424863
387,272,0.7028423772609819,88.92279411764706,1.3265042072653122,0.288,0.08,10,2,0.2095588235294117,11,4.044117647058823,Q9UKT5,Q9UKT5,,FBXO4,False,387,1208.0,-0.0040198928178597,-0.0015725672394531,0.0,0.0,1775.0,3.4466732929870423,3.5111518,0.9785915492957746,0.7211267605633803,,8,0.18382352941176472,0.4894794821739197,3.005616116233836,0.06633499410691314,0.19937752735801467
301,242,0.8039867109634552,88.09495867768597,1.874706044410173,0.3485714285714286,0.0742857142857142,8,1,0.1735537190082644,6,2.479338842975207,Q9Y314,Q9Y314,,NOSIP,False,301,1208.0,-0.2217571478670812,-0.2116407215208682,0.0471854304635761,0.0016556291390728,1775.0,5.664642279605634,5.652687,1.0,1.0,,7,0.12396694214876033,0.34664779901504517,3.49948057740114,0.05684848762396702,0.19894017829470168
318,210,0.660377358490566,91.85090476190476,1.2943695243672328,0.3898305084745763,0.0508474576271186,19,1,0.1761904761904762,12,5.714285714285714,Q9Y385,Q9Y385,,UBE2J1,False,318,1208.0,0.0037453293269606,0.0193239246534022,0.0107615894039735,0.0,1775.0,4.848331701611267,4.7902975,0.9983098591549296,0.9825352112676056,,4,0.12857142857142856,0.5,0.0,0.22637761521105362,0.0
154,104,0.6753246753246753,90.14480769230772,1.6912499219470178,0.4683544303797468,0.0886075949367088,8,3,0.2211538461538461,17,16.346153846153847,Q9Y3C5,Q9Y3C5,,RNF11,False,154,1208.0,-0.203509029821643,-0.1983560069125076,0.0223509933774834,0.0016556291390728,1775.0,5.815033200140845,5.921629,0.9983098591549296,0.9847887323943662,,5,0.22115384615384615,0.5,0.0,0.10961842068908524,0.0
131,121,0.9236641221374046,95.66719008264464,1.705138466574929,0.3563218390804598,0.1954022988505747,5,1,0.2314049586776859,17,14.049586776859504,Q9Y3C7,Q9Y3C7,,MED31,False,131,1208.0,-0.9581146521863938,-0.9485654802311622,0.9586092715231788,0.4089403973509933,1775.0,4.415628926591549,4.4454885,1.0,0.971830985915493,,0,0.0,0.5,0.0,0.14356128134667331,0.0
522,283,0.5421455938697318,84.7091519434629,1.7118525468448789,0.3314285714285714,0.0685714285714285,20,3,0.215547703180212,10,3.53356890459364,Q9Y3I1,Q9Y3I1,,FBXO7,False,522,1208.0,-0.1455288146256853,-0.103569146159174,0.0736754966887417,0.009933774834437,1775.0,5.944904413577464,5.902358,1.0,1.0,,8,0.2226148409893993,0.140642449259758,6.038506077312661,0.2901364617911848,1.751990787776062
1467,693,0.4723926380368098,88.46124098124098,1.0889142821088034,0.2987421383647798,0.050314465408805,10,2,0.1789321789321789,12,1.7316017316017316,Q9Y4B4,Q9Y4B4,,RAD54L2,False,1467,1208.0,-0.169029058537893,-0.1521033139968747,0.0504966887417218,0.0074503311258278,1775.0,2.7313515348619712,2.7222147,0.9904225352112676,0.3622535211267605,,17,0.13131313131313133,0.25197455286979675,10.270382198754719,0.14493956346477535,1.4885847125039087
1321,854,0.6464799394398183,84.52530444964871,1.1092329858291514,0.3361111111111111,0.0638888888888888,9,6,0.221311475409836,24,2.810304449648712,Q9Y4D8,Q9Y4D8,,HECTD4,False,3996,74.0,0.131196749786999,0.1352112989078763,0.0135135135135135,0.0,1775.0,3.548373618405634,3.5647926,0.9988732394366198,0.7357746478873239,,29,0.202576112412178,0.3907449543476105,13.273982565508708,0.11424248359748938,1.5164527355134887
522,436,0.8352490421455939,93.17511467889908,2.102055897080168,0.3457627118644067,0.1050847457627118,9,5,0.1834862385321101,13,2.981651376146789,Q9Y4K3,Q9Y4K3,,TRAF6,False,522,1208.0,-0.1102211377477374,-0.0932046554246463,0.0322847682119205,0.0008278145695364,1775.0,2.4747244282760565,2.474444,0.9954929577464788,0.1380281690140845,,20,0.22935779816513763,0.32135558128356934,10.517295694333493,0.29177081871003957,3.068639975351257
304,104,0.3421052631578947,83.78548076923076,1.9403636999848688,0.3684210526315789,0.1052631578947368,6,2,0.2019230769230769,8,7.6923076923076925,Q9Y4L5,Q9Y4L5,,RNF115,False,304,1208.0,-0.0717498460390975,-0.0619817726104209,0.0206953642384105,0.0,1775.0,3.3235997377464788,3.342532,0.99943661971831,0.7143661971830986,,6,0.2403846153846154,0.11530915647745132,4.76425490359161,0.2263839531436183,1.0785508588589368
557,430,0.7719928186714542,92.30860465116278,1.3951328223402668,0.2625,0.0916666666666666,8,1,0.213953488372093,19,4.418604651162791,Q9Y4X5,Q9Y4X5,,ARIH1,False,557,1208.0,-1.4188695630415933,-1.4129961087419045,0.9801324503311258,0.8733443708609272,1775.0,5.286017956450704,5.331956,1.0,0.9960563380281692,,13,0.09534883720930233,0.3181140422821045,6.880706068378364,0.16033433389854537,1.103213424225124
584,546,0.934931506849315,92.56479853479854,1.3364244419315623,0.3223443223443223,0.0915750915750915,7,4,0.2307692307692307,59,10.805860805860808,Q9Y573,Q9Y573,,IPP,False,584,1208.0,-0.0969015871753439,-0.0952122403773548,0.0273178807947019,0.0,1775.0,2.985997563650704,3.0600023,0.984225352112676,0.5301408450704226,,27,0.2692307692307692,0.769012987613678,5.799727251115978,0.09447653502023697,0.5479381347478813
426,405,0.9507042253521126,94.62977777777778,1.4483027272600948,0.3419689119170984,0.1502590673575129,8,2,0.2246913580246913,18,4.444444444444445,Q9Y574,Q9Y574,,ASB4,False,426,1208.0,0.1756124211443608,0.1692088372865054,0.0,0.0,1775.0,0.3260309082214084,0.02074469,0.0833802816901408,0.0332394366197183,,2,0.02962962962962963,0.5,0.0,0.09410886149468164,0.0
518,494,0.9536679536679536,92.73408906882592,1.73419948658642,0.2581967213114754,0.0942622950819672,4,0,0.2246963562753036,25,5.060728744939271,Q9Y575,Q9Y575,,ASB3,False,518,1208.0,-0.028216722154583,-0.0170861719125038,0.0140728476821192,0.0041390728476821,1775.0,3.753612328901408,3.7502635,1.0,0.9076056338028168,,0,0.0,0.5,0.0,0.16270512558008757,0.0
335,242,0.7223880597014926,91.95053719008264,1.3961363345890974,0.3360655737704918,0.0983606557377049,10,2,0.2231404958677686,32,13.223140495867767,Q9Y576,Q9Y576,,ASB1,False,335,1208.0,0.0598007168485067,0.0530478616050079,0.0033112582781456,0.0,1775.0,4.09882738,4.0697794,1.0,0.931830985915493,,1,0.012396694214876033,0.5,0.0,0.13307600807786685,0.0
477,408,0.8553459119496856,90.8780637254902,2.591896196742296,0.3451957295373665,0.0569395017793594,9,6,0.1838235294117647,12,2.941176470588235,Q9Y577,Q9Y577,,TRIM17,False,477,1208.0,-0.1528154307977246,-0.145249427390345,0.0082781456953642,0.0,1775.0,0.6031916657498592,0.33493662,0.1752112676056338,0.0230985915492957,,17,0.23039215686274508,0.4486941695213318,6.929758783453542,0.2417539517825826,1.6752965707999559
815,484,0.5938650306748466,91.3254958677686,1.3174650885842063,0.2844036697247706,0.0825688073394495,7,1,0.2148760330578512,27,5.578512396694215,Q9Y597,Q9Y597,,KCTD3,False,815,1208.0,0.1530930056260785,0.1514553263270294,0.0008278145695364,0.0,1775.0,4.852802999286197,4.9367557,0.9853521126760564,0.9616901408450704,,34,0.4380165289256198,0.5897142291069031,10.453449988880168,0.12900045849747535,1.3484998414459703
225,156,0.6933333333333334,88.86429487179488,1.2684814694908912,0.6067415730337079,0.1685393258426966,13,7,0.3397435897435897,29,18.58974358974359,Q9Y5U4,Q9Y5U4,,INSIG2,False,225,1208.0,0.0365685268943775,0.0396939314617925,0.0008278145695364,0.0008278145695364,1775.0,4.947995303802817,4.888242,0.99943661971831,0.9898591549295774,,0,0.0,0.5,0.0,0.15458934513923447,0.0
778,219,0.2814910025706941,89.1211415525114,1.3643729620613372,0.3504273504273504,0.0769230769230769,15,2,0.2374429223744292,27,12.32876712328767,Q9Y5V3,Q9Y5V3,,MAGED1,False,778,1208.0,0.0568946074936678,0.05590113746323,0.0,0.0,1775.0,5.958376967708169,6.220028,0.9622535211267604,0.9425352112676056,,4,0.1415525114155251,0.5,0.0,0.07219854733667352,0.0
202,168,0.8316831683168316,89.01529761904762,1.8537559961738213,0.2803738317757009,0.102803738317757,9,2,0.2142857142857142,12,7.142857142857142,Q9Y6G5,Q9Y6G5,,COMMD10,False,202,1208.0,-0.046324197844576,-0.0414922523872717,0.009933774834437,0.0,1775.0,4.696247728630985,4.7299933,0.99943661971831,0.9870422535211268,,3,0.16071428571428573,0.5,0.0,0.1654866870761343,0.0
919,236,0.2568008705114254,89.98983050847458,1.7851160659048724,0.2689655172413793,0.0896551724137931,7,3,0.1567796610169491,6,2.5423728813559325,Q9Y6H5,Q9Y6H5,,SNCAIP,False,919,1208.0,0.0183150881459023,0.0166694282953042,0.0008278145695364,0.0,1775.0,0.6976386107774648,0.15067925,0.2180281690140845,0.064225352112676,,0,0.0,0.5,0.0,0.1484542989244384,0.0
421,357,0.8479809976247031,91.70504201680671,1.024378636041105,0.3714285714285714,0.1071428571428571,7,1,0.226890756302521,26,7.282913165266107,Q9Y6I7,Q9Y6I7,,WSB1,False,421,1208.0,-0.0434497075629921,-0.029118088652116,0.0173841059602649,0.0024834437086092,1775.0,6.169606204619718,6.250075,0.9988732394366198,0.9949295774647888,,28,0.44537815126050423,0.3309071362018585,14.445605313843153,0.21139808624897563,3.0537733180544757
377,180,0.4774535809018567,81.79755555555555,3.6675305528510895,0.4017094017094017,0.0769230769230769,16,2,0.1555555555555555,5,2.7777777777777777,Q9Y6U7,Q9Y6U7,,RNF215,False,377,1208.0,-0.0389856859313199,-0.0444587577121302,0.0049668874172185,0.0,1775.0,3.2922074961464785,3.3222268,0.9949295774647888,0.6580281690140845,,8,0.2611111111111111,0.2586037516593933,4.769464518666894,0.1416512127597261,0.6756004332836487
642,535,0.8333333333333334,93.36102803738318,1.2121971921086936,0.2669172932330827,0.1090225563909774,8,2,0.216822429906542,33,6.16822429906542,Q9Y6Y0,Q9Y6Y0,,IVNS1ABP,False,642,1208.0,0.0119941492867843,0.0205535758615624,0.0016556291390728,0.0,1775.0,5.91902858253521,5.8686447,1.0,0.9983098591549296,,34,0.3401869158878505,0.4537053406238556,13.721306495292108,0.22098728451167068,3.032234262346952
147,147,1.0,96.31632653061224,1.269966365282073,0.2962962962962963,0.0987654320987654,7,1,0.2653061224489796,22,14.965986394557824,Q9Y2X8,Q9Y2X8,,UBE2D4,False,147,1208.0,-0.1160795467922431,-0.1132970499198482,0.0016556291390728,0.0,1775.0,3.4072877743233803,3.4189131,0.9960563380281692,0.7307042253521127,,4,0.1836734693877551,0.5,0.0,0.2659568385000058,0.0
406,365,0.8990147783251231,94.84295890410957,1.06890044036875,0.2787878787878788,0.0848484848484848,9,2,0.2191780821917808,41,11.232876712328768,Q9Y2U9,Q9Y2U9,,KLHDC2,False,406,1208.0,0.1302718498602519,0.1301423168058208,0.0008278145695364,0.0,1775.0,4.999180051943662,5.01069,1.0,0.9966197183098592,,25,0.4712328767123288,0.3351805806159973,12.788095046378173,0.234607568847218,3.0001838890179346
609,553,0.9080459770114944,93.12976491862568,1.375121520603844,0.2702702702702703,0.0641891891891891,7,2,0.2043399638336347,30,5.424954792043399,Q9Y2M5,Q9Y2M5,,KLHL20,False,609,1208.0,-0.100412118209036,-0.0909916147104168,0.0024834437086092,0.0,1775.0,3.732746130388733,3.7589853,0.99943661971831,0.8766197183098592,,27,0.2513562386980108,0.773370087146759,5.7494068427804175,0.14436263588121181,0.8299995265772571
496,375,0.7560483870967742,93.35066666666668,1.4065135917445488,0.3407821229050279,0.1284916201117318,5,3,0.1813333333333333,31,8.266666666666666,Q9UM11,Q9UM11,,FZR1,False,496,1208.0,-0.186614421003949,-0.1674471205986998,0.1316225165562914,0.0115894039735099,1775.0,4.209086933746479,4.2439585,1.0,0.9447887323943662,,28,0.408,0.3290824592113495,14.498418749951949,0.10986488641974292,1.592867129229342
434,395,0.9101382488479264,94.25384810126582,1.2602373732495162,0.2990196078431372,0.1176470588235294,9,2,0.1493670886075949,13,3.2911392405063293,Q9UKT6,Q9UKT6,,FBXL21P,False,434,,,,,,,,,,,,12,0.17721518987341772,0.28625863790512085,6.769243745595194,0.30006096262673443,2.0311857945582954
428,390,0.911214953271028,94.68661538461538,1.2674246156984978,0.3076923076923077,0.1076923076923077,11,2,0.1615384615384615,8,2.051282051282051,Q9UKT7,Q9UKT7,,FBXL3,False,428,1208.0,-0.0187279432785256,-0.0159980823976439,0.0016556291390728,0.0,1775.0,4.643188031605635,4.6721706,0.99943661971831,0.9819718309859156,,12,0.18461538461538463,0.30080899596214294,6.575092575335971,0.27656884064170123,1.818465730672527
454,429,0.9449339207048458,90.76874125874129,1.4481237568028886,0.3037383177570093,0.0887850467289719,10,2,0.2004662004662004,38,8.857808857808857,Q9UKT8,Q9UKT8,,FBXW2,False,454,1208.0,0.0411434863352699,0.0428409528611019,0.0008278145695364,0.0,1775.0,4.193865857802817,4.2533693,1.0,0.9656338028169014,,28,0.3706293706293706,0.3111591637134552,15.02756502138484,0.094289542773296,1.4169422348623526
643,415,0.645412130637636,87.94510843373494,1.484707273974346,0.4395604395604395,0.1318681318681318,12,9,0.2819277108433735,87,20.96385542168675,Q9UKV5,Q9UKV5,,AMFR,False,643,1208.0,-0.1680210488556195,-0.1626137377607343,0.0529801324503311,0.0016556291390728,1775.0,5.473319096901408,5.5245433,1.0,0.9977464788732394,,2,0.021686746987951807,0.5,0.0,0.21942457680495644,0.0
735,650,0.8843537414965986,93.63266153846152,1.2075068633384478,0.2450980392156862,0.0849673202614379,9,2,0.2123076923076923,18,2.769230769230769,Q9UL63,Q9UL63,,MKLN1,False,735,1208.0,-0.1212977336428864,-0.111411558121038,0.0182119205298013,0.0008278145695364,1775.0,4.350326934873239,4.376089,1.0,0.9695774647887324,,30,0.33384615384615385,0.47538989782333374,11.593186861273443,0.07213673239024913,0.8362946181618347
438,296,0.6757990867579908,90.41668918918916,2.9860582280106747,0.3768844221105528,0.1105527638190954,25,2,0.1824324324324324,17,5.743243243243244,Q9ULK6,Q9ULK6,,RNF150,False,438,1208.0,0.0422582096296431,0.0407377857007455,0.0008278145695364,0.0,1775.0,0.9735104268270424,0.37450203,0.363943661971831,0.0794366197183098,,10,0.23648648648648649,0.435769259929657,4.183074795530841,0.05334564900462726,0.22314883980249117
936,243,0.2596153846153846,87.52506172839507,2.945765095883035,0.3375796178343949,0.1146496815286624,19,3,0.1563786008230452,9,3.7037037037037033,Q9ULT6,Q9ULT6,,ZNRF3,False,936,1208.0,-0.0110551093775416,-0.0136946501015115,0.0016556291390728,0.0,1775.0,2.177827465977465,2.122388,0.9154929577464788,0.1549295774647887,,10,0.24691358024691357,0.44117221236228943,4.138116233691459,0.07853031176088576,0.3249675579345727
2610,1676,0.6421455938697318,85.30658711217184,1.1859235420852288,0.2349869451697128,0.0704960835509138,5,2,0.1974940334128878,26,1.5513126491646778,Q9ULT8,Q9ULT8,,HECTD1,False,2610,1208.0,-0.4063887032609996,-0.3900812222762787,0.3451986754966887,0.037251655629139,1775.0,5.879138897239437,5.902971,1.0,1.0,,36,0.12947494033412887,0.30781111121177673,19.45096563804939,0.06250330363649931,1.2157496112981154
474,372,0.7848101265822784,91.02948924731184,1.1729455930617017,0.3149171270718232,0.0828729281767955,4,0,0.2096774193548387,26,6.989247311827956,Q9ULV8,Q9ULV8,,CBLC,False,474,1208.0,-0.1171322596867052,-0.1156212029902714,0.0066225165562913,0.0,1775.0,1.2537043305092956,0.055845346,0.3228169014084507,0.2461971830985915,,8,0.10752688172043011,0.18180806934833527,5.5612639022806665,0.11508306713726402,0.6400073070342088
631,380,0.6022187004754358,88.89997368421052,1.5465245805515229,0.2688172043010752,0.0483870967741935,5,3,0.1973684210526315,16,4.2105263157894735,Q9ULX5,Q9ULX5,,RNF112,False,631,1208.0,0.1814576744622941,0.1838162277404098,0.0,0.0,1775.0,0.6001982134828169,0.27209607,0.1718309859154929,0.0338028169014084,,11,0.1631578947368421,0.6450347304344177,3.027768295266478,0.13261426086641417,0.4015252545515268
185,171,0.9243243243243244,92.79146198830412,1.31118315408107,0.29,0.1,5,1,0.1695906432748538,19,11.11111111111111,Q9UM13,Q9UM13,,ANAPC10,False,185,1208.0,-1.1852187121364133,-1.1926928363219385,0.9817880794701986,0.8509933774834437,1775.0,4.615927649295775,4.608141,1.0,0.9954929577464788,,9,0.4444444444444444,0.23152539134025574,5.664246039672665,0.22747827146620941,1.28849289826406
1162,755,0.6497418244406197,92.53923178807946,1.1658024890884686,0.2433862433862433,0.0687830687830687,4,0,0.1854304635761589,10,1.3245033112582782,Q9Y2K7,Q9Y2K7,,KDM2A,False,1162,1208.0,-0.6202547028390102,-0.6028034397454682,0.6415562913907285,0.0960264900662251,1775.0,5.118693728394367,5.0940585,1.0,0.9983098591549296,,25,0.15364238410596026,0.27128866314888,14.531206345034548,0.12495030736102208,1.815678699138501
504,462,0.9166666666666666,93.38971861471862,1.4038637575248494,0.3307086614173228,0.0590551181102362,16,3,0.1861471861471861,25,5.411255411255411,Q9UMS4,Q9UMS4,,PRPF19,False,504,1208.0,-2.653188864071649,-2.700136168045536,1.0,0.9983443708609272,1775.0,6.408842342028168,6.4460807,1.0,1.0,,30,0.3593073593073593,0.7177084684371948,7.140483168982447,0.08597242745609975,0.6138846712468446
303,278,0.9174917491749176,93.50420863309353,1.8165792691758045,0.292817679558011,0.0662983425414364,8,4,0.2122302158273381,12,4.316546762589928,Q9UNE7,Q9UNE7,,STUB1,False,303,1208.0,-0.233589605309488,-0.2203830398202472,0.0811258278145695,0.0016556291390728,1775.0,5.809760088169013,5.838591,1.0,1.0,,2,0.02877697841726619,0.5,0.0,0.06407048166096019,0.0
1127,501,0.4445430346051464,88.63744510978044,2.292965629934784,0.3753424657534246,0.084931506849315,9,11,0.1696606786427145,13,2.5948103792415167,Q9UPN9,Q9UPN9,,TRIM33,False,1127,1208.0,-0.0906210653974958,-0.0743486185303704,0.0273178807947019,0.0,1775.0,4.016912312676056,4.024559,1.0,0.9267605633802816,,7,0.07385229540918163,0.3008004426956177,3.835536281112942,0.17810033313969298,0.683110289435594
493,448,0.9087221095334684,92.28875,2.243605353226131,0.3711656441717791,0.0920245398773006,16,8,0.1897321428571428,16,3.571428571428571,Q9UPQ4,Q9UPQ4,,TRIM35,False,493,1208.0,0.1082134712052904,0.1077320391502086,0.0,0.0,1775.0,2.971501214738028,2.9772213,0.9983098591549296,0.4822535211267605,,17,0.18973214285714285,0.46349188685417175,6.727674693437101,0.15629305327516793,1.0514888192793639
1066,523,0.4906191369606004,87.99317399617591,2.0515551767431064,0.3407960199004975,0.0771144278606965,18,7,0.1586998087954111,14,2.676864244741874,Q9UPQ7,Q9UPQ7,,PDZRN3,False,1066,1208.0,0.0039150117158527,0.0061245620472244,0.0008278145695364,0.0,1775.0,1.2500710780529578,0.18825406,0.3633802816901408,0.1938028169014084,,19,0.2084130019120459,0.3469434380531311,9.492975490629426,0.2994296356459315,2.842478192354927
953,847,0.8887722980062959,90.76918536009444,1.137124013442916,0.2376811594202898,0.0753623188405797,4,0,0.1759149940968122,24,2.833530106257379,Q9Y239,Q9Y239,,NOD1,False,953,1208.0,-0.0967283120030013,-0.0933581946611676,0.0016556291390728,0.0,1775.0,2.3806427014169014,2.3750117,0.9774647887323944,0.1769014084507042,,23,0.11688311688311688,0.3361191153526306,11.742984344723645,0.05146317178140606,0.604331220558875
685,128,0.1868613138686131,87.47046875000001,2.7873002299692597,0.2111111111111111,0.1222222222222222,3,0,0.1640625,9,7.03125,Q9Y252,Q9Y252,,RNF6,False,685,1208.0,-0.1620870358974588,-0.1638438762067114,0.0057947019867549,0.0,1775.0,4.782946807830986,4.8253684,1.0,0.9904225352112676,,3,0.109375,0.5,0.0,0.6704825077195314,0.0
605,444,0.7338842975206612,94.42635135135136,1.3756986875502335,0.25,0.0982142857142857,6,2,0.1801801801801801,13,2.927927927927928,Q9Y297,Q9Y297,,BTRC,False,605,1208.0,-0.1158921090136342,-0.1161234028562377,0.0149006622516556,0.0,1775.0,3.0495213899718303,3.0607321,1.0,0.5340845070422535,,28,0.38063063063063063,0.3297128975391388,14.480149552230174,0.16579785899103247,2.4007777936297203
619,418,0.6752827140549273,90.78698564593302,1.4269183325908033,0.3248945147679324,0.0759493670886076,8,2,0.2057416267942583,29,6.937799043062201,Q9Y2E6,Q9Y2E6,,DTX4,False,619,1208.0,-0.0092919737697279,-0.0104612480565466,0.0,0.0,1775.0,1.987563211910986,1.6351832,0.643943661971831,0.2788732394366197,,22,0.2727272727272727,0.4173319935798645,9.548446453167172,0.12215038137984092,1.1663463758393593
522,421,0.8065134099616859,94.082351543943,1.377973905190044,0.3219512195121951,0.0780487804878048,6,2,0.2090261282660332,20,4.750593824228028,Q9Y2F9,Q9Y2F9,,BTBD3,False,522,1208.0,-0.0214667289571492,-0.0057589949306704,0.0074503311258278,0.0,1775.0,3.954882892848451,4.041331,0.9374647887323944,0.819718309859155,,15,0.24228028503562946,0.6364343166351318,4.200407598455895,0.10529206178177235,0.4422695763652441
384,354,0.921875,95.5402824858757,1.0397813709972648,0.38,0.06,9,3,0.2627118644067797,57,16.101694915254235,Q9NYA1,Q9NYA1,,SPHK1,False,384,1208.0,-0.0775205054193837,-0.0813989716034451,0.0033112582781456,0.0,1775.0,3.2061161888828167,3.1698143,0.8659154929577465,0.532394366197183,,14,0.3022598870056497,0.35208675265312195,6.92323969650011,0.06920224954450796,0.47910376113364417
571,560,0.9807355516637478,93.46485714285714,1.3104265926638514,0.3226950354609929,0.1170212765957446,6,2,0.2232142857142857,48,8.571428571428571,Q9NXS3,Q9NXS3,,KLHL28,False,571,1208.0,0.0614694108087884,0.0579380717314308,0.0,0.0,1775.0,2.7647590116507046,2.789769,0.992676056338028,0.3515492957746479,,29,0.29642857142857143,0.747779905796051,6.499569983927841,0.14440709283823616,0.9385840060776808
433,343,0.792147806004619,84.34102040816327,2.950068852189956,0.5679012345679012,0.1018518518518518,127,4,0.107871720116618,7,2.0408163265306123,Q9BY78,Q9BY78,,RNF26,False,433,1208.0,-0.1179689505730753,-0.1133189929749416,0.0190397350993377,0.0,1775.0,4.883575682050704,4.941923,0.9960563380281692,0.9864788732394366,,3,0.03498542274052478,0.5,0.0,0.033550759256224624,0.0
580,427,0.7362068965517241,90.80290398126463,2.8486305717052187,0.3630573248407643,0.0859872611464968,23,5,0.2037470725995316,19,4.449648711943794,Q9H8W5,Q9H8W5,,TRIM45,False,580,1208.0,-0.156925966400255,-0.15286987444047,0.0107615894039735,0.0,1775.0,1.98199272784,1.9331912,0.8704225352112676,0.1149295774647887,,20,0.22716627634660422,0.19648075103759766,13.50109470584664,0.1484781764249186,2.0046179216642317
482,421,0.8734439834024896,93.45959619952497,1.5037862419746109,0.3274336283185841,0.0575221238938053,10,2,0.2209026128266033,25,5.938242280285035,Q9H0C5,Q9H0C5,,BTBD1,False,482,1208.0,-0.012850900592964,-0.0143945477172198,0.0016556291390728,0.0,1775.0,5.56206568715493,5.6148305,1.0,0.9966197183098592,,15,0.25653206650831356,0.6857163310050964,3.8061475623104273,0.13118794533039968,0.4993206783238143
515,92,0.1786407766990291,93.36652173913043,1.8453769042376853,0.3538461538461538,0.0615384615384615,7,1,0.1630434782608695,7,7.608695652173914,Q9H0F5,Q9H0F5,,RNF38,False,515,1208.0,-0.0356775589239553,-0.0284631358970476,0.0024834437086092,0.0,1775.0,3.678316702028169,3.6783423,1.0,0.8394366197183099,,3,0.15217391304347827,0.5,0.0,0.22669039303244465,0.0
387,257,0.6640826873385013,90.53906614785993,1.3289630997841062,0.4350282485875706,0.0621468926553672,9,6,0.2645914396887159,26,10.116731517509727,Q9H0F6,Q9H0F6,,SHARPIN,False,387,1208.0,-0.1535992241556387,-0.1435291811274286,0.0364238410596026,0.0,1775.0,5.263764430647887,5.2595587,1.0,0.9983098591549296,,11,0.2918287937743191,0.3416728675365448,5.554173003355511,0.31713749740965663,1.7614365264644432
589,548,0.930390492359932,91.36169708029196,1.2704270569990284,0.2753623188405797,0.1014492753623188,5,1,0.2043795620437956,24,4.37956204379562,Q9H0H3,Q9H0H3,,KLHL25,False,589,1208.0,-0.0241487899310388,-0.0209840872632989,0.0033112582781456,0.0,1775.0,1.81193627719662,1.7699367,0.8952112676056339,0.0507042253521126,,27,0.3102189781021898,0.7309240102767944,6.258802328305171,0.11951788786767804,0.7480388348603396
922,656,0.7114967462039046,89.84068597560976,1.1644094279794943,0.2514792899408284,0.0769230769230769,4,0,0.2256097560975609,52,7.926829268292683,Q9H0M0,Q9H0M0,,WWP1,False,922,1208.0,-0.0465178699705511,-0.0474286895315665,0.0033112582781456,0.0,1775.0,4.48941259971831,4.4813895,1.0,0.9707042253521126,,29,0.2698170731707317,0.36687061190605164,13.923173443333386,0.06285203652525888,0.8750998058079044
261,80,0.3065134099616858,83.846,1.3132290010994625,0.35,0.125,2,0,0.1875,5,6.25,Q9H0X6,Q9H0X6,,RNF208,False,261,1208.0,0.0484657132821074,0.0512467870563598,0.0,0.0,1775.0,2.023307215637183,1.881919,0.7701408450704226,0.2214084507042253,,4,0.15,0.5,0.0,0.19489404577690894,0.0
1944,1458,0.75,87.90323731138545,1.1966662911228052,0.3026315789473684,0.0904605263157894,6,4,0.2160493827160493,72,4.938271604938271,Q9H1A4,Q9H1A4,,ANAPC1,False,1944,1208.0,-1.4664302340533997,-1.449464598962289,0.9950331125827816,0.9503311258278144,1775.0,4.442968130366197,4.504868,1.0,0.963943661971831,,41,0.17078189300411523,0.44788581132888794,16.73998960421552,0.09217895968852084,1.5430748269132404
796,309,0.3881909547738693,88.69223300970874,1.4731543860183858,0.3219512195121951,0.0780487804878048,10,4,0.1974110032362459,12,3.883495145631068,Q9H1B7,Q9H1B7,,IRF2BPL,False,796,1208.0,-0.0437543790596216,-0.0375169553226709,0.0057947019867549,0.0008278145695364,1775.0,3.63417938352676,3.723362,0.9954929577464788,0.7481690140845071,,7,0.1650485436893204,0.4316207468509674,2.952548380840844,0.22635288737595732,0.6683178511205327
941,788,0.8374070138150903,84.03997461928934,1.8641474651018093,0.2930648769574944,0.0984340044742729,9,5,0.2284263959390862,43,5.456852791878172,Q9H270,Q9H270,,VPS11,False,941,74.0,-0.3182889821829912,-0.271359928927345,0.2567567567567567,0.0675675675675675,1775.0,3.951191311323944,3.9893117,1.0,0.935774647887324,,30,0.2436548223350254,0.5644279718399048,9.702091084349288,0.12225543574061391,1.1861333731122474
597,554,0.9279731993299832,92.25714801444045,1.177322245270171,0.2804428044280442,0.092250922509225,8,2,0.2166064981949458,34,6.137184115523466,Q9H2C0,Q9H2C0,,GAN,False,597,1208.0,-0.0590460221349024,-0.0537270806159911,0.0124172185430463,0.0,1775.0,1.667848140907042,1.5784653,0.904225352112676,0.0309859154929577,,27,0.29061371841155237,0.6018213629722595,8.102674076192569,0.1683840002603362,1.364360673755029
420,234,0.5571428571428572,87.55910256410256,1.3928957028401212,0.3870967741935484,0.0161290322580645,5,1,0.2264957264957265,32,13.675213675213676,Q9H2S5,Q9H2S5,,RNF39,False,420,1090.0,-0.1515967653589906,-0.1485478884880373,0.0036697247706422,0.0,1775.0,0.998356524129014,0.76059055,0.3701408450704225,0.0366197183098591,,15,0.32051282051282054,0.5676016211509705,4.820352021010025,0.13964828766695658,0.6731539056860034
1198,371,0.3096828046744574,93.91083557951482,1.145152045400226,0.35,0.1055555555555555,5,1,0.1913746630727762,30,8.086253369272237,Q9H2X6,Q9H2X6,,HIPK2,False,1198,77.0,-0.0135514750780678,-0.0095399800205607,0.0,0.0,1775.0,3.089204199767324,3.109053,0.9346478873239435,0.532394366197183,,10,0.18059299191374664,0.5474475622177124,3.3457469381860463,0.12799390183617687,0.4282352051748741
313,237,0.7571884984025559,92.79012658227848,1.8095898793623728,0.2878787878787879,0.0681818181818181,3,0,0.1940928270042194,9,3.79746835443038,Q9H3F6,Q9H3F6,,KCTD10,False,313,1208.0,-0.3810695446968497,-0.2938140321641543,0.2996688741721854,0.0513245033112582,1775.0,4.929702705070422,4.966938,1.0,0.992112676056338,,12,0.26582278481012656,0.3104407787322998,6.449645011545495,0.2739591458773162,1.7669392385748968
300,263,0.8766666666666667,95.61958174904944,1.325733386567459,0.3357142857142857,0.0857142857142857,12,3,0.1749049429657794,14,5.323193916349809,Q9H469,Q9H469,,FBXL15,False,300,1208.0,-0.0775000305524841,-0.0859199168487731,0.0,0.0,1775.0,3.1049414977859158,3.1092267,0.9971830985915492,0.5622535211267605,,8,0.09885931558935361,0.45151957869529724,3.242687250315955,0.10731302770767442,0.3479825867404787
255,242,0.9490196078431372,94.0543388429752,1.459392041360441,0.3358208955223881,0.1119402985074626,6,3,0.2107438016528925,17,7.024793388429752,Q9H4M3,Q9H4M3,,FBXO44,False,255,1208.0,-0.0473729357572042,-0.0445744860322403,0.0024834437086092,0.0,1775.0,3.47024094515831,3.6259835,0.9487323943661972,0.7194366197183099,,10,0.30991735537190085,0.3606927692890167,4.860783089290154,0.08060085572568386,0.3917832764937196
317,305,0.9621451104100948,93.20524590163934,2.4047288685302397,0.3366336633663366,0.0693069306930693,8,4,0.2131147540983606,21,6.885245901639345,Q9H4P4,Q9H4P4,,RNF41,False,317,1208.0,-0.2201039594443451,-0.2097580131030077,0.0711920529801324,0.0033112582781456,1775.0,4.95188577830986,4.9481616,1.0,0.992112676056338,,11,0.14098360655737704,0.19845449924468994,7.396347330114677,0.42676977021727414,3.1565374505201897
410,366,0.8926829268292683,93.87469945355193,1.3536184603360062,0.3039215686274509,0.0735294117647058,7,1,0.2158469945355191,31,8.469945355191257,Q9H5I1,Q9H5I1,,SUV39H2,False,410,1208.0,-0.0051279296755798,-0.0018661858442866,0.0016556291390728,0.0,1775.0,3.992968774873239,4.056826,0.9988732394366198,0.8822535211267606,,13,0.21584699453551912,0.531453013420105,4.490856005200624,0.16272502074893835,0.7307746366267659
318,302,0.949685534591195,94.34264900662252,1.4649414272770565,0.2356687898089172,0.0764331210191082,7,2,0.1821192052980132,12,3.9735099337748343,Q9H672,Q9H672,,ASB7,False,318,1208.0,-0.0473915505612648,-0.0463975244315266,0.0049668874172185,0.0,1775.0,3.067174891752112,3.0584152,0.99943661971831,0.5487323943661971,,0,0.0,0.5,0.0,0.06598641699064188,0.0
350,246,0.7028571428571428,91.80369918699188,2.853096202985912,0.4193548387096774,0.1032258064516129,20,3,0.2195121951219512,33,13.414634146341465,Q9H6Y7,Q9H6Y7,,RNF167,False,350,1208.0,0.08800515860649,0.0823787361381209,0.0,0.0,1775.0,6.191038399774649,6.2229724,1.0,1.0,,10,0.21138211382113822,0.4380400478839874,4.164120118447511,0.1255008305217541,0.5226005332575077
288,261,0.90625,91.62072796934866,1.3303458774079304,0.3178294573643411,0.0620155038759689,6,2,0.2528735632183908,48,18.39080459770115,Q9H765,Q9H765,,ASB8,False,288,1208.0,-0.0997342403450814,-0.0967068929139647,0.0041390728476821,0.0,1775.0,4.335161609183099,4.371273,1.0,0.9723943661971832,,0,0.0,0.5,0.0,0.11791774405747338,0.0
661,505,0.7639939485627837,92.17849504950496,1.3896744715187213,0.2588235294117647,0.0745098039215686,5,2,0.1742574257425742,18,3.564356435643564,Q9H7D7,Q9H7D7,,WDR26,False,661,1208.0,-0.5206425543141912,-0.4898241558202126,0.4892384105960264,0.0802980132450331,1775.0,5.426713326422536,5.440763,1.0,0.99943661971831,,28,0.297029702970297,0.3177148401737213,14.831819362235208,0.17421756069009053,2.5839633898846723
354,255,0.7203389830508474,95.43427450980391,1.189555137338275,0.3225806451612903,0.1129032258064516,4,0,0.1647058823529411,9,3.5294117647058822,Q9H832,Q9H832,,UBE2Z,False,354,1208.0,-0.4184332642853896,-0.3885675708599572,0.2756622516556291,0.0190397350993377,1775.0,6.023814145971831,6.048853,1.0,0.99943661971831,,4,0.09019607843137255,0.5,0.0,0.09850103074082249,0.0
391,375,0.959079283887468,90.90037333333332,1.846914355953801,0.3470149253731343,0.0708955223880597,9,3,0.2533333333333333,40,10.666666666666668,Q9H871,Q9H871,,RMND5A,False,391,1208.0,-0.4147914850549827,-0.3837197660880135,0.3170529801324503,0.0347682119205298,1775.0,4.143669303661972,4.137799,1.0,0.9087323943661972,,2,0.042666666666666665,0.5,0.0,0.21750467625059908,0.0
199,171,0.8592964824120602,83.44666666666667,1.9698776539518656,0.3982300884955752,0.0707964601769911,15,3,0.1988304093567251,15,8.771929824561402,Q9H0A8,Q9H0A8,,COMMD4,False,199,1208.0,-0.1614299265443165,-0.1611247960109345,0.0281456953642384,0.0,1775.0,6.677883676338028,6.734249,1.0,1.0,,3,0.18128654970760233,0.5,0.0,0.13489566199782732,0.0
489,235,0.4805725971370143,90.70527659574468,1.6465822975930609,0.38125,0.1375,9,4,0.1787234042553191,8,3.404255319148936,Q9H040,Q9H040,,SPRTN,False,489,1208.0,-0.7181305045178626,-0.7061780085074922,0.8236754966887417,0.1200331125827814,1775.0,3.57718136,3.615428,1.0,0.8636619718309859,,8,0.1574468085106383,0.2032911628484726,5.327378166754349,0.0815819954149163,0.43461814117367853
416,251,0.6033653846153846,88.11247011952193,1.7113514204783598,0.3989361702127659,0.1489361702127659,14,4,0.1912350597609561,8,3.187250996015936,Q9H000,Q9H000,,MKRN2,False,416,1208.0,-0.0180598638473719,-0.0119874506230611,0.0016556291390728,0.0,1775.0,4.618271902647887,4.6632705,1.0,0.991549295774648,,3,0.055776892430278883,0.5,0.0,0.3808548255443071,0.0
710,584,0.8225352112676056,91.3924315068493,2.133372299557035,0.345360824742268,0.0876288659793814,13,9,0.1695205479452055,35,5.993150684931506,Q9C026,Q9C026,,TRIM9,False,710,1208.0,-0.2071605178612267,-0.203937342736637,0.0471854304635761,0.0008278145695364,1775.0,1.2860952818197184,0.69622,0.4146478873239436,0.1453521126760563,,28,0.25,0.3433689773082733,14.090017325751937,0.12866265736028898,1.8128590713837567
350,204,0.5828571428571429,89.60612745098038,1.8040642142572811,0.3430656934306569,0.1167883211678832,8,2,0.230392156862745,11,5.392156862745098,Q9BYE7,Q9BYE7,,PCGF6,False,350,1208.0,-0.1697648366385079,-0.1671653051541511,0.0140728476821192,0.0,1775.0,3.71523285572169,3.7596033,0.99943661971831,0.8574647887323944,,7,0.23039215686274508,0.23266087472438812,4.3955312490279805,0.16737512830832663,0.7357026067893174
488,432,0.8852459016393442,90.56923611111112,2.561081120309032,0.3466666666666667,0.09,10,5,0.1805555555555555,29,6.712962962962964,Q9BYJ4,Q9BYJ4,,TRIM34,False,488,1208.0,0.1855765829649861,0.1895883311028683,0.0,0.0,1775.0,2.170699472498028,2.3605301,0.7988732394366197,0.2816901408450704,,17,0.20601851851851852,0.48600879311561584,6.43142259921778,0.14133586948262408,0.9089907050706431
510,450,0.8823529411764706,89.09177777777778,1.8071232530177768,0.3602484472049689,0.077639751552795,16,7,0.1955555555555555,15,3.333333333333333,Q9BYM8,Q9BYM8,,RBCK1,False,510,1208.0,0.0748244151498085,0.0707488018945386,0.0008278145695364,0.0,1775.0,6.23183202,6.175682,1.0,0.99943661971831,,14,0.15777777777777777,0.26565465331077576,8.229687334287306,0.09828598265870994,0.808862906624367
358,287,0.8016759776536313,91.9061324041812,3.2380830406084637,0.3855932203389831,0.059322033898305,16,7,0.1846689895470383,9,3.1358885017421603,Q9BYV2,Q9BYV2,,TRIM54,False,358,1208.0,-0.1951044498166926,-0.1894605215822707,0.0306291390728476,0.0,1775.0,0.3187657340422535,0.08460585,0.0912676056338028,0.0112676056338028,,7,0.08362369337979095,0.18140439689159393,4.87003612665904,0.1484912175919411,0.7231575941643416
548,287,0.5237226277372263,91.9903135888502,3.3031935867287667,0.3461538461538461,0.0854700854700854,10,6,0.1777003484320557,10,3.484320557491289,Q9BYV6,Q9BYV6,,TRIM55,False,548,1208.0,0.0120526551751386,0.0139954043300239,0.0016556291390728,0.0,1775.0,0.7073698691408451,0.09244561,0.1752112676056338,0.0929577464788732,,8,0.0975609756097561,0.15650400519371033,5.849952439977934,0.1015280527473853,0.5939342798957751
727,570,0.7840440165061898,93.03412280701754,1.642186008929213,0.3321554770318021,0.1236749116607773,12,1,0.2245614035087719,45,7.894736842105263,Q9BYZ6,Q9BYZ6,,RHOBTB2,False,727,1208.0,-0.0504371717434927,-0.0495418649146939,0.0,0.0,1775.0,2.72965708747831,2.6895251,0.971830985915493,0.3616901408450704,,14,0.1456140350877193,0.19706515967845917,9.439726528114035,0.0358392886694741,0.3383130840019714
514,458,0.8910505836575876,93.84403930131003,1.0988705695233778,0.3706896551724138,0.0775862068965517,12,4,0.2074235807860262,39,8.51528384279476,Q9BZK7,Q9BZK7,,TBL1XR1,False,514,1208.0,-0.3711610054616421,-0.3289523747376847,0.3079470198675497,0.0546357615894039,1775.0,5.618098494873239,5.5997524,0.99943661971831,0.9977464788732394,,34,0.4126637554585153,0.33694902062416077,17.330405173903227,0.22924373088728567,3.9728867398538945
551,341,0.6188747731397459,92.89293255131965,3.5642445734841863,0.3576642335766423,0.072992700729927,14,3,0.1759530791788856,18,5.278592375366569,Q9BZR9,Q9BZR9,,TRIM8,False,551,1208.0,-0.0363636913266886,-0.0186486154451866,0.0190397350993377,0.0049668874172185,1775.0,4.719298315267605,4.6735225,1.0,0.9808450704225352,,8,0.08211143695014662,0.4349234402179718,3.352125630702053,0.22239789357052292,0.7455056792518971
840,672,0.8,90.0811011904762,1.192250075886506,0.2786377708978328,0.0712074303405572,5,1,0.2157738095238095,38,5.654761904761905,Q8N653,Q8N653,,LZTR1,False,840,1208.0,0.0019189195473695,-0.006814966390546,0.0082781456953642,0.0008278145695364,1775.0,4.224001325157746,4.2445827,0.99943661971831,0.9149295774647888,,30,0.25297619047619047,0.5401116013526917,10.185592063904418,0.16681110616367642,1.69906987911186
465,391,0.8408602150537634,90.2218925831202,2.4440924805485857,0.3478260869565217,0.0797101449275362,16,7,0.1867007672634271,17,4.3478260869565215,Q9C019,Q9C019,,TRIM15,False,465,1208.0,0.0159303368115892,0.0186879005145894,0.0016556291390728,0.0,1775.0,0.4797957185030986,0.016112596,0.1476056338028169,0.064225352112676,,17,0.23017902813299232,0.47478413581848145,6.577436451704851,0.16757410693742403,1.1022080393320994
511,448,0.8767123287671232,91.1198214285714,2.305419422508548,0.3353846153846154,0.0707692307692307,18,7,0.1875,17,3.7946428571428568,Q9C029,Q9C029,,TRIM7,False,511,1208.0,0.0854072292781805,0.0846703871799587,0.0033112582781456,0.0008278145695364,1775.0,2.228276640392676,2.1580267,0.727887323943662,0.3369014084507042,,18,0.203125,0.5417824983596802,6.090966434555568,0.15734700051646136,0.9583952987237638
305,302,0.9901639344262296,96.8382119205298,0.999970252109603,0.3230769230769231,0.123076923076923,6,1,0.1854304635761589,37,12.251655629139073,Q9GZS3,Q9GZS3,,SKIC8,False,305,1208.0,-0.7458183882533815,-0.7505233642287892,0.8104304635761589,0.173841059602649,1775.0,6.013695900169013,6.0046453,1.0,1.0,,28,0.5629139072847682,0.3287360966205597,14.508465649181408,0.3885483762977473,5.637240770561078
488,427,0.875,91.54620608899296,2.802299415040693,0.33003300330033,0.0858085808580858,8,8,0.1850117096018735,22,5.152224824355972,Q9C030,Q9C030,,TRIM6,False,488,1208.0,0.0377325067570413,0.0376546521860115,0.0008278145695364,0.0,1775.0,1.951309949589296,1.9219618,0.6445070422535212,0.2912676056338028,,17,0.20140515222482436,0.4880269765853882,6.405515338443471,0.1705599032514709,1.0925240764007313
493,423,0.8580121703853956,90.93609929078016,2.8867352724577557,0.3266666666666666,0.0733333333333333,10,5,0.1773049645390071,22,5.200945626477541,Q9C035,Q9C035,,TRIM5,False,493,1208.0,0.0625672211981849,0.063341281578513,0.0,0.0,1775.0,3.718084957662535,3.9008765,0.956056338028169,0.796056338028169,,16,0.19148936170212766,0.48342615365982056,6.0844504792191545,0.15465392912450784,0.9409841731747369
500,422,0.844,88.78632701421802,2.792798973990417,0.3694915254237288,0.0745762711864406,12,10,0.1966824644549763,13,3.080568720379147,Q9C037,Q9C037,,TRIM4,False,500,1208.0,-0.0312894825701808,-0.028535442266576,0.0132450331125827,0.0,1775.0,4.06151268044676,4.162621,0.9808450704225352,0.923943661971831,,17,0.2132701421800948,0.45781511068344116,6.804492955108136,0.20969726922161672,1.4268835911239053
744,643,0.864247311827957,90.81811819595646,1.81000277195338,0.3198992443324937,0.0856423173803526,24,5,0.1601866251944012,14,2.177293934681182,Q9C040,Q9C040,,TRIM2,False,744,1208.0,0.0597710849141057,0.0609230319448959,0.0008278145695364,0.0,1775.0,3.0804305779521126,3.158862,0.8591549295774648,0.5414084507042254,,39,0.3048211508553655,0.5549713969230652,12.85353476218827,0.11882761310911229,1.5273548558058334
1298,333,0.2565485362095531,90.81444444444443,1.0306499233412705,0.2992125984251969,0.0866141732283464,4,0,0.2462462462462462,60,18.01801801801802,Q9C0C7,Q9C0C7,,AMBRA1,False,1298,1208.0,-0.1099020036820627,-0.1236088722084311,0.1498344370860927,0.0173841059602649,1775.0,3.47429792315493,3.504544,0.9988732394366198,0.780281690140845,,28,0.4984984984984985,0.31213802099227905,14.99817411746379,0.2052691401321698,3.078662304644357
1292,666,0.5154798761609907,89.93684684684685,1.2778857587166543,0.2857142857142857,0.0598006644518272,5,1,0.2372372372372372,30,4.504504504504505,Q9C0C9,Q9C0C9,,UBE2O,False,1292,1208.0,-0.3259513804795945,-0.3175502092628143,0.1216887417218543,0.0041390728476821,1775.0,3.762479678366197,3.7614236,0.99943661971831,0.8614084507042253,,37,0.35435435435435436,0.4006722867488861,16.602832928517596,0.2671891888529393,4.436097462831487
744,710,0.9543010752688172,94.367,1.2881215970359308,0.2340425531914893,0.1094224924012158,6,2,0.1450704225352112,15,2.112676056338028,Q9C0D3,Q9C0D3,,ZYG11B,False,744,1208.0,-0.1687227798424204,-0.1650407875116891,0.021523178807947,0.0,1775.0,2.8987532667661973,2.9031944,0.9943661971830986,0.4456338028169014,,12,0.05070422535211268,0.5394707322120667,4.079462278984424,0.02363631568125021,0.09642345823582828
718,554,0.7715877437325905,94.10712996389891,1.3738683685988669,0.28719723183391,0.0795847750865051,5,3,0.2292418772563177,40,7.220216606498194,Q9C0H6,Q9C0H6,,KLHL4,False,718,1208.0,0.1429710397970642,0.1451703123670962,0.0008278145695364,0.0,1775.0,0.8111810457188734,0.12933314,0.2709859154929577,0.0923943661971831,,27,0.2563176895306859,0.8075355887413025,5.369665888999407,0.054430407947309765,0.2922731048789915
224,187,0.8348214285714286,91.03732620320858,1.7404366823796629,0.3643410852713178,0.0697674418604651,10,3,0.2299465240641711,30,16.0427807486631,Q9GZQ3,Q9GZQ3,,COMMD5,False,224,1208.0,-0.1926940117814916,-0.1815140670963165,0.0306291390728476,0.0,1775.0,4.761028567267605,4.748676,1.0,0.9949295774647888,,3,0.13368983957219252,0.5,0.0,0.08828519307590335,0.0
1112,378,0.3399280575539568,89.73253968253967,1.2386346519246292,0.3085714285714285,0.0457142857142857,5,1,0.1931216931216931,10,2.6455026455026456,Q9GZR1,Q9GZR1,,SENP6,False,1112,1208.0,-1.188236756918912,-1.1765918202940475,0.9793046357615894,0.6978476821192053,1775.0,5.199555709070422,5.22333,1.0,0.9971830985915492,,18,0.25396825396825395,0.2820553481578827,10.239584694184995,0.1491301699925677,1.5270310060971026
292,200,0.684931506849315,93.74455,1.308287270427296,0.4296875,0.1484375,10,4,0.265,39,19.5,Q9H8T0,Q9H8T0,,AKTIP,False,292,1208.0,-0.2256490052398517,-0.2179805835136412,0.0546357615894039,0.0008278145695364,1775.0,4.266263621014084,4.3031087,0.99943661971831,0.923943661971831,,4,0.115,0.5,0.0,0.2171043670294007,0.0
327,284,0.8685015290519877,89.26197183098591,1.5118732224319176,0.5290697674418605,0.1686046511627907,23,4,0.3028169014084507,60,21.12676056338028,Q9H920,Q9H920,,RNF121,False,327,1208.0,-0.0322153090676163,-0.0277653339191855,0.0049668874172185,0.0,1775.0,4.691892277352113,4.757039,0.99943661971831,0.968450704225352,,2,0.02112676056338028,0.5,0.0,0.03463796118500841,0.0
383,378,0.9869451697127938,92.84539682539682,1.5641719433259578,0.3284313725490196,0.1029411764705882,6,3,0.2222222222222222,19,5.026455026455026,Q9NXR7,Q9NXR7,,BABAM2,False,383,1208.0,0.0702417031225014,0.0717991818396576,0.0057947019867549,0.0,1775.0,4.562740950309859,4.581761,1.0,0.9887323943661972,,13,0.2275132275132275,0.25169387459754944,7.8582317132851385,0.0415452751312576,0.3264723985736049
704,141,0.2002840909090909,86.004609929078,2.599211612311365,0.396551724137931,0.0862068965517241,15,3,0.1347517730496454,6,4.25531914893617,Q9H992,Q9H992,,MARCHF7,False,704,1090.0,-0.0151954757971848,-0.017999543693611,0.0009174311926605,0.0,1775.0,6.247331878591549,6.3187776,1.0,0.9988732394366198,,0,0.028368794326241134,0.5,0.0,0.06950501601353157,0.0
258,150,0.5813953488372093,91.4216,1.2875808060720682,0.4090909090909091,0.0681818181818181,7,3,0.2,10,6.666666666666667,Q9NSE2,Q9NSE2,,CISH,False,258,1208.0,-0.0619215421971872,-0.0600387788603715,0.0008278145695364,0.0,1775.0,1.6524305598878872,1.3807849,0.6456338028169014,0.1059154929577464,,4,0.19333333333333333,0.5,0.0,0.23483003636231833,0.0
359,152,0.4233983286908078,94.54065789473684,1.2510118228877776,0.3111111111111111,0.0777777777777777,3,0,0.1907894736842105,18,11.842105263157894,Q9NTX7,Q9NTX7,,RNF146,False,359,1208.0,0.0595406301994758,0.0588456644770113,0.0173841059602649,0.0016556291390728,1775.0,4.620177649343099,4.661744,0.99943661971831,0.9887323943661972,,9,0.32894736842105265,0.2791467607021332,5.149661868570751,0.23285676683442547,1.1991336130059111
445,444,0.997752808988764,92.8418018018018,1.2792026114580837,0.356,0.104,9,2,0.1666666666666666,10,2.2522522522522523,Q9NV06,Q9NV06,,DCAF13,False,445,77.0,-2.496522873938131,-2.605811274134779,1.0,1.0,1775.0,6.317349992281691,6.3300705,1.0,0.99943661971831,,29,0.3581081081081081,0.3430536985397339,14.60243700458113,0.08485399672995757,1.2390751418361385
838,288,0.3436754176610978,87.94114583333334,1.862382806559061,0.4848484848484848,0.101010101010101,50,3,0.2673611111111111,31,10.76388888888889,Q9NV58,Q9NV58,,RNF19A,False,838,1208.0,-0.0291884612313714,-0.0281004771022564,0.0033112582781456,0.0,1775.0,4.447329003943661,4.4152246,1.0,0.956056338028169,,10,0.11458333333333333,0.44580262899398804,4.09997073141728,0.24574860688455297,1.0075620955132383
361,283,0.7839335180055401,95.24243816254418,1.148495931110864,0.3576642335766423,0.1021897810218978,10,2,0.1872791519434629,12,4.240282685512367,Q9NV79,Q9NV79,,PCMTD2,False,361,1208.0,-0.1275640996039423,-0.1245915006685962,0.0165562913907284,0.0,1775.0,4.971842709690141,4.9562845,0.99943661971831,0.9864788732394366,,9,0.1872791519434629,0.3218991160392761,4.727640993678215,0.11426461955458203,0.5402020995332875
336,104,0.3095238095238095,84.92009615384616,1.940836327122524,0.6835443037974683,0.2278481012658227,37,3,0.2980769230769231,29,27.884615384615387,Q9NV92,Q9NV92,,NDFIP2,False,336,1208.0,0.0219007564040996,0.0216552606544928,0.0049668874172185,0.0,1775.0,5.177613007625353,5.3212137,0.9712676056338028,0.9425352112676056,,0,0.0,0.5,0.0,0.08773022513677206,0.0
651,467,0.717357910906298,88.31871520342612,2.165271109229006,0.3447098976109215,0.0955631399317406,17,4,0.1905781584582441,13,2.7837259100642395,Q9NVC6,Q9NVC6,,MED17,False,651,1208.0,-1.0123743780139034,-0.9914150228043644,0.9809602649006622,0.4875827814569536,1775.0,4.409612749126761,4.4407196,1.0,0.9830985915492958,,21,0.2676659528907923,0.44819343090057373,8.568867492024772,0.04331695042120332,0.3711772083178979
368,235,0.6385869565217391,92.60974468085108,1.746010668841451,0.3197674418604651,0.0348837209302325,11,3,0.1659574468085106,10,4.25531914893617,Q9NVF7,Q9NVF7,,FBXO28,False,368,1208.0,-0.211162379010964,-0.2013583022856991,0.0562913907284768,0.0008278145695364,1775.0,4.208703972901408,4.222024,1.0,0.968450704225352,,0,0.0,0.5,0.0,0.0754441179602885,0.0
582,389,0.6683848797250859,86.41848329048841,1.3353442207672497,0.3056768558951965,0.0786026200873362,8,4,0.1773778920308483,14,3.5989717223650386,Q9NVN8,Q9NVN8,,GNL3L,False,582,1208.0,-0.853208567976817,-0.8413714194546775,0.9048013245033112,0.2731788079470199,1775.0,3.291806053915493,3.3457143,0.9977464788732394,0.6704225352112676,,6,0.08483290488431877,0.3148898184299469,3.196255065244906,0.05734879377228675,0.18330137258035706
708,567,0.8008474576271186,89.80460317460319,1.3577177174464556,0.271062271062271,0.0842490842490842,10,2,0.1992945326278659,26,4.585537918871252,Q9NVR0,Q9NVR0,,KLHL11,False,708,1208.0,-0.3120110797143663,-0.3056162899330877,0.1043046357615894,0.0016556291390728,1775.0,1.78246069592,1.7489763,0.8974647887323943,0.0484507042253521,,23,0.24162257495590828,0.7101645469665527,5.557593117469699,0.17969438232790796,0.9986682624735499
624,130,0.2083333333333333,87.05976923076923,2.2808588963875147,0.2340425531914893,0.0531914893617021,2,0,0.1769230769230769,11,8.461538461538462,Q9NVW2,Q9NVW2,,RLIM,False,624,1208.0,-0.0277341029719786,-0.0293707565358359,0.0049668874172185,0.0,1775.0,4.043806983774648,4.09541,1.0,0.9233802816901407,,4,0.13076923076923078,0.5,0.0,0.3989113878815394,0.0
534,392,0.7340823970037453,88.84147959183673,1.4125754709169138,0.2814070351758794,0.1055276381909547,9,2,0.1964285714285714,16,4.081632653061225,Q9NVX7,Q9NVX7,,KBTBD4,False,534,1208.0,-0.0244880446662857,-0.0261226196730296,0.0016556291390728,0.0,1775.0,3.806746228450704,3.853407,1.0,0.9030985915492956,,20,0.3112244897959184,0.6654068827629089,5.2852425273756545,0.23363115390034478,1.2347973103139487
375,358,0.9546666666666668,93.05175977653631,1.7752530021428776,0.3561643835616438,0.0958904109589041,7,4,0.2569832402234637,49,13.687150837988826,Q9NW38,Q9NW38,,FANCL,False,375,1208.0,-0.2603269575751091,-0.2247534049436813,0.1125827814569536,0.0091059602649006,1775.0,4.8782990583661965,4.9186344,1.0,0.9847887323943662,,15,0.23184357541899442,0.37083807587623596,7.1447230506482935,0.3073180681341714,2.1957024852789173
866,434,0.5011547344110855,86.89532258064516,2.0222584388914115,0.273972602739726,0.0958904109589041,9,3,0.216589861751152,20,4.6082949308755765,Q9NWF9,Q9NWF9,,RNF216,False,866,1208.0,-0.0776917930329255,-0.0674064042815625,0.0107615894039735,0.0,1775.0,3.9094425781521127,3.9193783,0.9988732394366198,0.9154929577464788,,11,0.1152073732718894,0.31935107707977295,5.8077493386128145,0.17858063920198267,1.0371515892143686
711,105,0.1476793248945147,82.75685714285717,2.0833836359384685,0.5222222222222223,0.1333333333333333,14,4,0.1809523809523809,6,5.714285714285714,Q9NWN3,Q9NWN3,,FBXO34,False,711,1208.0,0.0225035415205437,0.0236556925524962,0.0008278145695364,0.0,1775.0,4.013945565859155,3.9938464,1.0,0.9622535211267604,,0,0.01904761904761905,0.5,0.0,0.3903939921519296,0.0
228,218,0.956140350877193,93.74477064220184,1.4733061869303803,0.3426573426573426,0.0769230769230769,16,3,0.2660550458715596,27,12.385321100917432,Q9NWU2,Q9NWU2,,GID8,False,228,1208.0,-0.1332085891850871,-0.1261138416659173,0.0173841059602649,0.0,1775.0,4.584900227830986,4.5477953,1.0,0.9949295774647888,,2,0.03211009174311927,0.5,0.0,0.14789251598890446,0.0
421,371,0.8812351543942993,91.81239892183288,1.4705092747161177,0.3048128342245989,0.1176470588235294,11,2,0.2264150943396226,32,8.62533692722372,Q9NWX5,Q9NWX5,,ASB6,False,421,1208.0,-0.2624750150294241,-0.2570242790770457,0.0579470198675496,0.0008278145695364,1775.0,3.645160880676056,3.6499028,1.0,0.8715492957746479,,1,0.0215633423180593,0.5,0.0,0.1444162880871471,0.0
460,385,0.8369565217391305,92.24693506493506,1.1372305892797785,0.287292817679558,0.0828729281767955,6,2,0.1948051948051948,36,9.35064935064935,Q9NWZ3,Q9NWZ3,,IRAK4,False,460,1208.0,0.0186395841476535,0.0211025165680623,0.0049668874172185,0.0,1775.0,3.411371353732957,3.416614,0.9949295774647888,0.7154929577464789,,7,0.12207792207792208,0.28603336215019226,3.950505023357379,0.13831789262721628,0.5464255296440245
183,160,0.8743169398907104,91.3639375,1.8602723145859497,0.3518518518518518,0.0925925925925925,10,2,0.2,12,7.5,Q9NX08,Q9NX08,,COMMD8,False,183,1208.0,-0.2472114952286135,-0.2375061360830733,0.1142384105960264,0.0024834437086092,1775.0,4.987305296816901,5.0106096,0.99943661971831,0.9887323943661972,,3,0.2,0.5,0.0,0.06937514797078802,0.0
278,235,0.8453237410071942,90.80212765957448,2.354890308954509,0.5,0.1220930232558139,28,4,0.2595744680851063,32,13.617021276595745,Q9NX47,Q9NX47,,MARCHF5,False,278,1090.0,-0.4368755097783607,-0.3194289843971264,0.3440366972477064,0.1119266055045871,1775.0,5.039487865577465,5.1305685,1.0,0.9881690140845072,,0,0.01702127659574468,0.5,0.0,0.3182339723722205,0.0
875,720,0.8228571428571428,90.38469444444443,1.6596934440340587,0.323943661971831,0.1014084507042253,14,3,0.1833333333333333,33,4.583333333333333,Q9NXC5,Q9NXC5,,MIOS,False,875,1208.0,-0.5052175658358253,-0.4731888635208828,0.4635761589403973,0.0711920529801324,1775.0,4.166466610873239,4.154883,1.0,0.96,,31,0.24583333333333332,0.5655211806297302,10.003598149495152,0.027938414613506206,0.279484672727499
227,121,0.5330396475770925,86.04710743801654,1.8000051325017756,0.5978260869565217,0.108695652173913,33,3,0.2231404958677686,12,9.917355371900827,Q9NXI6,Q9NXI6,,RNF186,False,227,1208.0,0.0588508089844514,0.0587221656514363,0.0,0.0,1775.0,0.1380221904304225,0.0,0.0445070422535211,0.0118309859154929,,5,0.1487603305785124,0.5,0.0,0.2996227933013495,0.0
326,303,0.9294478527607362,91.69254125412542,1.2833731777443824,0.2960526315789473,0.0723684210526315,9,1,0.1782178217821782,11,3.630363036303631,Q9NXK8,Q9NXK8,,FBXL12,False,326,1208.0,-0.1055707010644092,-0.0945813832583997,0.0231788079470198,0.0008278145695364,1775.0,4.265929391380282,4.2838106,1.0,0.9864788732394366,,11,0.19141914191419143,0.33779701590538025,5.597394608445732,0.1773721176806923,0.9928217351945089
495,239,0.4828282828282828,91.9089958158996,1.8036026553598423,0.3254437869822485,0.0769230769230769,8,2,0.205020920502092,17,7.112970711297072,Q9NS91,Q9NS91,,RAD18,False,495,1208.0,-0.0436578176718657,-0.0363870976265698,0.0074503311258278,0.0,1775.0,3.70760866475493,3.777872,0.9971830985915492,0.8090140845070423,,4,0.058577405857740586,0.5,0.0,0.2020261532979713,0.0
142,75,0.528169014084507,87.7652,3.303663942791863,0.5066666666666667,0.12,25,2,0.0533333333333333,2,2.666666666666667,Q9NS69,Q9NS69,,TOMM22,False,142,1208.0,-1.2458668843572214,-1.2338251464182903,0.9917218543046358,0.8269867549668874,1775.0,6.124069174253521,6.154168,1.0,0.9983098591549296,,0,0.0,0.5,0.0,0.1420912088845402,0.0
1045,197,0.1885167464114832,88.92472081218273,1.6993060390830292,0.3553719008264462,0.140495867768595,5,1,0.2233502538071066,9,4.568527918781726,Q9NS56,Q9NS56,,TOPORS,False,1045,1208.0,0.0106074708530036,0.016188856852657,0.0024834437086092,0.0,1775.0,3.724260231098592,3.7406793,1.0,0.8828169014084507,,4,0.08629441624365482,0.5,0.0,0.15772672602808985,0.0
577,161,0.2790294627383015,88.60509316770187,1.583442191551483,0.2916666666666667,0.0729166666666666,3,0,0.2236024844720497,18,11.180124223602483,Q9HCI7,Q9HCI7,,MSL2,False,577,1208.0,-0.0834279838847449,-0.0745906895270658,0.0140728476821192,0.0,1775.0,3.909286569633803,3.8522086,1.0,0.8985915492957747,,2,0.055900621118012424,0.5,0.0,0.14276456978015997,0.0
155,83,0.535483870967742,87.94602409638554,2.7742001396108766,0.4776119402985074,0.1343283582089552,20,1,0.1566265060240964,7,8.433734939759036,Q9H9V4,Q9H9V4,,RNF122,False,155,1208.0,0.1203179977336639,0.118863224150364,0.0008278145695364,0.0,1775.0,1.924088954348169,1.727267,0.7966197183098591,0.1628169014084507,,2,0.0963855421686747,0.5,0.0,0.26466690905735724,0.0
420,375,0.8928571428571429,93.80656,1.1953713078209216,0.2832369942196532,0.0924855491329479,4,0,0.1946666666666666,35,9.333333333333334,Q9HAT8,Q9HAT8,,PELI2,False,420,1208.0,-0.0138978646957025,-0.0156679854904579,0.0008278145695364,0.0,1775.0,1.5977325728140843,1.3527077,0.5723943661971831,0.1830985915492957,,25,0.3253333333333333,0.463776171207428,9.88801564023781,0.09323598777470889,0.9219189053493427
748,558,0.7459893048128342,88.27120071684588,1.2351811706371103,0.2682926829268293,0.0836236933797909,7,1,0.1953405017921147,25,4.480286738351254,Q9HAU4,Q9HAU4,,SMURF2,False,748,1208.0,-0.1969784308939278,-0.1871860002911181,0.0405629139072847,0.0008278145695364,1775.0,4.1871871466084505,3.9323258,0.99943661971831,0.8450704225352113,,23,0.24731182795698925,0.3391020596027374,11.67313557162967,0.2017414227742327,2.354954978457076
307,232,0.755700325732899,91.6007327586207,1.5083353380103357,0.4054054054054054,0.1216216216216216,17,4,0.2284482758620689,37,15.948275862068966,Q9HAY2,Q9HAY2,,MAGEF1,False,307,1208.0,0.0033245416840966,-0.0057526214816464,0.0049668874172185,0.0,1775.0,5.241944009956056,5.269826,0.9988732394366198,0.984225352112676,,5,0.1206896551724138,0.5,0.0,0.16869131078995186,0.0
1191,417,0.3501259445843829,92.33364508393286,1.4352430605170496,0.2875536480686695,0.0643776824034334,6,1,0.2038369304556355,25,5.995203836930456,Q9HBD1,Q9HBD1,,RC3H2,False,1191,1208.0,0.067200330748299,0.0666243374362203,0.0,0.0,1775.0,4.245453140225352,4.303006,1.0,0.96,,5,0.05275779376498801,0.5,0.0,0.17699726997597862,0.0
687,300,0.4366812227074236,83.16713333333333,1.6572795384710013,0.319047619047619,0.1142857142857142,8,4,0.1933333333333333,7,2.333333333333333,Q9HBE1,Q9HBE1,,PATZ1,False,687,1208.0,-0.132918193682519,-0.123194966097083,0.0124172185430463,0.0,1775.0,3.978679103154929,3.9880848,0.99943661971831,0.8856338028169014,,4,0.17,0.5,0.0,0.11042037677747002,0.0
1040,896,0.8615384615384616,90.2578236607143,1.1323964564519404,0.264,0.08,6,2,0.1796875,17,1.8973214285714284,Q9HC29,Q9HC29,,NOD2,False,1040,1208.0,0.1064273620965792,0.1028776441517801,0.0,0.0,1775.0,0.3555105302321126,0.08379067,0.1115492957746479,0.0118309859154929,,20,0.09709821428571429,0.3216591477394104,10.510912235975482,0.07176355919856245,0.7543004724773209
741,235,0.3171390013495276,81.89961702127661,1.6817696269532645,0.3,0.1125,7,1,0.2042553191489361,11,4.680851063829787,Q9HC78,Q9HC78,,ZBTB20,False,741,1208.0,0.1061855818379541,0.1080751131088847,0.0008278145695364,0.0,1775.0,0.5838263442861973,0.4475612,0.1791549295774648,0.0033802816901408,,4,0.16170212765957448,0.5,0.0,0.2036907255553983,0.0
757,528,0.6974900924702774,88.79274621212122,1.3293430030396889,0.2700729927007299,0.0912408759124087,4,0,0.1912878787878787,15,2.840909090909091,Q9HCE7,Q9HCE7,,SMURF1,False,757,1208.0,-0.1341842178070013,-0.1215844906449656,0.0190397350993377,0.0,1775.0,3.502451131887324,3.5042136,1.0,0.763943661971831,,19,0.24242424242424243,0.25286006927490234,11.458351360720547,0.041441680661828136,0.4748533380020048
957,350,0.3657262277951933,83.53617142857142,1.3684559801260667,0.3641304347826087,0.1195652173913043,8,3,0.2542857142857143,34,9.714285714285714,Q9HCI5,Q9HCI5,,MAGEE1,False,957,1208.0,0.1190463731587689,0.1264702522695094,0.0033112582781456,0.0,1775.0,1.168242479778028,1.1212012,0.540281690140845,0.0366197183098591,,10,0.15428571428571428,0.22065229713916779,6.431967626790206,0.2599666749936481,1.6720972376034355
518,437,0.8436293436293436,90.89324942791764,2.6848600773014475,0.3183279742765273,0.0643086816720257,8,6,0.1807780320366132,12,2.745995423340961,Q9HCM9,Q9HCM9,,TRIM39,False,518,1208.0,0.0194431021843792,0.0226444627282032,0.0041390728476821,0.0,1775.0,3.225161979887324,3.2290432,1.0,0.691830985915493,,17,0.20137299771167047,0.5402957797050476,5.769709800105661,0.1368176214028214,0.7893979710350045
184,169,0.9184782608695652,97.39881656804737,1.1102508398202748,0.2409638554216867,0.0602409638554216,3,0,0.165680473372781,7,4.142011834319527,Q9NRW4,Q9NRW4,,DUSP22,False,184,1208.0,-0.2105607276674911,-0.2005577382041955,0.0504966887417218,0.0008278145695364,1775.0,3.8248091072338015,3.7076905,0.9971830985915492,0.8309859154929577,,5,0.14792899408284024,0.5,0.0,0.15396603456826263,0.0
277,182,0.6570397111913358,95.45582417582418,3.4768586712601217,0.3783783783783784,0.0878378378378378,17,4,0.1703296703296703,17,9.34065934065934,Q9NPC3,Q9NPC3,,CCNB1IP1,False,277,1208.0,-0.2604483063792387,-0.2504332100122095,0.0687086092715231,0.0,1775.0,5.787142603067042,5.7021284,0.9983098591549296,0.9971830985915492,,3,0.09340659340659341,0.5,0.0,0.13749321029002357,0.0
197,152,0.7715736040609137,96.45151315789474,1.2598075007184435,0.3411764705882353,0.0705882352941176,4,0,0.25,29,19.07894736842105,Q9NPD8,Q9NPD8,,UBE2T,False,197,1208.0,-0.2283121040096693,-0.1885806748778223,0.0910596026490066,0.0074503311258278,1775.0,6.49748506540845,6.584597,0.99943661971831,0.9949295774647888,,4,0.1513157894736842,0.5,0.0,0.2466859674791231,0.0
728,563,0.7733516483516484,88.52408525754885,2.214581438087424,0.3138297872340425,0.0877659574468085,11,9,0.2007104795737122,18,3.197158081705151,Q9NQ86,Q9NQ86,,TRIM36,False,728,1208.0,0.0523222109626499,0.0515553879649855,0.0,0.0,1775.0,1.7382033716552114,1.588296,0.6850704225352112,0.1487323943661971,,28,0.2557726465364121,0.3989381194114685,12.607958875755932,0.05025127737301221,0.6335660385731425
790,349,0.4417721518987342,87.4470200573066,1.7466961864350967,0.3568281938325991,0.079295154185022,13,6,0.2206303724928366,26,7.4498567335243555,Q9NQC1,Q9NQC1,,JADE2,False,790,1208.0,-0.0054542620695577,0.0101961911124771,0.009933774834437,0.0,1775.0,3.378225432370141,3.4480076,0.9735211267605632,0.6721126760563381,,9,0.11174785100286533,0.6939300298690796,2.246479934508828,0.09133473153333822,0.20518164171339504
748,553,0.7393048128342246,94.4742314647378,1.3703270222894035,0.3181818181818182,0.0944055944055944,9,2,0.2386980108499095,43,7.775768535262206,Q9NR64,Q9NR64,,KLHL1,False,748,1208.0,0.0523354190544424,0.0510950864842227,0.0,0.0,1775.0,0.0372458628811267,0.0,0.0095774647887323,0.0028169014084507,,27,0.25316455696202533,0.8155160546302795,5.2846413584423,0.061649125825830195,0.3257935200509956
400,353,0.8825,93.36841359773372,1.400250435995563,0.2582417582417582,0.0494505494505494,5,1,0.1756373937677053,11,3.1161473087818696,Q9NRC8,Q9NRC8,,SIRT7,False,400,1208.0,-0.1269108559376999,-0.1292155065761028,0.0347682119205298,0.0008278145695364,1775.0,4.427514531830986,4.4744687,1.0,0.9492957746478872,,10,0.12464589235127478,0.39802178740501404,4.5111022193253785,0.16555450687619302,0.746833303388513
319,251,0.786833855799373,92.05932270916334,1.462371613299222,0.2986111111111111,0.1111111111111111,8,2,0.2151394422310757,21,8.366533864541832,Q9NRD0,Q9NRD0,,FBXO8,False,319,1208.0,0.1547316379630894,0.15929000889888,0.0016556291390728,0.0,1775.0,3.7153559116732393,3.6920588,0.99943661971831,0.8529577464788732,,0,0.0,0.5,0.0,0.11275348010399247,0.0
293,252,0.8600682593856656,96.20869047619048,1.4408792541144892,0.3661971830985915,0.1126760563380281,7,3,0.2341269841269841,21,8.333333333333332,Q9NRD1,Q9NRD1,,FBXO6,False,293,1208.0,-0.0147152981193829,-0.0139215086761674,0.0,0.0,1775.0,2.232522743266479,2.2994175,0.828169014084507,0.2563380281690141,,11,0.30158730158730157,0.3459126353263855,5.507275312083585,0.0876689918535344,0.4828172744702269
1543,529,0.3428386260531432,90.1763327032136,1.1396249688189963,0.35,0.0863636363636363,6,5,0.219281663516068,57,10.775047258979209,Q9NRJ4,Q9NRJ4,,TULP4,False,1543,1208.0,-0.0509428659968225,-0.032971020485253,0.0124172185430463,0.0008278145695364,1775.0,2.918763154749296,2.9309626,0.9870422535211268,0.4676056338028169,,42,0.5122873345935728,0.4180538058280945,18.20255568772973,0.12444768632065917,2.26526594046092
190,165,0.868421052631579,90.5998181818182,1.9354639455015208,0.2936507936507936,0.0555555555555555,10,2,0.1515151515151515,11,6.666666666666667,Q8N668,Q8N668,,COMMD1,False,190,1208.0,-0.0709745127870838,-0.0634402847178089,0.009933774834437,0.0,1775.0,5.022597047323943,5.024488,1.0,0.9960563380281692,,2,0.19393939393939394,0.5,0.0,0.17475973586375926,0.0
474,342,0.7215189873417721,87.70377192982457,1.5094618127068338,0.2795031055900621,0.1180124223602484,4,0,0.2134502923976608,23,6.725146198830409,A0A0G2JMD5,A0A0G2JMD5,,PRAMEF33,False,474,,,,,,1775.0,0.0044477361397183,0.0,0.0011267605633802,0.0,,15,0.1783625730994152,0.40859636664390564,6.625047010783291,0.18318052734408918,1.213579605114665
314,147,0.4681528662420382,92.69190476190477,2.4593135894620173,0.2473118279569892,0.075268817204301,8,1,0.2176870748299319,12,8.16326530612245,Q8N5Z5,Q8N5Z5,,KCTD17,False,314,1208.0,0.042559431191445,0.0419845729247026,0.0,0.0,1775.0,3.695214749463098,3.8689928,0.9594366197183098,0.7532394366197183,,6,0.2925170068027211,0.03169234097003937,5.631494091333972,0.06137478248405572,0.3456317249158676
619,527,0.851373182552504,92.3260531309298,1.18806280820916,0.3004115226337449,0.0617283950617283,5,1,0.222011385199241,30,5.692599620493358,P43403,P43403,,ZAP70,False,619,1208.0,-0.0283343236715282,-0.0228853747955738,0.0049668874172185,0.0008278145695364,1775.0,0.5280335212985915,0.11025231,0.0935211267605633,0.0608450704225352,,13,0.2049335863377609,0.18359728157520294,9.004773218083004,0.12388311347164808,1.1155393423622344
824,481,0.5837378640776699,92.87779625779626,1.2609254012853903,0.3103448275862069,0.1120689655172413,7,2,0.2557172557172557,51,10.602910602910605,P30260,P30260,,CDC27,False,824,1208.0,-2.54239465350059,-2.5318191273343538,0.9983443708609272,0.9975165562913908,1775.0,5.730918383380281,5.826093,1.0,0.9966197183098592,,0,0.0,0.5,0.0,0.23959257328416847,0.0
326,202,0.6196319018404908,94.10638613861386,1.6160735975436666,0.3656716417910448,0.126865671641791,8,3,0.2425742574257425,24,11.88118811881188,P35226,P35226,,BMI1,False,326,1208.0,0.0591235376802887,0.0750260248479341,0.0140728476821192,0.0024834437086092,1775.0,5.396264647042254,5.3899245,1.0,0.9881690140845072,,7,0.21287128712871287,0.15011808276176453,5.184502999314936,0.13242466035731268,0.6865560488057493
344,192,0.5581395348837209,94.00703125,1.6811539259685755,0.4076923076923077,0.1384615384615384,8,4,0.234375,13,6.770833333333333,P35227,P35227,,PCGF2,False,344,1208.0,-0.1821740771955815,-0.1728424319205651,0.0256622516556291,0.0008278145695364,1775.0,3.8111422252636618,3.9698412,0.9577464788732394,0.8495774647887324,,7,0.22395833333333334,0.12297125905752182,5.473770208064765,0.24704481620826907,1.3522665550176587
595,538,0.9042016806722688,91.69204460966542,2.109872247619661,0.247787610619469,0.0353982300884955,11,3,0.2230483271375464,41,7.62081784386617,P35240,P35240,,NF2,False,595,1208.0,0.2586694510755097,0.2129246202388417,0.037251655629139,0.0049668874172185,1775.0,3.7558849059543657,3.6961274,0.9898591549295774,0.811830985915493,,12,0.13197026022304834,0.3361710011959076,6.126138687995667,0.04972147115975961,0.30460062809586413
574,506,0.8815331010452961,87.13464426877471,2.4615782633248027,0.3409090909090909,0.1051136363636363,24,5,0.1739130434782608,13,2.569169960474309,P36406,P36406,,TRIM23,False,574,1208.0,-0.0698485708150986,-0.0630108779989775,0.0049668874172185,0.0,1775.0,2.983494921594366,3.0098827,0.9954929577464788,0.5064788732394366,,21,0.1976284584980237,0.2274048924446106,13.325941881361068,0.14301318396937432,1.9057853778442806
1863,324,0.1739130434782608,90.70787037037036,1.560762299431695,0.3096446700507614,0.0710659898477157,10,4,0.2129629629629629,14,4.320987654320987,P38398,P38398,,BRCA1,False,1863,1208.0,-0.4921719744294541,-0.464577785703519,0.4478476821192053,0.0480132450331125,1775.0,4.195356995346478,4.321387,0.9949295774647888,0.8794366197183099,,9,0.15123456790123457,0.2524581551551819,5.432004762613798,0.2685039982295425,1.4585149971637217
786,501,0.6374045801526718,92.7063872255489,1.1071990515475358,0.3,0.0875,8,3,0.217564870259481,29,5.788423153692615,P41002,P41002,,CCNF,False,786,1208.0,-0.0856224449652728,-0.0620131052358449,0.0629139072847682,0.0041390728476821,1775.0,3.491736655177465,3.5957663,0.9892957746478872,0.7352112676056338,,0,0.0,0.5,0.0,0.11208341157860878,0.0
1012,924,0.9130434782608696,92.57514069264067,1.065577974267897,0.3114355231143552,0.0754257907542579,11,2,0.2034632034632034,24,2.5974025974025974,P41226,P41226,,UBA7,False,1012,1208.0,-0.097055900281071,-0.0984028804308605,0.0024834437086092,0.0,1775.0,3.034091924387605,3.1236231,0.8202816901408451,0.5211267605633803,,29,0.170995670995671,0.3872355818748474,13.367476986478735,0.060637738388405756,0.8105735724191321
314,177,0.5636942675159236,91.7332768361582,1.4103517575255111,0.4387755102040816,0.1020408163265306,9,2,0.2598870056497175,14,7.909604519774012,P43356,P43356,,MAGEA2,False,314,,,,,,1775.0,1.4898030159876057,0.09380083,0.3014084507042253,0.2535211267605634,,5,0.15819209039548024,0.5,0.0,0.11910289324574001,0.0
314,181,0.5764331210191083,92.09502762430938,1.4024646936046057,0.4077669902912621,0.1262135922330097,8,3,0.2596685082872928,20,11.049723756906078,P43357,P43357,,MAGEA3,False,314,,,,,,1775.0,2.2780999135763382,0.28244454,0.3915492957746478,0.3261971830985915,,5,0.15469613259668508,0.5,0.0,0.12096508563750806,0.0
314,191,0.60828025477707,91.46471204188482,1.3426778549292395,0.3611111111111111,0.074074074074074,7,3,0.2303664921465968,10,5.235602094240837,P43360,P43360,,MAGEA6,False,314,1047.0,-0.0460170219633946,-0.0370819601672508,0.0076408787010506,0.0009551098376313,1775.0,2.058560882162817,0.22775093,0.3628169014084507,0.3025352112676056,,5,0.14659685863874344,0.5,0.0,0.11202384361075073,0.0
294,282,0.9591836734693876,94.28929078014184,1.2477780314365887,0.3942307692307692,0.1298076923076923,64,2,0.2446808510638297,67,23.75886524822695,P45880,P45880,,VDAC2,False,294,1208.0,-0.1845420759977375,-0.1574574179588095,0.0637417218543046,0.0074503311258278,1775.0,7.694430634929577,7.677762,1.0,1.0,,19,0.6560283687943262,0.0476967915892601,17.271286729065107,0.3740263505455607,6.459916344498196
603,502,0.8325041459369817,93.08627490039842,1.105696798773115,0.2415254237288135,0.1144067796610169,6,1,0.199203187250996,28,5.577689243027888,P53350,P53350,,PLK1,False,603,1208.0,-2.753743496032642,-2.7779014162976283,0.9991721854304636,0.9975165562913908,1775.0,5.7579378926028175,5.9922633,0.9960563380281692,0.9695774647887324,,20,0.22709163346613545,0.2542886435985565,12.027010391674036,0.10267312736106317,1.2348507697171784
858,664,0.7738927738927739,90.46073795180725,1.2729108148628268,0.2939393939393939,0.0393939393939393,8,6,0.2018072289156626,13,1.957831325301205,P45974,P45974,,USP5,False,858,1208.0,-1.2556664652255949,-1.2613282194456423,0.9817880794701986,0.8327814569536424,1775.0,5.474108171042253,5.510367,1.0,0.9977464788732394,,23,0.20933734939759036,0.35534700751304626,11.29997146962383,0.07920582570495478,0.8950235706939869
1132,466,0.411660777385159,86.72377682403433,1.56519349054187,0.3223684210526316,0.0855263157894736,12,5,0.2575107296137339,60,12.875536480686694,P46379,P46379,,BAG6,False,1132,1208.0,-0.1491695455802051,-0.1460806803574315,0.0314569536423841,0.0,1775.0,7.1149053668169016,7.1326694,1.0,1.0,,6,0.07510729613733906,0.3855072557926178,2.7752614462985625,0.09736841794804456,0.27022281641829304
1319,468,0.354814253222138,86.3115811965812,1.4465049434257624,0.2608695652173913,0.1620553359683794,4,0,0.2393162393162393,20,4.273504273504273,P46934,P46934,,NEDD4,False,1319,1208.0,0.0429465712966309,0.0428459756518872,0.0,0.0,1775.0,3.422274647152112,3.4873834,0.963943661971831,0.6805633802816902,,21,0.22435897435897437,0.38700976967811584,9.684269793135822,0.07520973307752468,0.7283513461924803
415,304,0.7325301204819277,95.3351644736842,1.2008485289484545,0.2763157894736842,0.1052631578947368,4,0,0.1809210526315789,18,5.921052631578947,P48730,P48730,,CSNK1D,False,415,1208.0,-0.0862185831825194,-0.0712815053067318,0.0206953642384105,0.0008278145695364,1775.0,6.430722207211267,6.4760675,1.0,1.0,,7,0.17434210526315788,0.3798378109931946,3.274727066263679,0.1406469405923684,0.4605803431450085
236,188,0.7966101694915254,94.52601063829788,1.2371605547057558,0.2962962962962963,0.0462962962962962,5,1,0.2180851063829787,31,16.48936170212766,P49427,P49427,,CDC34,False,236,1208.0,0.0642086712660083,0.0614058949431834,0.0,0.0,1775.0,5.074940741915492,5.0766573,1.0,0.9977464788732394,,4,0.12234042553191489,0.5,0.0,0.20987238665418864,0.0
152,149,0.9802631578947368,94.8326845637584,1.2675392320967909,0.25,0.0595238095238095,3,0,0.2214765100671141,27,18.12080536912752,P49459,P49459,,UBE2A,False,152,1208.0,-0.1616600960785553,-0.148191422519945,0.0869205298013245,0.0057947019867549,1775.0,6.449534276676055,6.4711957,1.0,1.0,,4,0.18120805369127516,0.5,0.0,0.26285258846249904,0.0
126,125,0.992063492063492,96.45048,1.247297541682134,0.3896103896103896,0.0779220779220779,6,1,0.208,12,9.6,P49773,P49773,,HINT1,False,126,1208.0,0.0769442994134898,0.0760562228455999,0.0,0.0,1775.0,8.82658615256338,8.865133,1.0,0.99943661971831,,5,0.208,0.5,0.0,0.20705501013307853,0.0
561,486,0.8663101604278075,94.08609053497942,1.1811543903873074,0.3015873015873015,0.119047619047619,9,4,0.1831275720164609,22,4.526748971193416,P49902,P49902,,NT5C2,False,561,1208.0,0.0046211877163475,0.0040094523019545,0.0,0.0,1775.0,5.374058694309858,5.426362,1.0,0.9966197183098592,,14,0.15020576131687244,0.3028148114681244,7.640229994206234,0.19156924160968242,1.4636330657136367
292,237,0.8116438356164384,88.96135021097048,1.7050150485086142,0.4345238095238095,0.0952380952380952,22,2,0.1814345991561181,7,2.9535864978902957,P50876,P50876,,RNF144A,False,292,1208.0,0.1773917568280539,0.1754282616993946,0.0,0.0,1775.0,2.070336193012958,1.907656,0.6957746478873239,0.2754929577464788,,12,0.1518987341772152,0.27685490250587463,6.897760852290149,0.1957134494572357,1.349984569932787
712,399,0.5603932584269663,91.28817042606516,1.213693530928962,0.3495145631067961,0.087378640776699,9,3,0.225563909774436,24,6.015037593984962,P51617,P51617,,IRAK1,False,712,1208.0,0.0840319357278787,0.0821684922241583,0.0024834437086092,0.0008278145695364,1775.0,6.271770353684507,6.321369,0.9988732394366198,0.9949295774647888,,9,0.14035087719298245,0.3074873685836792,4.865890982420671,0.08545019147429138,0.41579131614087417
147,147,1.0,96.36897959183676,1.268442686357448,0.3086419753086419,0.0864197530864197,6,1,0.2585034013605442,21,14.285714285714285,P51668,P51668,,UBE2D1,False,147,1208.0,0.0225111794959505,0.0252821673272671,0.0016556291390728,0.0,1775.0,4.555024869830986,4.5643353,0.99943661971831,0.9802816901408452,,4,0.1836734693877551,0.5,0.0,0.26756741659378147,0.0
882,541,0.6133786848072562,89.93231053604437,2.227661918185609,0.329512893982808,0.0744985673352435,14,8,0.2292051756007393,24,4.436229205175601,P29590,P29590,,PML,False,882,1208.0,0.0311436546039672,0.0287525947990357,0.0008278145695364,0.0008278145695364,1775.0,4.2229608811267605,4.270768,1.0,0.9104225352112676,,13,0.10720887245841035,0.308369517326355,7.01611974827835,0.18376035536153607,1.2892846582027206
305,242,0.7934426229508197,87.4622727272727,2.4270228690996984,0.5085714285714286,0.1714285714285714,20,8,0.2355371900826446,31,12.8099173553719,P28328,P28328,,PEX2,False,305,1208.0,-0.0694085378383544,-0.0411642795897643,0.0298013245033112,0.0,1775.0,5.40128782112676,5.4279647,1.0,0.9988732394366198,,3,0.07024793388429752,0.5,0.0,0.31918909135871687,0.0
906,420,0.4635761589403973,92.00157142857144,1.2729048312011992,0.2680851063829787,0.0808510638297872,5,1,0.2285714285714285,20,4.761904761904762,P22681,P22681,,CBL,False,906,1208.0,0.0259180121249154,0.0243750934933326,0.0016556291390728,0.0,1775.0,3.3321700728000003,3.357397,0.9988732394366198,0.6783098591549296,,8,0.09761904761904762,0.1457444578409195,5.977202361669268,0.17828729748383282,1.065659255575997
1893,826,0.4363444268357105,88.6436440677966,1.5661887923276272,0.325187969924812,0.0808270676691729,10,10,0.2130750605326876,25,3.026634382566586,P21675,P21675,,TAF1,False,1893,1208.0,-0.6265549554508284,-0.6248281927368666,0.7086092715231788,0.0496688741721854,1775.0,4.237388361577465,4.273165,1.0,0.9509859154929576,,14,0.09927360774818401,0.389100581407547,6.429238916626753,0.0915569175672117,0.588641297509505
483,405,0.8385093167701864,92.06555555555556,1.336640356435444,0.2606382978723404,0.0691489361702127,4,0,0.1925925925925926,31,7.654320987654321,O95522,O95522,,PRAMEF12,False,483,1208.0,-0.1234438666745327,-0.1144406929845693,0.0140728476821192,0.0,1775.0,0.0155863782473239,0.0,0.0039436619718309,0.0,,13,0.16049382716049382,0.39494916796684265,5.90058218535727,0.18834621270034302,1.1113523073391551
575,239,0.4156521739130435,88.5073640167364,2.0444486468970227,0.311377245508982,0.0778443113772455,9,3,0.1966527196652719,20,8.368200836820083,O95628,O95628,,CNOT4,False,575,1208.0,-0.039335121785539,-0.0287690549816923,0.0347682119205298,0.0008278145695364,1775.0,3.292519208912676,3.308773,0.99943661971831,0.7487323943661972,,4,0.17573221757322174,0.5,0.0,0.11233823734942983,0.0
925,835,0.9027027027027028,89.82032335329342,1.1729026152301836,0.2566585956416465,0.0847457627118644,4,0,0.1808383233532934,19,2.275449101796408,O95786,O95786,,RIGI,False,925,1208.0,-0.0483030232777583,-0.0483322645954319,0.0024834437086092,0.0,1775.0,2.49958160996169,2.371043,0.8816901408450705,0.3014084507042253,,22,0.1317365269461078,0.15867377817630768,16.01770858884605,0.2336601233650522,3.742699764895225
361,284,0.7867036011080333,92.23890845070422,1.2406387391889229,0.494949494949495,0.1313131313131313,90,1,0.3309859154929577,94,33.098591549295776,O96008,O96008,,TOMM40,False,361,1208.0,-1.4901628271629714,-1.4878914191750252,0.995860927152318,0.9172185430463576,1775.0,6.042254087323943,6.1012635,1.0,0.99943661971831,,19,0.6901408450704225,0.07303625345230103,16.41780591306379,0.33227143743037724,5.455167970186653
543,366,0.6740331491712708,91.80622950819672,1.4873285878686235,0.2391304347826087,0.0434782608695652,5,1,0.1994535519125683,20,5.46448087431694,O96017,O96017,,CHEK2,False,543,1208.0,0.2195123655384536,0.2021183754514822,0.0,0.0,1775.0,4.271303701352113,4.3102164,0.99943661971831,0.943661971830986,,14,0.25956284153005466,0.25414004921913147,8.421409650596166,0.08013814089004605,0.674876113072269
1130,523,0.4628318584070796,92.85931166347991,1.1634925172095247,0.2684824902723735,0.0778210116731517,6,1,0.2351816443594646,44,8.413001912045889,P00519,P00519,,ABL1,False,1130,1208.0,-0.0275809572370297,-0.0126854687121672,0.0115894039735099,0.0057947019867549,1775.0,4.489933115774647,4.5351696,1.0,0.9661971830985916,,16,0.1988527724665392,0.20792238414287567,10.556522907714616,0.09762422030974707,1.0305723180476234
165,152,0.9212121212121211,88.71684210526317,1.503301610018427,0.3157894736842105,0.0631578947368421,6,2,0.2039473684210526,13,8.552631578947368,P05161,P05161,,ISG15,False,165,1208.0,-0.0537549839950771,-0.0335641805850187,0.0223509933774834,0.0066225165562913,1775.0,5.318329059267605,5.376565,0.9752112676056338,0.8709859154929578,,8,0.35526315789473684,0.10999114066362381,6.4202641412513115,0.14145232354075105,0.9081612805253627
532,473,0.8890977443609023,92.9685623678647,2.838063027183481,0.2935153583617747,0.0409556313993174,16,2,0.1966173361522198,21,4.439746300211417,P05362,P05362,,ICAM1,False,532,1208.0,0.0518345639080884,0.0496684861323534,0.0008278145695364,0.0008278145695364,1775.0,3.381314143980845,3.4106193,0.7842253521126761,0.5515492957746478,,38,0.5644820295983086,0.5232579112052917,13.34404659331829,0.036398496782634855,0.48570323699422535
278,182,0.6546762589928058,89.90082417582417,1.2606386105028964,0.351063829787234,0.1063829787234042,10,1,0.2032967032967033,11,6.043956043956044,P0C0E4,P0C0E4,,RAB40AL,False,278,1165.0,0.036098007618778,0.0374548926944858,0.0,0.0,1775.0,0.1660126956709859,0.11839029,0.0045070422535211,0.0,,6,0.23076923076923078,0.16223272681236267,4.337482087594888,0.1412122134371372,0.6125054463332088
286,246,0.8601398601398601,95.8781300813008,1.2163079927024762,0.3130434782608696,0.0869565217391304,6,1,0.1910569105691057,12,4.878048780487805,P0C2W1,P0C2W1,,FBXO45,False,286,1208.0,0.0383670038943939,0.039492989107411,0.0008278145695364,0.0,1775.0,3.99921663487324,4.0131674,1.0,0.9228169014084509,,15,0.34959349593495936,0.3821750581264496,6.9845466333142845,0.21120055390364997,1.4751401177218504
685,653,0.9532846715328468,90.13384379785604,1.3379498267168528,0.1731266149870801,0.0439276485788113,3,0,0.1439509954058193,4,0.6125574272588056,P0CG48,P0CG48,,UBC,False,685,382.0,-0.3342807807230677,-0.3384464982345773,0.3010471204188482,0.0523560209424083,1775.0,9.660970168788731,9.701067,1.0,1.0,,36,0.3552833078101072,0.3304028809070587,18.591661553801117,0.18607865122233944,3.4595113059135354
452,379,0.838495575221239,91.70641160949867,1.6667595353906897,0.2613065326633166,0.1407035175879397,6,1,0.1899736147757255,17,4.485488126649076,P0CI25,P0CI25,,TRIM49,False,452,,,,,,1775.0,0.0552767406456338,0.0,0.0129577464788732,0.0039436619718309,,15,0.22955145118733508,0.41285157203674316,6.568904376540681,0.11706368415945914,0.7689801472090472
452,374,0.827433628318584,91.71542780748663,1.6738881480434429,0.2626262626262626,0.1313131313131313,6,1,0.1925133689839572,25,6.684491978609626,P0CI26,P0CI26,,TRIM49C,False,452,,,,,,1775.0,0.0348497215853521,0.0,0.0090140845070422,0.0011267605633802,,15,0.22192513368983957,0.4169304668903351,6.51553462162628,0.11944500492025599,0.7782480649382493
641,594,0.9266770670826832,92.4325925925926,1.1685188752452995,0.2101449275362318,0.0434782608695652,4,0,0.1750841750841751,40,6.7340067340067336,P0DMV8,P0DMV8,,HSPA1A,False,641,,,,,,1775.0,4.57390668898986,5.19086,0.8895774647887323,0.7453521126760564,,25,0.28619528619528617,0.2932201325893402,13.907601479534357,0.10941209827117024,1.5216598597950857
641,585,0.9126365054602184,92.80242735042737,1.167643458324194,0.2150943396226415,0.0452830188679245,4,0,0.176068376068376,39,6.666666666666667,P0DMV9,P0DMV9,,HSPA1B,False,641,,,,,,1775.0,5.525374681864788,5.6629233,0.991549295774648,0.9543661971830986,,25,0.28888888888888886,0.28372952342033386,14.174105988458102,0.10484722788421619,1.4861157206269
478,399,0.8347280334728033,91.11719298245616,1.343518236361331,0.2631578947368421,0.0894736842105263,3,0,0.1804511278195488,11,2.756892230576441,P0DUQ1,P0DUQ1,,PRAMEF15,False,478,,,,,,1775.0,0.0134624365391549,0.0,0.0016901408450704,0.0,,13,0.19047619047619047,0.36988577246665955,6.203898051832841,0.1668417291712914,1.035069078570197
478,397,0.8305439330543933,91.55861460957178,1.3409016258090922,0.2722513089005235,0.094240837696335,4,0,0.1788413098236775,11,2.770780856423174,P0DUQ2,P0DUQ2,,PRAMEF9,False,478,,,,,,1775.0,0.0076105632501408,0.0,0.0005633802816901,0.0,,13,0.19143576826196473,0.3681621253490448,6.225321619276971,0.1718313820336186,1.0697056174441264
449,322,0.7171492204899778,89.26826086956521,1.8895843646044472,0.1428571428571428,0.0514285714285714,4,0,0.1521739130434782,6,1.8633540372670807,P10909,P10909,,CLU,False,449,1208.0,0.0269854644593885,0.0288965771509669,0.0,0.0,1775.0,5.866159857338592,6.3091617,0.9261971830985916,0.8084507042253521,,3,0.07142857142857142,0.5,0.0,0.11127837233929809,0.0
513,469,0.9142300194931774,92.61744136460555,2.444481587468808,0.3676470588235294,0.0852941176470588,14,9,0.2174840085287846,17,3.624733475479744,P14373,P14373,,TRIM27,False,513,1208.0,0.0354641638930981,0.0354926095751079,0.0024834437086092,0.0,1775.0,5.309624453971831,5.330691,1.0,0.9977464788732394,,21,0.208955223880597,0.29815661907196045,11.567612873676453,0.1827128617785057,2.113551652095309
1043,829,0.7948226270373921,92.21668275030156,1.674271445104656,0.2792792792792792,0.0923423423423423,8,5,0.195416164053076,24,2.8950542822677927,P15918,P15918,,RAG1,False,1043,1208.0,-0.0565126505005283,-0.0525611752614045,0.0016556291390728,0.0,1775.0,0.69220432816,0.38995552,0.1797183098591549,0.0315492957746478,,15,0.11218335343787696,0.24936293065547943,9.109559346469208,0.05848545452050812,0.5327767188597945
475,449,0.9452631578947368,92.89953229398664,2.660615779064534,0.3444816053511705,0.0702341137123745,12,3,0.1959910913140311,17,3.78619153674833,P19474,P19474,,TRIM21,False,475,1208.0,0.0609920530962525,0.0640300041598117,0.0,0.0,1775.0,3.25763832291662,3.3719046,0.9690140845070424,0.6552112676056338,,19,0.19599109131403117,0.29188063740730286,10.598131418995655,0.22160209694117744,2.3485681461076133
790,518,0.6556962025316456,89.16679536679537,1.2901027526969933,0.250936329588015,0.0898876404494382,4,0,0.166023166023166,10,1.9305019305019304,P21580,P21580,,TNFAIP3,False,790,1208.0,0.0349765030930023,0.0597483518509728,0.0124172185430463,0.0008278145695364,1775.0,2.9360313797785915,2.7723482,0.8777464788732394,0.4326760563380282,,13,0.13513513513513514,0.7744410634040833,2.762309846568535,0.07665204064968685,0.2117366866462016
193,150,0.7772020725388601,97.05419999999998,1.2894461144136784,0.3529411764705882,0.0588235294117647,5,2,0.2533333333333333,27,18.0,P51965,P51965,,UBE2E1,False,193,1208.0,-0.0072365758995976,-0.0105600425755491,0.0033112582781456,0.0,1775.0,6.8412560326309855,6.8812976,0.9988732394366198,0.9971830985915492,,4,0.15333333333333332,0.5,0.0,0.27710837508047065,0.0
331,326,0.9848942598187312,97.19978527607364,1.0401058546105468,0.2575757575757575,0.0984848484848484,3,0,0.2177914110429447,27,8.282208588957054,P53611,P53611,,RABGGTB,False,331,1208.0,-1.5174553580043495,-1.5069615879072404,0.9892384105960264,0.9081125827814568,1775.0,6.892050525239436,6.9135356,1.0,1.0,,0,0.012269938650306749,0.5,0.0,0.2785255092970415,0.0
493,422,0.8559837728194726,93.57765402843604,1.4272067315695258,0.2477477477477477,0.0945945945945946,5,1,0.1919431279620853,26,6.161137440758294,O95376,O95376,,ARIH2,False,493,1208.0,0.0481012250538148,0.041974755094249,0.0132450331125827,0.0008278145695364,1775.0,5.702030466816902,5.7712965,1.0,0.9988732394366198,,11,0.08293838862559241,0.49989771842956543,4.047501737873774,0.06585632326664101,0.26655358287170655
507,231,0.4556213017751479,86.2600432900433,1.6821223141940287,0.3823529411764705,0.1588235294117647,8,3,0.1904761904761904,6,2.5974025974025974,Q13064,Q13064,,MKRN3,False,507,1208.0,-0.0292518231978887,-0.018813249908838,0.0024834437086092,0.0,1775.0,1.7398083709729577,1.4688022,0.5352112676056338,0.3030985915492957,,3,0.05627705627705628,0.5,0.0,0.25680528668407815,0.0
1052,697,0.6625475285171103,91.44028694404592,1.2759994156989387,0.28023598820059,0.0383480825958702,8,1,0.1979913916786226,18,2.582496413199426,Q05397,Q05397,,PTK2,False,1052,1208.0,-0.602097889448357,-0.5354469450734802,0.5248344370860927,0.173841059602649,1775.0,5.739664073852394,6.10976,0.9476056338028168,0.9267605633802816,,18,0.17073170731707318,0.43400564789772034,7.55613988145357,0.26677060770195576,2.015756028056353
673,239,0.3551263001485884,81.66535564853557,1.9903628970814056,0.2439024390243902,0.1219512195121951,4,0,0.1882845188284518,8,3.3472803347280333,Q05516,Q05516,,ZBTB16,False,673,1208.0,0.0830617395516184,0.0834321804971334,0.0033112582781456,0.0008278145695364,1775.0,0.3448690969295775,0.007049071,0.1070422535211267,0.0405633802816901,,5,0.17154811715481172,0.5,0.0,0.33537914345250947,0.0
406,229,0.5640394088669951,88.00615720524017,1.66995858643559,0.3411764705882353,0.0705882352941176,11,3,0.1703056768558952,7,3.056768558951965,Q06587,Q06587,,RING1,False,406,1208.0,-0.1748279073610415,-0.1633645509200934,0.0331125827814569,0.0033112582781456,1775.0,4.9981893018028165,5.0279856,1.0,0.9971830985915492,,7,0.16593886462882096,0.26732540130615234,4.101116880301226,0.31505130377872287,1.2920622200878298
578,519,0.8979238754325259,90.75556840077073,1.2042259785633311,0.3511450381679389,0.099236641221374,9,3,0.2273603082851637,65,12.524084778420038,Q0D2K2,Q0D2K2,,KLHL30,False,578,1208.0,-0.0265910919453454,-0.0288126600746675,0.0024834437086092,0.0,1775.0,0.2601139663256338,0.0667092,0.072112676056338,0.0033802816901408,,30,0.3063583815028902,0.6197147965431213,8.686479953527737,0.039375226127397925,0.3420321124212637
278,185,0.6654676258992805,90.8511891891892,1.1954439876287928,0.3736263736263736,0.0879120879120879,8,2,0.2162162162162162,9,4.864864864864865,Q12829,Q12829,,RAB40B,False,278,1208.0,-0.0588202633336538,-0.051707145505568,0.0049668874172185,0.0,1775.0,2.759662212416338,2.7427695,0.956056338028169,0.4005633802816901,,6,0.22702702702702704,0.1610596925020218,4.347670064386777,0.18819363976094416,0.818203853896646
499,373,0.7474949899799599,94.73833780160857,1.3535556855340982,0.3089887640449438,0.095505617977528,8,3,0.1823056300268096,32,8.579088471849866,Q12834,Q12834,,CDC20,False,499,1208.0,-2.1227526640628724,-2.086917848403691,1.0,1.0,1775.0,6.534451495076057,6.7249503,0.9988732394366198,0.9825352112676056,,28,0.42091152815013405,0.32916516065597534,14.4960208679149,0.07619016457520307,1.1044542156120143
539,449,0.8330241187384044,91.1863697104677,2.315336460663484,0.3234323432343234,0.0792079207920792,10,7,0.1781737193763919,10,2.2271714922049,Q12899,Q12899,,TRIM26,False,539,1208.0,-0.0073313351349076,-0.0078252143778096,0.0008278145695364,0.0,1775.0,4.551415916512676,4.557024,0.9988732394366198,0.9819718309859156,,18,0.20489977728285078,0.5089722871780396,6.504063812972967,0.1349070147284706,0.8774438326116567
501,471,0.940119760479042,93.01371549893844,2.1794905397708813,0.3660714285714285,0.0625,18,6,0.1740976645435244,9,1.910828025477707,Q12933,Q12933,,TRAF2,False,501,1208.0,-0.3134196210630797,-0.2543772964785661,0.244205298013245,0.0471854304635761,1775.0,4.019349655543662,4.063175,0.99943661971831,0.9154929577464788,,17,0.19745222929936307,0.42689692974090576,7.238539681293911,0.26717582128178863,1.9339627842305174
1120,645,0.5758928571428571,82.96722480620156,2.439390649380869,0.3069977426636568,0.0767494356659142,12,4,0.1565891472868217,15,2.3255813953488373,Q12986,Q12986,,NFX1,False,1120,1208.0,-0.0079351975578894,-0.0054725096395402,0.0016556291390728,0.0,1775.0,4.207272427774648,4.22438,1.0,0.9707042253521126,,16,0.14573643410852713,0.34285968542099,8.059643714601748,0.0768972618773943,0.6197645333602256
620,479,0.7725806451612903,90.23720250521922,1.3379098867910149,0.3100436681222707,0.131004366812227,7,1,0.2693110647181628,28,5.845511482254697,Q13042,Q13042,,CDC16,False,620,1208.0,-2.4288181032137803,-2.448315980284388,1.0,0.995860927152318,1775.0,5.372299921126761,5.378848,1.0,0.99943661971831,,0,0.0,0.5,0.0,0.12825765252871546,0.0
653,509,0.77947932618683,87.64671905697445,2.5010061251121423,0.3503184713375796,0.0796178343949044,16,8,0.1846758349705304,19,3.732809430255403,Q13049,Q13049,,TRIM32,False,653,1208.0,0.0106257677564162,0.0122592693384811,0.0,0.0,1775.0,3.47392967710986,3.5714705,0.9825352112676056,0.8016901408450704,,29,0.33595284872298625,0.773173451423645,6.177717873509216,0.23424031798943168,1.4470705991397945
416,285,0.6850961538461539,94.25621052631578,2.512596728971708,0.3842364532019704,0.083743842364532,23,5,0.1473684210526315,13,4.56140350877193,Q13077,Q13077,,TRAF1,False,416,1208.0,0.0148621065704977,0.0153830518079763,0.0,0.0,1775.0,1.4467114330529578,1.0567846,0.523943661971831,0.1053521126760563,,7,0.2,0.2053890973329544,4.64193801363936,0.197371917835864,0.9161882082272016
2025,1066,0.5264197530864198,85.10232645403379,1.3845919907647346,0.2872503840245776,0.0675883256528417,9,5,0.1932457786116322,26,2.4390243902439024,P53804,P53804,,TTC3,False,2025,1208.0,0.0520055276609992,0.0577419229216115,0.0,0.0,1775.0,5.547531205070423,5.560599,1.0,0.991549295774648,,8,0.04127579737335835,0.5318657755851746,2.761323214844219,0.13018331062336305,0.3594781978095684
568,520,0.9154929577464788,92.1633846153846,1.8289030473244312,0.3262032085561497,0.0748663101604278,22,6,0.1846153846153846,11,2.1153846153846154,Q13114,Q13114,,TRAF3,False,568,1208.0,-0.01184067157233,-0.0046545792523823,0.0223509933774834,0.0008278145695364,1775.0,3.5246665767994365,3.5489175,0.9971830985915492,0.7718309859154929,,13,0.1596153846153846,0.19620998203754425,8.780465227117226,0.4022084503491842,3.531577312343717
982,420,0.4276985743380855,90.95799999999998,1.306850011093414,0.2758620689655172,0.1034482758620689,6,2,0.2428571428571428,50,11.904761904761903,Q13191,Q13191,,CBLB,False,982,1208.0,-0.0089923015417439,-0.0144105898244313,0.0,0.0,1775.0,3.3105150601470426,3.2875595,0.992676056338028,0.611830985915493,,9,0.1,0.1779128611087799,6.30535236919581,0.12797440825657777,0.8069237382970444
396,365,0.9217171717171716,95.7609315068493,1.0505433445850676,0.2515723270440251,0.0691823899371069,4,0,0.1589041095890411,27,7.397260273972603,Q13216,Q13216,,ERCC8,False,396,1208.0,-0.0217584879763867,-0.0230852588177838,0.0024834437086092,0.0,1775.0,3.856497970366197,3.901398,0.99943661971831,0.9143661971830986,,25,0.4328767123287671,0.3259854018688202,13.025448503943698,0.24545038032866145,3.197101289244375
1512,659,0.4358465608465608,87.19203338391503,1.2086460584508312,0.3033333333333333,0.07,5,2,0.2276176024279211,43,6.525037936267071,Q13233,Q13233,,MAP3K1,False,1512,1208.0,-0.102836075774196,-0.1023375156093156,0.0074503311258278,0.0008278145695364,1775.0,2.9677472615774647,2.9177258,0.9870422535211268,0.4732394366197183,,11,0.1062215477996965,0.3809758722782135,5.134300069470049,0.2847028040562048,1.46174962664409
835,427,0.511377245508982,88.5772131147541,2.6183142905312606,0.3498452012383901,0.0897832817337461,25,4,0.1779859484777517,12,2.810304449648712,Q13263,Q13263,,TRIM28,False,835,1208.0,-0.249602388863156,-0.2266460876433929,0.1796357615894039,0.0165562913907284,1775.0,8.534556627830986,8.574484,1.0,1.0,,9,0.09601873536299765,0.5309141278266907,3.1124068128089117,0.1806500573030794,0.5622564690844246
424,321,0.7570754716981132,95.68763239875388,1.2828720818592465,0.2709677419354839,0.1290322580645161,3,0,0.1308411214953271,10,3.115264797507788,Q13309,Q13309,,SKP2,False,424,1208.0,-0.7489721062128921,-0.6635788485421797,0.6887417218543046,0.2210264900662251,1775.0,4.857207448394366,4.7967896,1.0,0.9622535211267604,,10,0.1308411214953271,0.4179004728794098,4.335271106383797,0.12206374173093318,0.5291794126632088
520,422,0.8115384615384615,88.09556872037915,2.252413821218441,0.3195488721804511,0.1203007518796992,7,4,0.1919431279620853,16,3.791469194312796,Q13356,Q13356,,PPIL2,False,520,1208.0,-1.1466197336013997,-1.1439136454737713,0.9776490066225164,0.7384105960264901,1775.0,4.437100926478872,4.4537153,1.0,0.9769014084507044,,15,0.18009478672985782,0.3186323940753937,7.931049821510739,0.34683070496328894,2.7507316006935367
147,140,0.9523809523809524,96.29464285714286,1.244041374067624,0.3333333333333333,0.0357142857142857,5,2,0.1928571428571428,9,6.428571428571428,Q13404,Q13404,,UBE2V1,False,147,1208.0,-0.5119499960879942,-0.5086612087022906,0.5149006622516556,0.0198675496688741,1775.0,7.110968078760564,7.091097,1.0,1.0,,4,0.16428571428571428,0.5,0.0,0.2677654482379711,0.0
485,227,0.468041237113402,86.60383259911895,1.727024544538731,0.3619631901840491,0.1717791411042944,5,2,0.2070484581497797,8,3.524229074889868,Q13434,Q13434,,MKRN4P,False,485,,,,,,,,,,,,3,0.05726872246696035,0.5,0.0,0.44419187590972253,0.0
144,115,0.7986111111111112,92.05721739130432,3.184862986285019,0.4615384615384615,0.0576923076923076,16,3,0.1739130434782608,15,13.043478260869565,Q13503,Q13503,,MED21,False,144,1208.0,-0.687880308725949,-0.6789548275863677,0.8336092715231788,0.0753311258278145,1775.0,5.062559718535211,5.0677633,1.0,0.992112676056338,,0,0.0,0.5,0.0,0.21077645465106795,0.0
163,147,0.901840490797546,96.74598639455782,1.2547724444997093,0.2325581395348837,0.0581395348837209,3,0,0.1904761904761904,8,5.442176870748299,Q13526,Q13526,,PIN1,False,163,1208.0,-0.0387693191111644,-0.0380813258869097,0.0041390728476821,0.0,1775.0,5.867790646197182,5.903048,1.0,0.9988732394366198,,6,0.23809523809523808,0.33703145384788513,3.057802624779673,0.12797713897130777,0.3913288314582579
875,712,0.8137142857142857,90.5143117977528,1.2535464595396637,0.2714285714285714,0.0885714285714285,13,5,0.2036516853932584,24,3.3707865168539324,Q05086,Q05086,,UBE3A,False,875,1208.0,-0.0916646723170678,-0.0796178812042087,0.0231788079470198,0.0041390728476821,1775.0,5.1332683027042245,5.200689,1.0,0.9938028169014084,,11,0.06882022471910113,0.2785821259021759,6.301142845504017,0.09431571470002524,0.594296790900662
297,208,0.7003367003367004,89.626875,3.0635545652160787,0.2804878048780488,0.0304878048780487,6,1,0.173076923076923,14,6.730769230769231,Q04323,Q04323,,UBXN1,False,297,1208.0,-0.0418905908300598,-0.0406693058551037,0.0008278145695364,0.0,1775.0,6.635377007098592,6.642498,1.0,0.99943661971831,,4,0.12980769230769232,0.5,0.0,0.20777422428903408,0.0
205,114,0.5560975609756098,89.59499999999998,2.487451998392629,0.4482758620689655,0.0689655172413793,21,1,0.2105263157894736,9,7.894736842105263,Q01151,Q01151,,CD83,False,205,1208.0,-0.0499882224094615,-0.0490006736445466,0.0016556291390728,0.0,1775.0,2.6753819641943664,2.6172044,0.8946478873239436,0.384225352112676,,7,0.35964912280701755,0.2629387676715851,4.137255369306789,0.2137435214841178,0.8843115319147075
904,644,0.7123893805309734,85.89723602484472,1.4122571758814109,0.365482233502538,0.1294416243654822,10,8,0.2204968944099379,17,2.639751552795031,Q008S8,Q008S8,,ECT2L,False,904,1208.0,-0.2140860707686045,-0.2095445169381667,0.0240066225165562,0.0,1775.0,0.0860425525149295,0.05646006,0.0039436619718309,0.0,,14,0.15527950310559005,0.12003040313720703,11.012120428556553,0.22224667200419207,2.447407116956071
806,690,0.8560794044665012,87.87713043478261,1.2359599175806484,0.2773109243697479,0.0700280112044818,8,3,0.2115942028985507,35,5.072463768115942,P55072,P55072,,VCP,False,806,1208.0,-2.625575388698835,-2.6712190771053117,1.0,0.9966887417218544,1775.0,7.458539928338029,7.4839125,1.0,1.0,,22,0.1826086956521739,0.34029296040534973,11.139045321169554,0.07702811905474367,0.858019709155234
322,286,0.8881987577639752,94.79853146853148,1.078514322388868,0.2867132867132867,0.0979020979020979,6,1,0.1923076923076923,37,12.937062937062937,P55735,P55735,,SEC13,False,322,1208.0,-1.6216032497424533,-1.6086263573159618,0.9966887417218544,0.9793046357615894,1775.0,6.649432681971831,6.6277924,1.0,1.0,,24,0.5594405594405595,0.35072338581085205,11.900817065493186,0.26009602279561417,3.0953551867529496
925,794,0.8583783783783784,92.99061712846348,1.1507274745667342,0.3524590163934426,0.0355191256830601,13,5,0.2027707808564231,47,5.919395465994962,P57737,P57737,,CORO7,False,925,1208.0,-0.1164926202311012,-0.1144069439350286,0.0041390728476821,0.0,1775.0,3.779976955391549,3.7289653,0.9983098591549296,0.7645070422535212,,55,0.4181360201511335,0.294365257024765,30.52672932644165,0.1943977068243776,5.9343261779087335
412,383,0.9296116504854368,93.50848563968668,1.1404235648508254,0.3446327683615819,0.1016949152542373,12,3,0.1827676240208877,22,5.7441253263707575,P57775,P57775,,FBXW4,False,412,1208.0,-0.0773918082082649,-0.0733071510926478,0.0091059602649006,0.0,1775.0,4.060479162125634,4.112859,0.9960563380281692,0.9312676056338028,,28,0.4151436031331593,0.3127976059913635,14.978402020386648,0.15882008113538967,2.378871024156292
1061,847,0.7983034872761545,89.26010625737898,1.3075668035532606,0.2507122507122507,0.0911680911680911,5,1,0.1723730814639905,13,1.5348288075560803,P59046,P59046,,NLRP12,False,1061,1208.0,0.0962104990595691,0.1002789204610803,0.0008278145695364,0.0,1775.0,0.0936479150738028,0.006206091,0.0298591549295774,0.0039436619718309,,22,0.12396694214876033,0.40197086334228516,9.846349000980549,0.07490030752230573,0.7374945681453908
121,56,0.4628099173553719,84.78571428571429,3.759230355814711,0.4464285714285714,0.1071428571428571,7,2,0.0178571428571428,0,0.0,P60006,P60006,,ANAPC15,False,121,1208.0,-0.5516373792189718,-0.5405745734693487,0.5538079470198676,0.0869205298013245,1775.0,5.732484343661972,5.765548,1.0,0.9983098591549296,,0,0.0,0.5,0.0,0.2811764893089462,0.0
165,164,0.993939393939394,94.6194512195122,1.2477452883047475,0.3369565217391304,0.0543478260869565,7,2,0.2134146341463414,25,15.24390243902439,P60604,P60604,,UBE2G2,False,165,1208.0,-0.3269788693792702,-0.2722347802672192,0.1995033112582781,0.0289735099337748,1775.0,5.91920080371831,5.9754148,1.0,0.9988732394366198,,4,0.1402439024390244,0.5,0.0,0.25587703512718296,0.0
191,178,0.9319371727748692,96.09314606741574,1.154003856873276,0.3333333333333333,0.0967741935483871,5,1,0.2078651685393258,12,6.741573033707865,P60953,P60953,,CDC42,False,191,1208.0,-1.2265918096947537,-1.2248224644288577,0.9354304635761588,0.6945364238410596,1775.0,7.635012710197183,7.6579256,1.0,1.0,,6,0.25842696629213485,0.2138632833957672,3.9119379963239433,0.19822399281297626,0.7754399692681261
147,147,1.0,96.37918367346936,1.269862222445038,0.3,0.0875,6,1,0.2653061224489796,21,14.285714285714285,P61077,P61077,,UBE2D3,False,147,1208.0,-0.8255726545178428,-0.7694709185170386,0.7508278145695364,0.298841059602649,1775.0,7.912481144957747,7.9590282,1.0,1.0,,4,0.1836734693877551,0.5,0.0,0.26357304185253694,0.0
183,158,0.8633879781420765,97.39670886075947,1.2864892735075135,0.25,0.0714285714285714,3,0,0.2088607594936709,20,12.658227848101266,P61081,P61081,,UBE2M,False,183,1208.0,-1.622583260026056,-1.6207604042780124,0.968543046357616,0.8725165562913907,1775.0,6.3237745173295785,6.355115,0.9988732394366198,0.9988732394366198,,6,0.16455696202531644,0.32031866908073425,3.16173880517567,0.25974221281855003,0.821237033610607
200,200,1.0,96.68615,1.2901117960405006,0.3271028037383177,0.02803738317757,5,1,0.21,19,9.5,P61086,P61086,,UBE2K,False,200,1208.0,-0.164378882001353,-0.161383114911138,0.0819536423841059,0.0041390728476821,1775.0,6.091490397521127,6.1481814,1.0,0.99943661971831,,4,0.115,0.5,0.0,0.24205822227916246,0.0
152,150,0.986842105263158,96.154,1.2678381271801082,0.3793103448275862,0.057471264367816,5,2,0.2866666666666667,43,28.666666666666668,P61088,P61088,,UBE2N,False,152,1208.0,-1.1852883059427075,-1.1821151477523166,0.9039735099337748,0.652317880794702,1775.0,7.1554561655774656,7.204532,1.0,1.0,,4,0.15333333333333332,0.5,0.0,0.26587684366768843,0.0
342,322,0.9415204678362572,95.55009316770186,1.0233089843294776,0.2867132867132867,0.0979020979020979,6,2,0.201863354037267,11,3.4161490683229814,P61962,P61962,,DCAF7,False,342,74.0,-0.7802052249166377,-0.6708906106263912,0.6621621621621622,0.3243243243243243,1775.0,5.465763167267607,5.486547,1.0,0.9943661971830986,,28,0.5372670807453416,0.3124423623085022,14.989047767167317,0.36753442862514135,5.50899110674079
170,168,0.9882352941176472,94.44928571428572,1.2399284889829985,0.2857142857142857,0.0510204081632653,6,1,0.2142857142857142,29,17.261904761904763,P62253,P62253,,UBE2G1,False,170,1208.0,-0.0408636913918868,-0.0300084680634478,0.0149006622516556,0.0,1775.0,5.178557078309859,5.211838,1.0,0.992112676056338,,4,0.13690476190476192,0.5,0.0,0.2757934054559523,0.0
183,158,0.8633879781420765,96.24765822784808,1.2738702292290596,0.2888888888888888,0.0555555555555555,4,0,0.1835443037974683,13,8.227848101265822,P62256,P62256,,UBE2H,False,183,1208.0,-0.4797401792748668,-0.4441420348906559,0.4147350993377483,0.0695364238410596,1775.0,5.499338504,5.509791,1.0,0.9938028169014084,,4,0.1518987341772152,0.5,0.0,0.31294871921950523,0.0
121,111,0.9173553719008264,96.07891891891894,1.290082242293186,0.2615384615384615,0.0923076923076923,3,0,0.1531531531531531,5,4.504504504504505,P62699,P62699,,YPEL5,False,121,1208.0,-0.8394733212646331,-0.7623603856457508,0.7475165562913907,0.3153973509933774,1775.0,5.55191686828169,5.6026497,1.0,0.9943661971830986,,9,0.5585585585585585,0.36569660902023315,4.33114247952456,0.26728983829091624,1.1576703729670377
147,147,1.0,96.47306122448978,1.2678200317517316,0.282051282051282,0.1025641025641025,6,1,0.272108843537415,22,14.965986394557824,P62837,P62837,,UBE2D2,False,147,1208.0,0.007004299020451,0.0092297903425546,0.0033112582781456,0.0,1775.0,6.372475158197183,6.3683634,1.0,1.0,,4,0.1836734693877551,0.5,0.0,0.2684783479978268,0.0
108,78,0.7222222222222222,87.24410256410258,2.1934682057148307,0.4561403508771929,0.1403508771929824,9,1,0.1666666666666666,12,15.384615384615383,P62877,P62877,,RBX1,False,108,1208.0,-1.0323828163416366,-1.0153153306671283,0.968543046357616,0.5322847682119205,1775.0,6.30292380484507,6.3278437,1.0,0.99943661971831,,3,0.14102564102564102,0.5,0.0,0.19051920155534932,0.0
152,150,0.986842105263158,96.22633333333334,1.2641722959922004,0.2584269662921348,0.0674157303370786,5,1,0.2133333333333333,23,15.333333333333332,P63146,P63146,,UBE2B,False,152,1208.0,0.0491751638890724,0.055697826027526,0.0,0.0,1775.0,6.585754704563381,6.603469,1.0,1.0,,4,0.18,0.5,0.0,0.2643389578639824,0.0
163,148,0.9079754601226994,92.7945945945946,1.5964232940382612,0.284313725490196,0.0588235294117647,5,1,0.1959459459459459,13,8.783783783783784,P63208,P63208,,SKP1,False,163,1208.0,-1.2813074867452217,-1.281363056764934,0.9942052980132452,0.8584437086092715,1775.0,8.856969663380282,8.902315,1.0,1.0,,3,0.0945945945945946,0.5,0.0,0.10405016705324134,0.0
154,154,1.0,95.54246753246754,1.2695931476619748,0.25,0.0454545454545454,4,0,0.1883116883116883,12,7.792207792207792,P68036,P68036,,UBE2L3,False,154,1208.0,-1.213920603286567,-1.2211124040734862,0.9503311258278144,0.6846026490066225,1775.0,5.859790497971832,5.87476,1.0,0.99943661971831,,4,0.16883116883116883,0.5,0.0,0.2941158961469491,0.0
509,412,0.8094302554027505,89.92235436893205,1.3694201922574938,0.2929292929292929,0.0959595959595959,13,2,0.2087378640776699,25,6.067961165048544,P78395,P78395,,PRAME,False,509,1208.0,0.021246238711608,0.0207944282804838,0.0008278145695364,0.0,1775.0,2.868195159169578,1.5487276,0.5363380281690141,0.4315492957746479,,13,0.18932038834951456,0.35505935549736023,6.39061588559287,0.2131953375425802,1.362449510833947
292,271,0.928082191780822,93.76118081180812,1.1796269999797178,0.2857142857142857,0.0451127819548872,8,1,0.1881918819188192,12,4.428044280442804,Q00535,Q00535,,CDK5,False,292,1208.0,-0.0842525168724869,-0.0764417336187259,0.0066225165562913,0.0,1775.0,4.476402718478873,4.488875,1.0,0.96,,6,0.1881918819188192,0.29087916016578674,3.353488505357955,0.11211544625496926,0.375977860289117
474,380,0.8016877637130801,89.59263157894738,1.3776715467477028,0.2737430167597765,0.1340782122905028,7,2,0.2052631578947368,9,2.368421052631579,O95521,O95521,,PRAMEF1,False,474,1047.0,0.0073305758643396,0.0118704664666792,0.0038204393505253,0.0,1775.0,0.0367956466850704,0.0,0.0073239436619718,0.0022535211267605,,15,0.1631578947368421,0.37777936458587646,7.04622119158421,0.19992374694072085,1.4087069423946261
564,438,0.776595744680851,89.41109589041095,2.312139001086795,0.372168284789644,0.0841423948220064,22,7,0.1872146118721461,11,2.5114155251141552,O95361,O95361,,TRIM16,False,564,1208.0,-0.0294098769608579,-0.0308358811661369,0.0033112582781456,0.0,1775.0,4.744196090845071,4.693325,0.99943661971831,0.8935211267605634,,18,0.23059360730593606,0.48924627900123596,6.765791133658919,0.05982703638669518,0.4047772323381918
811,372,0.4586929716399506,90.87653225806451,1.5256703227278532,0.3375527426160337,0.1054852320675105,9,4,0.2069892473118279,18,4.838709677419355,Q8N5U6,Q8N5U6,,RNF10,False,811,1208.0,0.0253333773101488,0.0307029801980985,0.0024834437086092,0.0,1775.0,6.682171587323943,6.726164,1.0,1.0,,12,0.21236559139784947,0.34159988164901733,6.059982343662702,0.20323020541508252,1.231571456514344
581,167,0.2874354561101549,87.01065868263473,1.471443278816797,0.4432989690721649,0.134020618556701,8,2,0.1676646706586826,6,3.592814371257485,O14512,O14512,,SOCS7,False,581,1208.0,-0.0383620047729773,-0.0376267429007235,0.0049668874172185,0.0,1775.0,3.1805516337239434,3.1746268,0.9943661971830986,0.5932394366197183,,4,0.17964071856287425,0.5,0.0,0.06128284220883568,0.0
287,267,0.9303135888501742,93.8670786516854,1.5603922108583783,0.2933333333333333,0.0466666666666666,11,2,0.1872659176029962,29,10.861423220973784,F8VTS6,F8VTS6,,RFPL4AL1,False,287,,,,,,1775.0,0.1653070041233802,0.0,0.0371830985915492,0.012394366197183,,15,0.3146067415730337,0.6789889335632324,3.8577045637134124,0.13079496375844055,0.5045683286016664
478,399,0.8347280334728033,91.23751879699248,1.3420570963544127,0.2578947368421053,0.0789473684210526,4,0,0.1854636591478696,13,3.258145363408521,H0Y7S4,H0Y7S4,,PRAMEF26,False,478,,,,,,1775.0,0.0059240516664788,0.0,0.0016901408450704,0.0,,13,0.19298245614035087,0.3680572509765625,6.226627509623258,0.169077500328156,1.0527826148016315
450,360,0.8,89.48841666666667,2.558429845538456,0.3765182186234818,0.1052631578947368,16,6,0.1944444444444444,13,3.611111111111111,I1YAP6,I1YAP6,,TRIM77,False,450,1208.0,0.0023761489316615,0.0014653575744573,0.0016556291390728,0.0,1775.0,0.0026592550360563,0.0,0.0,0.0,,15,0.23055555555555557,0.3780158758163452,7.042888958868449,0.1699748621233761,1.1971140797339124
329,130,0.3951367781155015,87.01723076923076,2.307047949750661,0.5934065934065934,0.0659340659340659,25,4,0.2538461538461538,24,18.461538461538463,M0QZC1,M0QZC1,,RNF225,False,329,74.0,0.2546485750808389,0.2506995706083973,0.0,0.0,1775.0,0.1028262223898591,0.029006138,0.012394366197183,0.0,,6,0.15384615384615385,0.1659516543149948,4.305340206244423,0.07824261156222433,0.3368610614004091
685,487,0.710948905109489,84.62328542094454,1.5228489054998702,0.4295774647887324,0.1443661971830986,20,6,0.2422997946611909,29,5.95482546201232,O00237,O00237,,RNF103,False,685,1208.0,-0.2089617873106868,-0.2057574353369402,0.0173841059602649,0.0,1775.0,4.071387610084507,4.0578575,1.0,0.928450704225352,,13,0.14168377823408623,0.5214287638664246,4.581799522171329,0.2372310735154603,1.0869452192773272
870,635,0.7298850574712644,89.67829921259843,1.1888206328999205,0.2492581602373887,0.0949554896142433,6,3,0.2299212598425196,70,11.023622047244094,O00308,O00308,,WWP2,False,870,1208.0,-0.1007748923448834,-0.0940937213001051,0.0049668874172185,0.0,1775.0,4.12340398912676,4.130461,1.0,0.9554929577464788,,29,0.28818897637795277,0.2749195396900177,16.73423716819521,0.13418782188713752,2.2455308365428954
557,499,0.895870736086176,91.397875751503,1.9709166601431365,0.3267605633802817,0.0845070422535211,12,8,0.1763527054108216,14,2.80561122244489,O00463,O00463,,TRAF5,False,557,1208.0,0.080504121704091,0.081807854582253,0.0008278145695364,0.0008278145695364,1775.0,3.1021178751363383,3.2176402,0.927887323943662,0.5605633802816902,,17,0.1743486973947896,0.3586044907569885,8.297915697988937,0.21533563162932468,1.7868369180333363
359,290,0.807799442896936,86.78455172413793,1.5579533004384924,0.5119617224880383,0.1531100478468899,29,6,0.2620689655172414,33,11.379310344827587,O00623,O00623,,PEX12,False,359,1208.0,-0.0067410660184251,-0.0007967931778063,0.0074503311258278,0.0,1775.0,2.6085436457802818,2.6226282,0.9938028169014084,0.2501408450704225,,5,0.06896551724137931,0.5,0.0,0.1596261848366838,0.0
465,422,0.90752688172043,90.12914691943128,2.4555341009363487,0.2857142857142857,0.0940766550522648,9,6,0.1800947867298578,11,2.6066350710900474,O00635,O00635,,TRIM38,False,465,1208.0,-0.0211090868745613,-0.0188319621888684,0.0016556291390728,0.0,1775.0,2.24785369044,2.3963788,0.8715492957746479,0.2123943661971831,,19,0.20853080568720378,0.34524595737457275,9.525258544437024,0.0863489461244061,0.8224960368746316
179,148,0.8268156424581006,96.5727027027027,1.2752486620934496,0.3,0.0777777777777777,5,2,0.2567567567567567,22,14.864864864864863,O00762,O00762,,UBE2C,False,179,1208.0,-0.6701514881919802,-0.6523160469986342,0.7044701986754967,0.1316225165562914,1775.0,7.390149115684507,7.6546144,0.9932394366197184,0.9802816901408452,,4,0.18243243243243243,0.5,0.0,0.27335243501327555,0.0
198,148,0.7474747474747475,94.27466216216216,1.2888426184626631,0.3409090909090909,0.1022727272727272,6,2,0.1959459459459459,9,6.081081081081082,O14508,O14508,,SOCS2,False,198,1208.0,0.0007108695546291,0.0064480872375311,0.0008278145695364,0.0,1775.0,3.1568509979549293,3.131387,0.8687323943661972,0.5335211267605634,,4,0.19594594594594594,0.5,0.0,0.22786371252393575,0.0
225,146,0.6488888888888888,83.8913698630137,1.301178247052743,0.3095238095238095,0.0952380952380952,5,2,0.1986301369863013,7,4.794520547945205,O14543,O14543,,SOCS3,False,225,1208.0,-0.1902616374478147,-0.1341386583959408,0.1200331125827814,0.0182119205298013,1775.0,2.8663056394247883,2.9883049,0.8304225352112676,0.4957746478873239,,6,0.2671232876712329,0.3270530104637146,3.119439843305771,0.2947469283139371,0.9194453118744853
211,159,0.7535545023696683,93.5445283018868,1.27174442527193,0.3505154639175257,0.1030927835051546,6,2,0.1823899371069182,6,3.7735849056603774,O15524,O15524,,SOCS1,False,211,1208.0,-0.0200260297312392,-0.0205451448929225,0.0016556291390728,0.0,1775.0,1.3936898723391549,1.0169098,0.5036619718309859,0.104225352112676,,4,0.16352201257861634,0.5,0.0,0.2713300339582478,0.0
535,141,0.2635514018691589,89.05014184397163,1.5209884874024693,0.3292682926829268,0.1097560975609756,6,2,0.1560283687943262,4,2.8368794326241136,O14544,O14544,,SOCS6,False,535,1208.0,0.0158428872012658,0.0173057740518962,0.0016556291390728,0.0,1775.0,3.3720749101138026,3.4844346,0.96,0.6957746478873239,,4,0.2127659574468085,0.5,0.0,0.13758701556957892,0.0
419,401,0.9570405727923628,94.26508728179552,1.3102101834230455,0.2760180995475113,0.085972850678733,7,2,0.2294264339152119,21,5.236907730673317,O14929,O14929,,HAT1,False,419,1208.0,-0.0664116273299286,-0.0572708778208561,0.0149006622516556,0.0,1775.0,6.154516663154929,6.242521,1.0,0.9966197183098592,,10,0.2169576059850374,0.2959337532520294,5.532930409539656,0.15252228819812413,0.8438952065039724
153,152,0.9934640522875816,95.36953947368424,1.2648531726959342,0.3409090909090909,0.0568181818181818,5,3,0.2302631578947368,18,11.842105263157894,O14933,O14933,,UBE2L6,False,153,1208.0,0.0051654470735046,0.0066839083406829,0.0,0.0,1775.0,5.3892021270281685,5.69971,0.9701408450704224,0.9064788732394368,,4,0.14473684210526316,0.5,0.0,0.3068122126497426,0.0
403,254,0.630272952853598,95.1342125984252,1.1758682012790114,0.2644628099173554,0.1322314049586777,5,1,0.1929133858267716,18,7.086614173228346,O14965,O14965,,AURKA,False,403,1208.0,-1.209496480979796,-1.184886132887006,0.9942052980132452,0.7640728476821192,1775.0,6.117413007661972,6.242753,0.99943661971831,0.9853521126760564,,7,0.1968503937007874,0.33473822474479675,3.583835872517863,0.20051663303117795,0.7186187024936358
2357,383,0.1624946966482817,90.07483028720628,1.563675180404367,0.3380281690140845,0.0845070422535211,16,1,0.2454308093994778,30,7.83289817232376,O15027,O15027,,SEC16A,False,2357,1208.0,-0.6225469399574065,-0.5964738607916155,0.6730132450331126,0.0728476821192053,1775.0,5.01839818315493,5.00191,1.0,0.9988732394366198,,5,0.06266318537859007,0.5,0.0,0.1426060737793967,0.0
823,717,0.8712029161603888,89.36140864714088,1.2206114052396084,0.3108108108108108,0.1162162162162162,17,4,0.2217573221757322,34,4.741980474198047,O15033,O15033,,AREL1,False,823,1208.0,-0.0990122891792206,-0.101062415761482,0.009933774834437,0.0,1775.0,4.216653529126761,4.267146,1.0,0.9549295774647888,,30,0.2900976290097629,0.2685193717479706,17.534294310656847,0.14122747716525708,2.476324149367187
426,260,0.6103286384976526,92.61323076923078,1.2154895584734815,0.2748091603053435,0.099236641221374,6,1,0.2038461538461538,10,3.8461538461538463,O15105,O15105,,SMAD7,False,426,1208.0,-0.1045506047752482,-0.0621313182018717,0.0480132450331125,0.0107615894039735,1775.0,3.2791134683414085,3.3611085,0.9509859154929576,0.5966197183098592,,12,0.26153846153846155,0.3451671004295349,6.016901639044008,0.16322135360511297,0.9820868300335858
490,169,0.3448979591836735,92.0112426035503,1.8815555572509768,0.3009708737864077,0.116504854368932,6,1,0.2011834319526627,10,5.9171597633136095,O15151,O15151,,MDM4,False,490,1208.0,-0.1572999467841288,-0.0625768836206329,0.1175496688741721,0.0355960264900662,1775.0,3.422578577459155,3.3934011,0.9949295774647888,0.6563380281690141,,7,0.1893491124260355,0.1466168463230133,5.220934748249889,0.41583341386988015,2.171039119956635
1050,488,0.4647619047619047,89.09643442622951,2.351938359447038,0.3675213675213675,0.1054131054131054,10,9,0.1823770491803278,12,2.459016393442623,O15164,O15164,,TRIM24,False,1050,1208.0,0.0835884307378442,0.0852161364972653,0.0016556291390728,0.0,1775.0,3.5597064087943666,3.507097,0.9988732394366198,0.7312676056338028,,10,0.08196721311475409,0.3127243220806122,5.350213404654354,0.1931851000831049,1.0335815120441207
862,332,0.3851508120649652,89.99930722891567,1.7975400768858376,0.3227091633466135,0.047808764940239,12,7,0.1566265060240964,12,3.614457831325301,O15169,O15169,,AXIN1,False,862,1208.0,0.0276839365579166,0.0439955695743157,0.0231788079470198,0.0008278145695364,1775.0,3.64167562195493,3.668641,0.9983098591549296,0.8445070422535211,,5,0.10542168674698796,0.5,0.0,0.09468755527100786,0.0
667,587,0.8800599700149925,91.29078364565588,2.274353840219602,0.330749354005168,0.0852713178294573,8,6,0.1873935264054514,21,3.577512776831346,O15344,O15344,,MID1,False,667,1208.0,0.1598014758109547,0.1525319569244111,0.0,0.0,1775.0,2.932186779525634,3.128135,0.8230985915492958,0.5307042253521127,,29,0.2657580919931857,0.3588338792324066,14.14877533416841,0.16487839561019307,2.332827376946761
249,131,0.5261044176706827,91.0190076335878,2.227136445656943,0.5714285714285714,0.0989010989010989,20,3,0.2213740458015267,16,12.213740458015266,E7ERA6,E7ERA6,,RNF223,False,249,1208.0,-0.1146577758410931,-0.1125505669575284,0.0091059602649006,0.0,1775.0,0.6421195420845071,0.04784267,0.2433802816901408,0.0557746478873239,,7,0.183206106870229,0.14855223894119263,5.200764693265848,0.11765421376463356,0.611891880961059
458,430,0.9388646288209608,92.87453488372094,1.1056683821883069,0.3857142857142857,0.0904761904761904,7,2,0.2697674418604651,51,11.86046511627907,C9JR72,C9JR72,,KBTBD13,False,458,1208.0,0.0365612743451859,0.037582183843661,0.0,0.0,1775.0,0.0168619543746478,0.0,0.0022535211267605,0.0,,27,0.40232558139534885,0.5109008550643921,9.718537613579064,0.16504194550312365,1.6039663551903733
291,269,0.9243986254295532,94.6372118959108,1.517460847321496,0.3904109589041096,0.0821917808219178,7,5,0.2156133828996282,21,7.806691449814126,C9JJ37,C9JJ37,,BTBD19,False,291,77.0,0.0307711986966439,0.0083476178093931,0.0,0.0,1775.0,1.5570177807070422,1.1553477,0.5363380281690141,0.1864788732394366,,3,0.048327137546468404,0.5,0.0,0.08642959056232079,0.0
452,387,0.8561946902654868,91.39868217054264,1.6444383792133954,0.2669902912621359,0.1310679611650485,5,1,0.1937984496124031,13,3.359173126614987,C9J1S8,C9J1S8,,TRIM49D1,False,452,1090.0,-0.1104521633484324,-0.1003394933938645,0.0155963302752293,0.0,1775.0,0.0413339377380281,0.0,0.0101408450704225,0.0022535211267605,,15,0.19121447028423771,0.41621220111846924,6.524901118658,0.1352998689947922,0.8828182665584005
452,401,0.8871681415929203,90.76870324189528,2.7210076781117145,0.3481481481481481,0.1259259259259259,18,3,0.2119700748129676,18,4.488778054862843,A0A3B3IT33,A0A3B3IT33,,TRIM51G,False,452,,,,,,1775.0,0.0265496509904225,0.0,0.0050704225352112,0.0011267605633802,,14,0.22194513715710723,0.4888460338115692,5.266496085399684,0.15778796549172433,0.8309897025853465
345,128,0.3710144927536232,82.95015624999999,2.073771617768804,0.5894736842105263,0.1052631578947368,18,3,0.2109375,6,4.6875,A0A7I2V3R4,A0A7I2V3R4,,RNF228,False,345,,,,,,1775.0,0.4069871900907042,0.06688276,0.1335211267605633,0.0219718309859154,,4,0.09375,0.5,0.0,0.3097382817319373,0.0
362,341,0.9419889502762432,90.3082991202346,1.6381940009868272,0.4413145539906103,0.0798122065727699,33,4,0.2463343108504398,25,7.331378299120235,A0AVI4,A0AVI4,,TMEM129,False,362,1208.0,-0.0240259605956556,-0.0230694802024134,0.0033112582781456,0.0,1775.0,4.40465323543662,4.444243,1.0,0.9712676056338028,,8,0.15835777126099707,0.5391801595687866,2.721222485514067,0.10050959016787839,0.27350895677463427
161,148,0.9192546583850932,94.09729729729727,1.212031759676399,0.275,0.1,4,0,0.2635135135135135,24,16.216216216216218,A1L167,A1L167,,UBE2QL1,False,161,1208.0,-0.0065976533963277,-0.0062814598118937,0.0024834437086092,0.0,1775.0,0.4046187753098591,0.013880983,0.1188732394366197,0.0490140845070422,,4,0.18243243243243243,0.5,0.0,0.33925818473363417,0.0
481,409,0.8503118503118503,89.89929095354523,1.3751621852927325,0.2617801047120419,0.0680628272251308,6,1,0.1858190709046454,25,6.112469437652812,A3QJZ6,A3QJZ6,,PRAMEF22,False,481,,,,,,,,,,,,14,0.15158924205378974,0.4055970013141632,6.220581101009825,0.17975774096271668,1.118197606192895
478,392,0.8200836820083682,90.43576530612243,1.340747511153323,0.2737430167597765,0.0949720670391061,4,0,0.1887755102040816,12,3.061224489795918,A3QJZ7,A3QJZ7,,PRAMEF27,False,478,,,,,,1775.0,0.0099052899459154,0.0,0.0016901408450704,0.0005633802816901,,14,0.1989795918367347,0.3593464195728302,6.823445096794815,0.1708473263996536,1.1657673516222198
446,407,0.9125560538116592,91.15186732186731,1.608008239874514,0.2669902912621359,0.1213592233009708,7,1,0.1941031941031941,27,6.6339066339066335,A6NCK2,A6NCK2,,TRIM43B,False,446,,,,,,1775.0,0.0493429379166197,0.0,0.0095774647887323,0.0028169014084507,,15,0.20393120393120392,0.42284342646598816,6.438936251731319,0.12543123224449682,0.8076437083984209
452,389,0.8606194690265486,90.88017994858612,1.6399320978321144,0.2731707317073171,0.1317073170731707,8,1,0.1825192802056555,16,4.113110539845758,A6NDI0,A6NDI0,,TRIM49B,False,452,1047.0,-0.0068249261722956,-0.0034319345648705,0.0009551098376313,0.0,1775.0,0.0424270179667605,0.0,0.0107042253521126,0.0022535211267605,,14,0.2133676092544987,0.36627620458602905,6.729527414367012,0.09771332188199879,0.6575644783537788
478,399,0.8347280334728033,91.94997493734336,1.3432311073585337,0.3110047846889952,0.0765550239234449,10,2,0.2230576441102756,42,10.526315789473683,A6NE02,A6NE02,,BTBD17,False,478,1208.0,-0.1796225126461544,-0.1817001790696944,0.0720198675496688,0.0,1775.0,0.1674235715070422,0.0,0.0416901408450704,0.0247887323943661,,10,0.23057644110275688,0.4622029960155487,3.967670318688543,0.04701050646483109,0.1865221911670262
449,387,0.8619153674832962,90.65550387596902,2.6905581101050706,0.3745173745173745,0.0888030888030888,14,6,0.2041343669250646,30,7.751937984496124,A6NGJ6,A6NGJ6,,TRIM64,False,449,,,,,,1775.0,0.0035727966197183,0.0,0.0,0.0,,15,0.23255813953488372,0.37507346272468567,7.0844573275686695,0.18674026160628002,1.3229534146887008
478,400,0.8368200836820083,91.17835,1.3458346366882323,0.2526315789473684,0.0894736842105263,3,0,0.1925,14,3.5000000000000004,A6NGN4,A6NGN4,,PRAMEF25,False,478,,,,,,1775.0,0.0085087218614084,0.0,0.0005633802816901,0.0,,14,0.1925,0.3690769374370575,6.691937574749224,0.17314370875819615,1.1586668904704092
449,376,0.8374164810690423,90.725,2.766012660226261,0.375,0.0967741935483871,14,6,0.2074468085106383,22,5.851063829787234,A6NI03,A6NI03,,TRIM64B,False,449,,,,,,1775.0,0.0146243416659154,0.0,0.0028169014084507,0.0,,15,0.21808510638297873,0.3775554597377777,7.049377264362608,0.17982240813023667,1.2676359954962242
190,96,0.5052631578947369,85.97322916666667,1.6442073987199006,0.373134328358209,0.0746268656716417,6,1,0.1979166666666666,9,9.375,A6NIN4,A6NIN4,,RNF227,False,190,70.0,0.1712283359376366,0.1550787199621822,0.0,0.0,1775.0,1.778231850293521,1.7061282,0.8856338028169014,0.0456338028169014,,4,0.125,0.5,0.0,0.14242745718963976,0.0
468,417,0.8910256410256411,89.87244604316548,2.4573681527418456,0.3460207612456747,0.0795847750865051,15,9,0.1798561151079136,12,2.877697841726619,A6NK02,A6NK02,,TRIM75,False,468,,,,,,1775.0,0.0132134892067605,0.0,0.0005633802816901,0.0,,16,0.20623501199040767,0.5884910821914673,4.931319295619045,0.1556662284321361,0.7676398759436347
587,511,0.8705281090289608,92.02802348336596,1.644984488403354,0.310204081632653,0.1265306122448979,9,2,0.223091976516634,20,3.9138943248532287,A6NK59,A6NK59,,ASB14,False,587,1208.0,0.0362247891503146,0.0357339088129432,0.0,0.0,1775.0,0.3306865437701408,0.27846655,0.020281690140845,0.0,,0,0.0,0.5,0.0,0.17024443205825276,0.0
450,375,0.8333333333333334,89.34184,2.775560647664924,0.390625,0.11328125,16,5,0.1866666666666666,18,4.8,A6NLI5,A6NLI5,,TRIM64C,False,450,77.0,0.0811109886710063,0.0921535913116423,0.0,0.0,1775.0,9.052275492957744e-05,0.0,0.0,0.0,,15,0.216,0.37835192680358887,7.038157009647433,0.15427915644198584,1.0858409263546556
287,268,0.9337979094076656,94.077723880597,1.548396017409198,0.3076923076923077,0.0512820512820512,11,2,0.1791044776119403,18,6.7164179104477615,A6NLU0,A6NLU0,,RFPL4A,False,287,,,,,,1775.0,0.2662991256878873,0.05204439,0.0653521126760563,0.0174647887323943,,15,0.30970149253731344,0.6683914661407471,3.9403410040688147,0.14289494003096936,0.5630547914779829
402,172,0.4278606965174129,87.00488372093024,2.2141417305022806,0.53125,0.1328125,20,3,0.2616279069767442,35,20.348837209302324,A6NNE9,A6NNE9,,MARCHF11,False,402,1090.0,0.0489172509005661,0.0454475449156997,0.0009174311926605,0.0,1775.0,0.2693727232597183,0.0,0.0619718309859154,0.036056338028169,,2,0.0872093023255814,0.5,0.0,0.17639386696250003,0.0
1104,732,0.6630434782608695,88.39893442622949,1.352493442893733,0.3268608414239482,0.0776699029126213,7,5,0.2117486338797814,28,3.825136612021858,A6QL63,A6QL63,,ABTB3,False,1104,1208.0,-0.034790157687779,-0.031634030864175,0.0008278145695364,0.0,1775.0,1.073273814755493,0.49266642,0.4028169014084507,0.0935211267605633,,3,0.03278688524590164,0.5,0.0,0.043795559911786755,0.0
1837,942,0.5127925966249319,88.88160297239915,1.5643069488376402,0.3024830699774266,0.0767494356659142,14,5,0.2208067940552017,50,5.3078556263269645,A7E2V4,A7E2V4,,ZSWIM8,False,1837,1208.0,-0.1992646289644972,-0.1922726629299277,0.0447019867549668,0.0,1775.0,4.885113284788732,4.908068,1.0,0.9780281690140844,,5,0.032908704883227176,0.5,0.0,0.1446759437874981,0.0
555,343,0.618018018018018,88.66253644314868,1.3036987280677748,0.3181818181818182,0.0519480519480519,7,1,0.1982507288629737,23,6.705539358600583,A8MQ27,A8MQ27,,NEURL1B,False,555,1208.0,-0.0093300323951721,-0.0069852687169644,0.0024834437086092,0.0,1775.0,1.962433861112676,1.8276199,0.7104225352112676,0.232112676056338,,25,0.41690962099125367,0.24553784728050232,15.299193740449093,0.2264799612713031,3.4649608058190733
300,130,0.4333333333333333,93.35092307692308,3.754097659706495,0.3947368421052631,0.131578947368421,14,3,0.1153846153846153,9,6.923076923076923,A8MTL3,A8MTL3,,RNF212B,False,300,1208.0,-0.2305736074788319,-0.2234431500230807,0.0480132450331125,0.0024834437086092,1775.0,0.0363672991228169,0.0,0.0011267605633802,0.0,,3,0.08461538461538462,0.5,0.0,0.09274588736808868,0.0
712,132,0.1853932584269663,93.11439393939392,1.5283561191251531,0.3225806451612903,0.075268817204301,8,2,0.1893939393939394,5,3.787878787878788,B2RXH4,B2RXH4,,BTBD18,False,712,1208.0,-0.0259059083597018,-0.0235990268500921,0.0016556291390728,0.0,1775.0,0.0552015644591549,0.038523275,0.0,0.0,,6,0.21212121212121213,0.3460797369480133,3.002964583820342,0.1404906568994789,0.42188846702679006
319,187,0.5862068965517241,86.5318181818182,1.5051353633522448,0.2568807339449541,0.073394495412844,8,1,0.1978609625668449,18,9.62566844919786,O15479,O15479,,MAGEB2,False,319,1208.0,0.1485348488320882,0.1458788693311925,0.0,0.0,1775.0,0.6951444801830986,0.023111964,0.1459154929577464,0.0991549295774647,,5,0.13903743315508021,0.5,0.0,0.32396408101605817,0.0
343,189,0.5510204081632653,83.98783068783068,3.11811325593164,0.3441558441558441,0.1428571428571428,15,1,0.1375661375661375,12,6.349206349206349,O15541,O15541,,RNF113A,False,343,1208.0,-1.0114571366629408,-0.980832761015088,0.9652317880794702,0.4801324503311258,1775.0,4.005069037802817,4.009634,1.0,0.9380281690140844,,3,0.05291005291005291,0.5,0.0,0.05723911303889388,0.0
331,317,0.9577039274924471,97.44160883280756,1.161620767971017,0.3154362416107382,0.1073825503355704,4,0,0.22397476340694,31,9.779179810725552,O95278,O95278,,EPM2A,False,331,1208.0,-0.0566237197023102,-0.057220805208701,0.0049668874172185,0.0,1775.0,2.1477233685070423,2.0749507,0.9385915492957746,0.1504225352112676,,12,0.21451104100946372,0.2914296090602875,6.699597377410252,0.12435672019047081,0.8331399564514188
574,358,0.6236933797909407,88.19346368715084,1.167289358015131,0.3559322033898305,0.0847457627118644,5,1,0.2206703910614525,17,4.748603351955307,O76050,O76050,,NEURL1,False,574,1208.0,-0.0080984937242582,-0.0134081991504535,0.0033112582781456,0.0,1775.0,0.8768440656518309,0.2375784,0.272112676056338,0.0969014084507042,,27,0.4329608938547486,0.23680052161216736,16.81440270124702,0.27609143321238755,4.64231254039753
536,216,0.4029850746268656,90.93342592592592,1.8043164056193328,0.3560606060606061,0.1212121212121212,7,2,0.1851851851851851,8,3.7037037037037033,O75159,O75159,,SOCS5,False,536,1208.0,-0.2312863246327612,-0.2213631124376008,0.0670529801324503,0.0,1775.0,3.5220685381380283,3.416325,0.9983098591549296,0.7340845070422535,,7,0.22685185185185186,0.33288252353668213,3.5971616429865287,0.12005608252301506,0.43186113505901513
191,170,0.8900523560209425,93.72188235294118,1.3706592453706057,0.2941176470588235,0.1176470588235294,12,2,0.2176470588235294,12,7.0588235294117645,O75340,O75340,,PDCD6,False,191,1208.0,-0.3683169977545162,-0.3493375874013401,0.2334437086092715,0.0091059602649006,1775.0,6.984636346478874,6.9410357,1.0,1.0,,0,0.023529411764705882,0.5,0.0,0.1524218747174567,0.0
114,113,0.9912280701754386,95.32530973451324,1.3496941378535177,0.2933333333333333,0.0533333333333333,4,0,0.2300884955752212,17,15.04424778761062,O75368,O75368,,SH3BGRL,False,114,1208.0,0.0459281117480333,0.0399958057492163,0.0,0.0,1775.0,5.550980834851831,6.017913,0.9369014084507042,0.8873239436619719,,4,0.168141592920354,0.5,0.0,0.21831295094192135,0.0
744,642,0.8629032258064516,89.9867601246106,1.767116761298139,0.3451776649746192,0.0685279187817258,18,7,0.1682242990654205,21,3.2710280373831773,O75382,O75382,,TRIM3,False,744,1208.0,0.0947603606214259,0.0978261189320787,0.0008278145695364,0.0,1775.0,3.0796460234929577,3.043264,0.9814084507042252,0.5138028169014085,,40,0.3426791277258567,0.5135544538497925,14.321623763561497,0.1047318207760616,1.4999297332275074
580,426,0.7344827586206897,87.60014084507043,1.1960371363597295,0.3712871287128713,0.1287128712871287,10,2,0.2300469483568075,18,4.225352112676056,O75426,O75426,,FBXO24,False,580,1208.0,0.0093858664545203,0.0121407062033645,0.0041390728476821,0.0,1775.0,0.4788034646715493,0.4182137,0.0715492957746478,0.0,,25,0.37089201877934275,0.2869769036769867,14.082346863890077,0.18887188345288264,2.6597593756197138
802,486,0.6059850374064838,87.0008024691358,1.3550969563705382,0.2602040816326531,0.0612244897959183,5,1,0.1810699588477366,22,4.526748971193416,O75582,O75582,,RPS6KA5,False,802,1208.0,0.0369339749047381,0.0337265019599975,0.0,0.0,1775.0,2.1360046440653524,2.098332,0.8777464788732394,0.1847887323943662,,13,0.17695473251028807,0.1863553524017334,8.955238359709224,0.2598503948540439,2.327022223782522
246,162,0.6585365853658537,91.73253086419751,1.9888205423018424,0.4921875,0.125,33,3,0.1790123456790123,16,9.876543209876544,O75586,O75586,,MED6,False,246,1208.0,-1.4607092007284888,-1.4601779525440253,0.9875827814569536,0.9478476821192052,1775.0,5.325665931098592,5.344232,1.0,0.9960563380281692,,6,0.2654320987654321,0.3516344726085663,2.9697878640294526,0.0885224680346361,0.26289295126319745
317,265,0.8359621451104101,92.7840754716981,1.583220622488713,0.28,0.08,6,2,0.1660377358490566,9,3.39622641509434,O75677,O75677,,RFPL1,False,317,1208.0,-0.0227252396502427,-0.0178843011736378,0.0016556291390728,0.0,1775.0,0.0776768203797183,0.0,0.0084507042253521,0.0,,15,0.2981132075471698,0.7080919146537781,3.6395730171765925,0.0674363178051383,0.24543940266132677
378,257,0.6798941798941799,90.73832684824905,1.5390310397105689,0.2816901408450704,0.0492957746478873,5,2,0.1828793774319066,9,3.501945525291829,O75678,O75678,,RFPL2,False,378,1208.0,-0.0033494603062485,0.0045242650505398,0.0057947019867549,0.0,1775.0,0.1887612051284507,0.041028455,0.0416901408450704,0.0022535211267605,,15,0.3151750972762646,0.6494079828262329,4.092820067241421,0.16226120613547834,0.6641059206060825
317,266,0.8391167192429022,92.5386090225564,1.518471580302639,0.2937062937062937,0.0559440559440559,6,2,0.1616541353383458,7,2.631578947368421,O75679,O75679,,RFPL3,False,317,1208.0,-0.1158446623443604,-0.1171587440408871,0.0033112582781456,0.0,1775.0,0.0940027301842253,0.038993765,0.0028169014084507,0.0,,15,0.31203007518796994,0.6640799641609192,3.9744654965190245,0.17468445335416244,0.6942773326344056
485,359,0.7402061855670103,90.24637883008356,2.8700346729464097,0.3155893536121673,0.0722433460076045,10,5,0.1615598885793872,13,3.62116991643454,O76064,O76064,,RNF8,False,485,1208.0,-0.4996491927930123,-0.4776308177317093,0.4652317880794702,0.0405629139072847,1775.0,4.377995217183099,4.419087,1.0,0.9780281690140844,,12,0.16991643454038996,0.5534821152687073,3.9667313548055994,0.04890199171648952,0.19398106385424266
781,491,0.6286811779769527,92.60979633401224,2.069114324569688,0.3243243243243243,0.084084084084084,11,5,0.1914460285132382,24,4.887983706720977,O15553,O15553,,MEFV,False,781,1208.0,0.0159526060560891,0.0150963434654706,0.0,0.0,1775.0,0.1184065287684507,0.037879787,0.0191549295774647,0.0022535211267605,,17,0.164969450101833,0.7736353874206543,3.6180766381625284,0.08274458231402346,0.2993762402048846
1766,1448,0.8199320498301246,87.11078038674033,1.3396492577595729,0.2523364485981308,0.0669781931464174,5,1,0.2009668508287292,27,1.8646408839779007,O94822,O94822,,LTN1,False,1766,1208.0,-0.1759898239799323,-0.1659780007489721,0.0231788079470198,0.0,1775.0,3.5749390490366197,3.6086674,0.9971830985915492,0.8259154929577465,,5,0.022790055248618785,0.5,0.0,0.2534922520955284,0.0
574,561,0.9773519163763066,94.39522281639928,1.237967537168091,0.2913669064748201,0.0827338129496402,7,2,0.2085561497326203,55,9.803921568627452,O94889,O94889,,KLHL18,False,574,1208.0,0.0421220384805594,0.0456650115302666,0.0016556291390728,0.0,1775.0,3.659492559887324,3.6924272,0.99943661971831,0.8276056338028169,,27,0.25133689839572193,0.7136484384536743,6.478830327767058,0.1279957700637123,0.8292628769146781
339,292,0.8613569321533924,92.06506849315068,3.557456793072691,0.4222222222222222,0.0844444444444444,27,5,0.1575342465753424,10,3.4246575342465757,O94905,O94905,,ERLIN2,False,339,1208.0,-0.0269704460766488,-0.0162402309538289,0.0049668874172185,0.0,1775.0,4.807181930929577,4.860143,1.0,0.9774647887323944,,7,0.19863013698630136,0.22953970730304718,4.423055445142795,0.31240700393119863,1.3817934998386348
541,327,0.6044362292051756,89.65886850152904,1.6372043048283664,0.3405405405405405,0.0972972972972973,7,3,0.1926605504587156,13,3.9755351681957194,O94941,O94941,,UBOX5,False,541,1208.0,-0.0163873461174881,-0.0084999524291118,0.0066225165562913,0.0,1775.0,2.026225460754929,2.021533,0.9814084507042252,0.0332394366197183,,14,0.2874617737003058,0.38458073139190674,6.487620787601534,0.18467006837406008,1.1980693744313489
628,543,0.8646496815286624,90.67465930018416,1.3106725150303562,0.3111888111888112,0.0909090909090909,8,4,0.2228360957642725,19,3.4990791896869244,O94952,O94952,,FBXO21,False,628,1208.0,-0.1195061792886632,-0.1170054387917857,0.0033112582781456,0.0,1775.0,4.263513680090141,4.3147182,0.9983098591549296,0.9447887323943662,,11,0.09944751381215469,0.2605312168598175,6.532781691824656,0.07252963507505193,0.4738202721330227
964,451,0.4678423236514523,92.54554323725056,2.3158187614097665,0.3520710059171598,0.0917159763313609,19,5,0.1840354767184035,19,4.212860310421286,O94972,O94972,,TRIM37,False,964,1208.0,-0.379708595747114,-0.3436649838290723,0.2748344370860927,0.0281456953642384,1775.0,4.035993079098592,4.0290904,1.0,0.9273239436619718,,13,0.1951219512195122,0.31165915727615356,6.970110253285474,0.188249674082537,1.31212098350034
1302,950,0.7296466973886329,91.48330526315787,1.3258190210668626,0.2657952069716776,0.0435729847494553,5,1,0.2052631578947368,31,3.263157894736842,O95155,O95155,,UBE4B,False,1302,1208.0,-0.2681877044192819,-0.2640266274828536,0.1581125827814569,0.0066225165562913,1775.0,4.2972225229295775,4.3312535,1.0,0.963943661971831,,2,0.01263157894736842,0.5,0.0,0.06852217196713745,0.0
117,115,0.9829059829059827,95.52373913043478,1.2630895976442298,0.3088235294117647,0.1323529411764706,3,0,0.208695652173913,7,6.086956521739131,O95166,O95166,,GABARAP,False,117,1208.0,-0.1591098854480344,-0.147464477049315,0.0256622516556291,0.0,1775.0,8.069421161633803,8.104143,1.0,1.0,,4,0.19130434782608696,0.5,0.0,0.24267613823153517,0.0
752,447,0.5944148936170213,87.66288590604026,2.1238671628629686,0.3287671232876712,0.1004566210045662,8,2,0.203579418344519,31,6.935123042505594,O95170,O95170,,FBXW10B,False,752,1047.0,-0.07945342357758,-0.0767406805039454,0.0047755491881566,0.0,1775.0,1.1138942486405634,0.75115603,0.3926760563380281,0.064225352112676,,28,0.39149888143176736,0.35792607069015503,13.685711998467475,0.1359627312131589,1.8607467819083372
593,558,0.9409780775716696,95.19125448028674,1.3496797872313249,0.2943262411347517,0.0744680851063829,13,1,0.2222222222222222,53,9.49820788530466,O95198,O95198,,KLHL2,False,593,1208.0,-0.0656181740233736,-0.0616813270003087,0.0033112582781456,0.0,1775.0,3.806167769753239,3.821945,0.9949295774647888,0.864225352112676,,27,0.26523297491039427,0.7465311884880066,6.066455450933206,0.1990522261899034,1.2075414625901288
1236,1144,0.9255663430420712,90.1676486013986,1.1349591625355546,0.3081285444234404,0.0642722117202268,8,4,0.1888111888111888,25,2.185314685314685,O75155,O75155,,CAND2,False,1236,1208.0,-0.0673071097849832,-0.0600012197664634,0.0049668874172185,0.0008278145695364,1775.0,0.9542428409459156,0.5072324,0.3740845070422535,0.0552112676056338,,2,0.01048951048951049,0.5,0.0,0.3111328976344917,0.0
1001,705,0.7042957042957043,85.78486524822694,3.873300167805976,0.3528550512445095,0.0541727672035139,24,18,0.0808510638297872,8,1.1347517730496457,O75150,O75150,,RNF40,False,1001,1208.0,-0.4902097004089057,-0.4863717894517011,0.4660596026490066,0.0049668874172185,1775.0,5.454889396901407,5.470534,1.0,0.9988732394366198,,2,0.011347517730496455,0.5,0.0,0.025671530343263093,0.0
1896,1590,0.8386075949367089,83.10967295597484,1.409553015589003,0.3238396624472573,0.070675105485232,13,10,0.2182389937106918,19,1.1949685534591197,O75147,O75147,,OBSL1,False,1896,1208.0,-0.1734621131477125,-0.1661090623032029,0.0306291390728476,0.0008278145695364,1775.0,3.943776825202817,4.435255,0.8580281690140845,0.7690140845070422,,141,0.5955974842767295,0.33294257521629333,72.44841127433011,0.20912234507674793,15.150581662772616
896,463,0.5167410714285714,93.2751835853132,1.4369179788262414,0.306338028169014,0.0633802816901408,10,4,0.2181425485961123,21,4.535637149028078,O75113,O75113,,N4BP1,False,896,1208.0,0.0541982404509604,0.0543929677576244,0.0008278145695364,0.0,1775.0,4.098684064167887,4.1360354,0.99943661971831,0.9340845070422537,,14,0.16630669546436286,0.20918592810630798,9.213644409936192,0.30609143784803733,2.8202176652579003
708,105,0.1483050847457627,85.68171428571428,2.4421798438650537,0.4320987654320987,0.0864197530864197,17,1,0.1714285714285714,4,3.8095238095238098,O43164,O43164,,PJA2,False,708,1208.0,0.0546328790426804,0.0557962255736783,0.0016556291390728,0.0,1775.0,5.275524226681689,5.3211308,0.9988732394366198,0.9904225352112676,,3,0.1523809523809524,0.5,0.0,0.3305009687482633,0.0
324,255,0.7870370370370371,94.06933333333332,1.4814104052846524,0.3245033112582781,0.0927152317880794,6,1,0.192156862745098,17,6.666666666666667,O43255,O43255,,SIAH2,False,324,1208.0,0.0540308724121468,0.0589361508206333,0.0016556291390728,0.0008278145695364,1775.0,4.569267905171832,4.5522356,0.9971830985915492,0.9830985915492958,,11,0.35294117647058826,0.5829167366027832,3.4282907028081833,0.1653583398699286,0.5668964592078719
540,375,0.6944444444444444,92.27768000000002,1.259169709941019,0.3282051282051282,0.082051282051282,8,2,0.1946666666666666,21,5.6000000000000005,O43353,O43353,,RIPK2,False,540,1208.0,0.0720907948414458,0.0720758293706489,0.0016556291390728,0.0008278145695364,1775.0,4.032013876837183,4.075661,0.9847887323943662,0.8839436619718309,,7,0.11733333333333333,0.3597809374332428,3.408758927566004,0.028138761069202833,0.09591825300529187
233,178,0.7639484978540773,88.81994382022471,2.3198448098306064,0.4658385093167702,0.0869565217391304,19,6,0.1685393258426966,13,7.303370786516854,O43513,O43513,,MED7,False,233,1208.0,-0.7071801723910804,-0.6812810112031187,0.8004966887417219,0.125,1775.0,3.9255293089577465,3.9113753,1.0,0.9543661971830986,,2,0.0449438202247191,0.5,0.0,0.20152606823459243,0.0
381,255,0.6692913385826772,88.64494117647058,2.7740359636192564,0.4047619047619047,0.0952380952380952,22,4,0.2156862745098039,15,5.88235294117647,O43567,O43567,,RNF13,False,381,1208.0,0.0155929728773152,0.0168652205751994,0.0008278145695364,0.0,1775.0,5.276426236619717,5.243943,1.0,0.9988732394366198,,11,0.1843137254901961,0.5036622285842896,4.017142446360458,0.07262131003055607,0.29173014703404926
1085,524,0.4829493087557603,89.79948473282442,1.2378055174470337,0.2915254237288135,0.1220338983050847,10,1,0.2213740458015267,25,4.770992366412214,O43683,O43683,,BUB1,False,1085,1208.0,-0.6352900048453508,-0.6383920947900926,0.7491721854304636,0.048841059602649,1775.0,5.228193667312676,5.3841014,0.9960563380281692,0.9594366197183098,,13,0.13931297709923665,0.3658934533596039,6.253632223747826,0.18593199085525952,1.162750289438037
328,322,0.9817073170731708,96.84503105590062,1.023992869526108,0.2692307692307692,0.0923076923076923,3,0,0.1956521739130435,29,9.006211180124224,O43684,O43684,,BUB3,False,328,1208.0,-2.610940348570717,-2.669487380395874,0.9975165562913908,0.9875827814569536,1775.0,7.335279212732394,7.407727,1.0,1.0,,30,0.5496894409937888,0.36074376106262207,14.580862183995793,0.3301493051872478,4.813861519077227
574,153,0.2665505226480836,88.69967320261438,1.6120590487840731,0.369047619047619,0.0595238095238095,8,3,0.1830065359477124,8,5.228758169934641,O43734,O43734,,TRAF3IP2,False,574,1208.0,0.0717327898263918,0.0701396532919144,0.0,0.0,1775.0,3.906237123701972,4.065159,0.9616901408450704,0.8095774647887324,,4,0.1437908496732026,0.5,0.0,0.09431665292764187,0.0
374,332,0.8877005347593583,94.7525,1.6428834471660192,0.3058252427184466,0.0679611650485436,9,3,0.2048192771084337,24,7.228915662650602,O43791,O43791,,SPOP,False,374,1208.0,-0.0772736570920955,-0.0644213779300808,0.0115894039735099,0.0008278145695364,1775.0,5.201681669859155,5.251011,1.0,0.9971830985915492,,11,0.30120481927710846,0.47622114419937134,4.2437740709355225,0.33915282601975905,1.4392879691471598
465,370,0.7956989247311828,88.28548648648648,1.3331390770111056,0.26,0.055,4,0,0.1945945945945946,13,3.5135135135135136,O60260,O60260,,PRKN,False,465,1208.0,0.0421620202639812,0.0425147004736611,0.0,0.0,1775.0,0.4597268718901409,0.28585434,0.136338028169014,0.0050704225352112,,20,0.24324324324324326,0.4000438153743744,8.985791816176858,0.16878362089414622,1.5166544793353165
552,295,0.5344202898550725,89.85816949152543,1.2473881400692737,0.3625730994152046,0.0994152046783625,10,1,0.2745762711864407,32,10.847457627118644,O60291,O60291,,MGRN1,False,552,1208.0,-0.0197715412431087,-0.0001829893310425,0.0149006622516556,0.0008278145695364,1775.0,4.065769432242254,4.132569,0.9983098591549296,0.916056338028169,,16,0.4,0.2769354283809662,9.195533393711532,0.09069552615680312,0.8339937394351209
910,706,0.7758241758241758,87.96039660056657,1.3483848655700352,0.5932539682539683,0.1607142857142857,45,16,0.358356940509915,202,28.611898016997166,O60337,O60337,,MARCHF6,False,910,1090.0,-0.2138375803372463,-0.1927455677624775,0.0788990825688073,0.0018348623853211,1775.0,6.525610992619718,6.463477,1.0,1.0,,2,0.021246458923512748,0.5,0.0,0.3829403463702123,0.0
1076,669,0.6217472118959108,86.8437817638266,1.602028550840388,0.2921348314606741,0.0730337078651685,9,4,0.2077727952167414,23,3.43796711509716,O60524,O60524,,NEMF,False,1076,1208.0,-0.2476721525901306,-0.2347978426929788,0.0985099337748344,0.0,1775.0,5.135866336394367,5.2123632,1.0,0.9943661971830986,,23,0.23019431988041852,0.5485354065895081,7.678493758660684,0.101950270943041,0.782824519129906
606,583,0.962046204620462,95.261269296741,1.30221470793954,0.3121019108280254,0.0414012738853503,13,4,0.2212692967409948,44,7.547169811320755,O60662,O60662,,KLHL41,False,606,1208.0,0.0012535469685371,0.0041033702340611,0.0033112582781456,0.0008278145695364,1775.0,0.4428480593194366,0.18989539,0.072112676056338,0.0287323943661971,,27,0.307032590051458,0.7221201658248901,6.369981302615378,0.08160813764519985,0.5198423109411853
326,271,0.8312883435582822,88.7081180811808,1.715600561119588,0.4973821989528796,0.1361256544502617,35,4,0.2767527675276753,55,20.29520295202952,O60683,O60683,,PEX10,False,326,1208.0,-0.1614778612224714,-0.1445934539481711,0.0471854304635761,0.0016556291390728,1775.0,3.709479910535211,3.734417,0.99943661971831,0.8692957746478873,,4,0.06642066420664207,0.5,0.0,0.24844109641441633,0.0
474,339,0.7151898734177216,88.3947197640118,1.487539762562953,0.2848101265822785,0.1265822784810126,4,0,0.2064896755162241,26,7.669616519174041,O60809,O60809,,PRAMEF10,False,474,,,,,,1775.0,0.00696922884,0.0,0.0033802816901408,0.0,,15,0.1976401179941003,0.3958214223384857,6.796497163359477,0.19449694431768544,1.3218979303372351
478,397,0.8305439330543933,91.54272040302268,1.3425572257237932,0.2684210526315789,0.0947368421052631,4,0,0.1838790931989924,11,2.770780856423174,O60810,O60810,,PRAMEF4,False,478,1090.0,0.1722025686292828,0.1696808737868707,0.0,0.0,1775.0,0.015337453032676,0.0,0.0028169014084507,0.0011267605633802,,13,0.19143576826196473,0.3712913990020752,6.186481816576174,0.16214397745014583,1.0031007681626645
474,390,0.8227848101265823,88.5573846153846,1.3986334798620652,0.2795698924731182,0.1344086021505376,9,1,0.1641025641025641,12,3.076923076923077,O60811,O60811,,PRAMEF2,False,474,1090.0,0.027613775720682,0.0301612025447157,0.0,0.0,1775.0,0.0234571161301408,0.0,0.0045070422535211,0.0,,15,0.1641025641025641,0.37265077233314514,7.118867518879393,0.21720813013351703,1.5462759024440227
478,393,0.8221757322175732,91.32508905852416,1.3533209590060706,0.2606382978723404,0.0797872340425532,4,0,0.178117048346056,11,2.7989821882951653,O60813,O60813,,PRAMEF11,False,478,1047.0,0.0191202797601321,0.0228501777470623,0.0009551098376313,0.0,1775.0,0.0087872532591549,0.0,0.0011267605633802,0.0,,13,0.19338422391857507,0.36669808626174927,6.243576560545129,0.16697738865421807,1.0425361099425101
627,486,0.7751196172248804,87.62154320987655,2.266874589640937,0.411214953271028,0.0630841121495327,17,15,0.1604938271604938,23,4.732510288065844,O60826,O60826,,CCDC22,False,627,1208.0,-0.237773101515012,-0.2030419318070235,0.1092715231788079,0.009933774834437,1775.0,3.089465432664789,3.0905588,0.9966197183098592,0.5571830985915492,,0,0.0,0.5,0.0,0.15329028015232118,0.0
407,294,0.7223587223587223,89.42496598639455,3.416176989050197,0.3791666666666666,0.0875,11,6,0.2074829931972789,16,5.442176870748299,O60858,O60858,,TRIM13,False,407,1208.0,0.0300847567911447,0.0292527662111948,0.0,0.0,1775.0,4.0029441007667605,4.033529,0.9892957746478872,0.9104225352112676,,4,0.061224489795918366,0.5,0.0,0.3453348414578763,0.0
577,465,0.8058925476603119,93.13952688172044,1.1246527967603923,0.341991341991342,0.0692640692640692,14,4,0.1956989247311828,27,5.806451612903226,O60907,O60907,,TBL1X,False,577,1208.0,0.0983389082817498,0.1033969553767523,0.0016556291390728,0.0,1775.0,3.1550024087977464,3.2248552,0.9538028169014084,0.6045070422535211,,34,0.4021505376344086,0.33400318026542664,17.432811765134552,0.23135456612697497,4.033160602295929
126,54,0.4285714285714285,78.86648148148149,5.71094367739491,0.3888888888888889,0.0555555555555555,5,1,0.0,0,0.0,O60927,O60927,,PPP1R11,False,126,1208.0,-0.959116583241866,-0.945662133348356,0.9213576158940396,0.4346026490066225,1775.0,5.228561181183099,5.235237,1.0,0.9966197183098592,,0,0.0,0.5,0.0,0.18353164688266688,0.0
776,721,0.9291237113402062,91.98042995839111,1.7728286699219065,0.2230576441102756,0.0451127819548872,6,2,0.1900138696255201,43,5.963938973647712,Q13616,Q13616,,CUL1,False,776,1208.0,-0.7984632795999407,-0.7830834517878769,0.8485099337748344,0.2193708609271523,1775.0,5.147266367211269,5.173775,1.0,0.9966197183098592,,9,0.05131761442441054,0.3109753429889679,4.832064897702731,0.05743706948177943,0.27753964726981917
745,685,0.9194630872483222,88.17893430656936,1.7929046265603863,0.2520325203252032,0.089430894308943,11,2,0.2262773722627737,51,7.445255474452554,Q13617,Q13617,,CUL2,False,745,1208.0,-0.6199446899584895,-0.6098023442681894,0.6399006622516556,0.1216887417218543,1775.0,4.357805271134648,4.409235,0.99943661971831,0.9695774647887324,,9,0.051094890510948905,0.31487488746643066,4.794525769508342,0.10398599906712841,0.49856355219541754
768,709,0.9231770833333334,93.60428772919606,1.8116713773923856,0.2098445595854922,0.0569948186528497,5,1,0.1748942172073342,32,4.513399153737659,Q13618,Q13618,,CUL3,False,768,1208.0,-0.5331317628622169,-0.5352254568956524,0.5579470198675497,0.0521523178807947,1775.0,5.575367151380282,5.603282,1.0,1.0,,9,0.05923836389280677,0.30686500668525696,4.871951443737077,0.0591373308037889,0.28811420418827643
555,426,0.7675675675675676,93.41298122065726,1.1839384584834245,0.296875,0.0885416666666666,13,3,0.1690140845070422,12,2.8169014084507045,Q7Z6M2,Q7Z6M2,,FBXO33,False,555,1208.0,-0.0524937631950148,-0.0489384357982938,0.0066225165562913,0.0,1775.0,3.0173623643430987,2.9962585,0.9983098591549296,0.4969014084507042,,12,0.1807511737089202,0.2538807690143585,7.222095250892938,0.08714392498177714,0.6293617267550632
396,381,0.9621212121212122,93.12167979002623,1.724927760339588,0.3426294820717131,0.0756972111553784,9,5,0.2335958005249344,18,4.724409448818897,Q7L5Y9,Q7L5Y9,,MAEA,False,396,1208.0,-0.3824275799386789,-0.3706231030179052,0.320364238410596,0.0149006622516556,1775.0,5.522254897239437,5.6185617,1.0,0.9983098591549296,,4,0.03674540682414698,0.5,0.0,0.15340759222014572,0.0
706,613,0.8682719546742209,92.55329526916802,1.297579545539594,0.2693498452012384,0.1083591331269349,5,1,0.2022838499184339,46,7.504078303425775,Q7L622,Q7L622,,G2E3,False,706,1208.0,-0.019210067575809,-0.0146399273411472,0.0024834437086092,0.0,1775.0,4.034399929886198,4.1129503,0.992676056338028,0.904225352112676,,12,0.11582381729200653,0.17416444420814514,8.470400239890752,0.07030418510686033,0.5955045863944736
1068,941,0.8810861423220974,90.14249734325186,1.4326722475612863,0.2713347921225383,0.0809628008752735,9,3,0.1934112646121147,17,1.8065887353878851,Q7Z3V4,Q7Z3V4,,UBE3B,False,1068,1208.0,0.0840064730305324,0.0812993423409894,0.0008278145695364,0.0008278145695364,1775.0,4.167543704225352,4.215228,1.0,0.9673239436619718,,12,0.05951115834218916,0.3955320119857788,5.440345804310738,0.09387085565032607,0.5106899156843103
303,244,0.8052805280528053,89.8661475409836,1.6492283420774592,0.4431818181818182,0.0738636363636363,21,5,0.1680327868852459,9,3.6885245901639343,Q7Z419,Q7Z419,,RNF144B,False,303,1208.0,0.0680100226130758,0.0674514483359602,0.0,0.0,1775.0,1.9160698551014084,1.6178768,0.6208450704225352,0.2490140845070422,,12,0.14754098360655737,0.27922990918159485,6.865074088886265,0.20923003274648172,1.4363796764246965
85,69,0.8117647058823529,91.30884057971012,1.8751994179544065,0.423728813559322,0.1525423728813559,9,2,0.2463768115942029,17,24.637681159420293,Q7Z4G1,Q7Z4G1,,COMMD6,False,85,1208.0,-0.1760953985055758,-0.1674329362240802,0.0149006622516556,0.0016556291390728,1775.0,6.809256135887324,6.8273234,1.0,1.0,,3,0.463768115942029,0.5,0.0,0.16480673547289945,0.0
592,427,0.7212837837837838,87.80470725995316,2.5075434071540643,0.3377483443708609,0.0728476821192053,9,7,0.1451990632318501,14,3.278688524590164,Q7Z569,Q7Z569,,BRAP,False,592,1208.0,-0.2371250496259368,-0.2100638556275204,0.1498344370860927,0.0082781456953642,1775.0,3.5069256451267603,3.516696,1.0,0.8935211267605634,,14,0.234192037470726,0.45729872584342957,5.6094904017359,0.04678341427293339,0.2624311133244541
419,233,0.5560859188544153,93.06948497854076,1.7098672514479871,0.2676056338028169,0.0915492957746478,6,2,0.2060085836909871,10,4.291845493562231,Q7Z5Y7,Q7Z5Y7,,KCTD20,False,419,1208.0,0.0366486683283473,0.0398670864502815,0.0008278145695364,0.0,1775.0,4.902377671661972,4.978347,1.0,0.979718309859155,,6,0.2703862660944206,0.3444954752922058,3.0124946372332193,0.08732732673341735,0.2630731034683329
1792,313,0.1746651785714285,86.31801916932908,2.2712834087897806,0.3119658119658119,0.1025641025641025,8,5,0.1725239616613418,13,4.15335463258786,Q7Z6E9,Q7Z6E9,,RBBP6,False,1792,1208.0,-0.9964150193750678,-1.0124060725053932,0.913907284768212,0.5140728476821192,1775.0,4.780813253352113,4.7802105,1.0,0.9966197183098592,,10,0.1757188498402556,0.3518688380718231,4.947326931342529,0.2904667634212172,1.4370340413336866
888,321,0.3614864864864865,91.05554517133956,1.5696674246294549,0.3611111111111111,0.0833333333333333,14,3,0.2461059190031152,21,6.5420560747663545,Q7Z6J0,Q7Z6J0,,SH3RF1,False,888,1208.0,0.0850575302695784,0.0851408141527955,0.0,0.0,1775.0,2.7202614937977465,2.8547397,0.9216901408450704,0.4332394366197183,,20,0.35514018691588783,0.19814443588256836,13.456246227652773,0.21914099603011356,2.9488152011542867
389,281,0.7223650385604113,91.1006049822064,1.3012004218021125,0.3358778625954198,0.0458015267175572,6,1,0.2277580071174377,15,5.338078291814947,Q7Z6J8,Q7Z6J8,,UBE3D,False,389,1208.0,-0.2189811827590176,-0.1805928206254904,0.1150662251655629,0.0082781456953642,1775.0,2.232558656146479,2.2007554,0.979718309859155,0.1149295774647887,,20,0.5231316725978647,0.27056729793548584,11.641748871187902,0.138181679646469,1.6086764130431286
402,321,0.7985074626865671,94.3797507788162,1.382346800597499,0.2840236686390532,0.1183431952662721,4,0,0.2305295950155763,14,4.361370716510903,Q7Z6K3,Q7Z6K3,,PTAR1,False,402,1208.0,-0.3328766989833991,-0.2939628382392374,0.2433774834437086,0.0273178807947019,1775.0,3.955143885256338,4.0020094,0.9988732394366198,0.8895774647887323,,3,0.04361370716510903,0.5,0.0,0.08161867182200203,0.0
674,524,0.7774480712166172,91.44221374045802,1.3240669784786905,0.3432835820895522,0.0746268656716417,11,4,0.2080152671755725,42,8.015267175572518,Q86V97,Q86V97,,KBTBD6,False,674,1208.0,0.0252946919584549,0.0276377415864544,0.0016556291390728,0.0,1775.0,2.727401312028169,2.687587,0.9949295774647888,0.3312676056338028,,27,0.30916030534351147,0.6569681763648987,7.256521002853966,0.2412759927118727,1.7508243085981448
422,309,0.7322274881516587,90.6577993527508,1.160762389236239,0.2674418604651162,0.0697674418604651,5,1,0.2135922330097087,22,7.119741100323624,Q7Z7E8,Q7Z7E8,,UBE2Q1,False,422,1208.0,-0.2826090747479778,-0.2453472305838175,0.1564569536423841,0.0198675496688741,1775.0,5.880931539605634,5.878306,1.0,0.99943661971831,,8,0.15857605177993528,0.18577894568443298,5.517272634922282,0.2574706464014006,1.4205357516861987
766,725,0.9464751958224544,93.01875862068964,1.3125807938766267,0.2298136645962732,0.077639751552795,5,2,0.1903448275862068,18,2.4827586206896552,Q7Z7L7,Q7Z7L7,,ZER1,False,766,1208.0,-0.1409279059994,-0.1182684563520856,0.0273178807947019,0.009933774834437,1775.0,3.688585371042254,3.7031672,0.99943661971831,0.8377464788732394,,13,0.0703448275862069,0.5558332800865173,4.2771324523739205,0.06718296969137925,0.2873504599138517
256,188,0.734375,92.48781914893615,1.5671013351922365,0.3125,0.140625,8,2,0.1861702127659574,8,4.25531914893617,Q86SE9,Q86SE9,,PCGF5,False,256,1208.0,-0.0355143503203845,-0.0275795838721872,0.0107615894039735,0.0,1775.0,4.610076366507042,4.7042856,0.992676056338028,0.9419718309859156,,7,0.19680851063829788,0.3561965525150299,3.4332833356357355,0.17837870757318164,0.6124246441432445
592,229,0.3868243243243243,86.73270742358079,2.0674458498808312,0.391304347826087,0.1490683229813664,21,3,0.2096069868995633,17,7.423580786026202,Q86T96,Q86T96,,RNF180,False,592,1208.0,0.0004845459795418,0.0004414932954209,0.0057947019867549,0.0,1775.0,0.4604707339414084,0.1350633,0.1808450704225352,0.0056338028169014,,10,0.18340611353711792,0.3907502591609955,4.577186804915525,0.19352822569750122,0.8858148410413161
617,383,0.6207455429497569,89.23177545691907,1.471467363921057,0.5303030303030303,0.1477272727272727,27,9,0.2558746736292428,46,12.010443864229766,Q86TM6,Q86TM6,,SYVN1,False,617,1208.0,-0.438504485385138,-0.3985441162355255,0.3377483443708609,0.0339403973509933,1775.0,4.931663062873239,4.8606896,1.0,0.9966197183098592,,2,0.015665796344647518,0.5,0.0,0.11173279939259802,0.0
253,156,0.616600790513834,88.75852564102563,2.21833391027838,0.4347826086956521,0.1478260869565217,34,2,0.1602564102564102,5,3.205128205128205,Q86UD3,Q86UD3,,MARCHF3,False,253,1090.0,-0.0769468556528944,-0.078107264696434,0.0018348623853211,0.0,1775.0,2.4516338857064786,2.309185,0.8225352112676056,0.3391549295774648,,3,0.09615384615384616,0.5,0.0,0.12321148931360149,0.0
904,401,0.4435840707964602,88.74546134663342,1.718127462106958,0.2945736434108527,0.0852713178294573,9,2,0.2094763092269326,16,3.99002493765586,Q86UK7,Q86UK7,,ZNF598,False,904,,,,,,1775.0,4.686621160422535,4.7152452,0.99943661971831,0.9853521126760564,,6,0.07231920199501247,0.3879280090332031,2.7618574739115798,0.348900345534157,0.9636130269638442
332,208,0.6265060240963856,89.89317307692308,2.1271649764894893,0.3311688311688311,0.0909090909090909,7,2,0.1826923076923076,20,9.615384615384617,Q86UT8,Q86UT8,,CENATAC,False,332,1208.0,-1.3311032252009365,-1.30037427728773,0.9925496688741722,0.8534768211920529,1775.0,4.084789988225352,4.177607,0.99943661971831,0.8270422535211268,,7,0.11057692307692307,0.5778037905693054,2.204063204190017,0.10275895969533005,0.22648724196532197
250,227,0.908,91.36215859030835,4.2110682341055,0.3969072164948453,0.0979381443298969,9,8,0.145374449339207,9,3.9647577092511015,Q86UV6,Q86UV6,,TRIM74,False,250,,,,,,1775.0,0.2680578703633803,0.13998675,0.0512676056338028,0.0011267605633802,,7,0.1013215859030837,0.29945576190948486,3.845865308014881,0.04848831845725811,0.1864795417987466
250,232,0.928,90.85771551724136,4.141060146891346,0.3969849246231156,0.0904522613065326,9,8,0.1379310344827586,9,3.8793103448275854,Q86UV7,Q86UV7,,TRIM73,False,250,,,,,,1775.0,1.0179429064788732,0.7996452,0.4056338028169014,0.0304225352112676,,7,0.09913793103448276,0.3042740225791931,3.8089825411093647,0.03741421675997996,0.14251009842804505
622,387,0.6221864951768489,92.5729715762274,1.4898652417793716,0.3108108108108108,0.0855855855855855,5,2,0.1963824289405684,23,5.943152454780361,Q86UW9,Q86UW9,,DTX2,False,622,1208.0,-0.2399218965934331,-0.2312700657104054,0.070364238410596,0.0008278145695364,1775.0,3.6518264654647887,3.5468204,1.0,0.7459154929577465,,20,0.2868217054263566,0.5023283958435059,7.323405718532527,0.0943448921954443,0.6909259230184516
550,506,0.92,91.63762845849804,1.125233534490427,0.3441295546558704,0.1336032388663967,8,2,0.2055335968379446,33,6.521739130434782,Q7L5Y6,Q7L5Y6,,DET1,False,550,1208.0,-0.2940952042367528,-0.2601184915149617,0.2028145695364238,0.0256622516556291,1775.0,2.154852590267606,2.2020571,0.9397183098591548,0.1059154929577464,,22,0.30632411067193677,0.34286925196647644,11.081798076498265,0.08192438599400667,0.9078695031266845
389,356,0.9151670951156812,93.23407303370789,2.2796624290525043,0.2536585365853658,0.0780487804878048,6,3,0.146067415730337,18,5.056179775280898,Q7L273,Q7L273,,KCTD9,False,389,1208.0,-0.2237555485023294,-0.2307014325216587,0.0695364238410596,0.0024834437086092,1775.0,4.838889201847887,4.8813806,0.9977464788732394,0.9774647887323944,,7,0.10112359550561797,0.1581609696149826,5.101773425750533,0.1322205139748846,0.6745591045361432
432,100,0.2314814814814814,91.6532,2.140301322937012,0.4342105263157895,0.0789473684210526,8,2,0.16,8,8.0,Q7L0R7,Q7L0R7,,RNF44,False,432,1208.0,-0.0194819064211073,-0.0167249477612576,0.0074503311258278,0.0,1775.0,4.460286928957747,4.531425,1.0,0.9312676056338028,,3,0.16,0.5,0.0,0.09398777630479138,0.0
1606,781,0.4863013698630137,88.48984635083228,1.3175179895388118,0.2827102803738318,0.0981308411214953,5,2,0.1971830985915492,17,2.176696542893726,Q76N89,Q76N89,,HECW1,False,1606,1208.0,0.0443147443712943,0.0418130158995396,0.0,0.0,1775.0,0.7753850228540844,0.22199336,0.3036619718309859,0.0490140845070422,,31,0.22919334186939821,0.36789509654045105,14.852927909013223,0.23469755283153237,3.485945832628573
974,644,0.6611909650924025,88.99448757763975,1.4203217005671411,0.3099415204678362,0.1023391812865497,13,1,0.2096273291925466,21,3.260869565217391,Q6PJI9,Q6PJI9,,WDR59,False,974,1208.0,-0.331691367774958,-0.304913796040537,0.2259933774834437,0.0107615894039735,1775.0,4.787084994197183,4.8159237,1.0,0.9802816901408452,,37,0.32298136645962733,0.5751684308052063,11.711614609100502,0.09852501344343506,1.1538869868059574
670,536,0.8,92.13307835820896,1.8677747263194275,0.314569536423841,0.086092715231788,14,4,0.1511194029850746,25,4.664179104477612,Q6Q0C0,Q6Q0C0,,TRAF7,False,670,1208.0,-0.1314628441720457,-0.1295671545898138,0.048841059602649,0.0024834437086092,1775.0,5.462402711380283,5.508102,1.0,0.9983098591549296,,33,0.38992537313432835,0.5794393420219421,10.356650538094637,0.3502579609993575,3.6274993002559266
311,279,0.8971061093247589,95.33347670250896,1.2095299125964651,0.5763888888888888,0.2083333333333333,24,4,0.3333333333333333,84,30.107526881720432,Q6TCH7,Q6TCH7,,PAQR3,False,311,1208.0,-0.1653977562756224,-0.1629574747447045,0.0132450331125827,0.0,1775.0,4.097256662852395,4.097139,0.99943661971831,0.9143661971830986,,0,0.014336917562724014,0.5,0.0,0.23707177464545937,0.0
642,556,0.8660436137071651,94.05744604316548,1.3452134576722183,0.2826086956521739,0.0869565217391304,9,2,0.2230215827338129,44,7.913669064748201,Q6TDP4,Q6TDP4,,KLHL17,False,642,1208.0,0.0334799058826804,0.0332364250427078,0.0024834437086092,0.0,1775.0,3.2383061106873243,3.3251517,0.968450704225352,0.6292957746478873,,27,0.25359712230215825,0.7794637084007263,5.67976267450674,0.11043728575769539,0.6272575735203931
600,544,0.9066666666666666,92.19985294117647,1.4513338612770903,0.3033707865168539,0.1011235955056179,8,2,0.2040441176470588,33,6.066176470588236,Q6TFL4,Q6TFL4,,KLHL24,False,600,1208.0,0.0318394826805719,0.0358782254885945,0.0,0.0,1775.0,3.6106649768450714,3.6013517,0.9960563380281692,0.7307042253521127,,27,0.28308823529411764,0.8232737183570862,5.203281214046612,0.13246354865879276,0.6892450942822457
723,573,0.7925311203319502,85.84856893542756,2.3969059267510557,0.3125,0.0580357142857142,23,9,0.1239092495636998,11,1.9197207678883077,Q6UWE0,Q6UWE0,,LRSAM1,False,723,1208.0,0.0048730887580456,0.0097587965573932,0.0,0.0,1775.0,2.8957493286197185,2.9118872,0.99943661971831,0.4309859154929577,,10,0.05410122164048865,0.4979003071784973,3.6942755710790913,0.029619258214041894,0.10942170205361869
489,386,0.7893660531697342,87.1119689119171,1.3955982500330717,0.5916666666666667,0.1416666666666666,29,8,0.3056994818652849,88,22.797927461139896,Q6UX01,Q6UX01,,LMBR1L,False,489,1208.0,-0.1475139394508154,-0.1485271391343396,0.0091059602649006,0.0,1775.0,4.321598633295775,4.358502,1.0,0.9611267605633804,,0,0.0,0.5,0.0,0.15684783728844862,0.0
620,436,0.7032258064516129,94.11279816513762,1.4749158812803946,0.3493975903614458,0.0963855421686747,22,2,0.2018348623853211,32,7.339449541284404,Q6VN20,Q6VN20,,RANBP10,False,620,1208.0,-0.1588637245562675,-0.159059092622785,0.0132450331125827,0.0,1775.0,3.132762571661972,3.144146,0.9988732394366198,0.5915492957746479,,13,0.17889908256880735,0.3554643988609314,6.38544102881008,0.18687767542170877,1.1932963760064321
395,343,0.8683544303797468,90.68883381924198,1.07979087274468,0.3229813664596273,0.124223602484472,6,2,0.2040816326530612,33,9.620991253644316,Q6VVB1,Q6VVB1,,NHLRC1,False,395,1208.0,-0.0668223569452647,-0.0583927988140291,0.009933774834437,0.0,1775.0,1.1016787739030989,1.0456457,0.5138028169014085,0.0388732394366197,,28,0.44314868804664725,0.41609957814216614,12.182559184621283,0.14994282595061245,1.8266873514527042
759,710,0.9354413702239788,93.6583943661972,1.286832843374085,0.2652439024390244,0.0762195121951219,11,1,0.1647887323943662,14,1.971830985915493,Q6WRX3,Q6WRX3,,ZYG11A,False,759,1208.0,-0.0184451341973371,-0.0200578042817763,0.0,0.0,1775.0,0.9850112350822534,0.5140566,0.4174647887323943,0.0338028169014084,,10,0.04788732394366197,0.35410887002944946,4.925212165251968,0.03846778351113867,0.18946199531933924
464,428,0.9224137931034484,90.23521028037383,1.0824416193581337,0.3673469387755102,0.1275510204081632,7,4,0.2242990654205607,33,7.710280373831775,Q6X9E4,Q6X9E4,,FBXW12,False,464,1208.0,-0.1813393132795342,-0.1735122476681643,0.0223509933774834,0.0,1775.0,0.0891918161769014,0.04052496,0.0045070422535211,0.0,,31,0.47897196261682246,0.27471452951431274,17.89565857028155,0.23742005634076505,4.24878826601134
477,457,0.958071278825996,92.36868708971556,2.350441144410022,0.375,0.0544871794871794,37,5,0.2188183807439825,38,8.315098468271334,Q6ZMU5,Q6ZMU5,,TRIM72,False,477,1208.0,-0.1156658956640033,-0.1127459065126728,0.009933774834437,0.0,1775.0,0.26411594,0.016780123,0.0715492957746478,0.0388732394366197,,17,0.19912472647702406,0.45964235067367554,6.779671454290084,0.08314523194878239,0.5636973556034879
732,285,0.3893442622950819,88.67971929824562,1.803813212901221,0.4757281553398058,0.1067961165048543,50,3,0.2631578947368421,29,10.175438596491228,Q6ZMZ0,Q6ZMZ0,,RNF19B,False,732,1208.0,-0.0227895790083519,-0.0239724273223113,0.0016556291390728,0.0,1775.0,3.592973705239437,3.5448687,0.99943661971831,0.7729577464788733,,8,0.10526315789473684,0.19954176247119904,5.367477273874045,0.26903401949288763,1.4440339855270612
994,119,0.1197183098591549,89.10512605042017,1.8429116085646289,0.3298969072164948,0.0927835051546391,5,2,0.1008403361344537,3,2.5210084033613445,Q6ZNA4,Q6ZNA4,,RNF111,False,994,1208.0,0.0342545121256455,0.0321577856734336,0.0008278145695364,0.0,1775.0,4.417035927830986,4.496194,1.0,0.9628169014084508,,3,0.09243697478991597,0.5,0.0,0.17924079036113003,0.0
346,99,0.2861271676300578,88.94525252525254,2.287383086273583,0.3684210526315789,0.1184210526315789,7,2,0.1313131313131313,3,3.0303030303030303,Q6ZSG1,Q6ZSG1,,ARK2C,False,346,1208.0,0.0931677275985145,0.089430040569503,0.0016556291390728,0.0,1775.0,0.8497127619588732,0.3609081,0.3267605633802817,0.0574647887323943,,3,0.15151515151515152,0.5,0.0,0.08569650376600638,0.0
1888,1429,0.756885593220339,87.70736878936319,1.1889014081043692,0.2407732864674868,0.0931458699472759,7,2,0.1819454163750875,38,2.6592022393282013,Q6ZT12,Q6ZT12,,UBR3,False,1888,1208.0,-0.0454347887852605,-0.042140947022778,0.0049668874172185,0.0,1775.0,3.800928681842253,3.821547,0.99943661971831,0.9053521126760564,,18,0.08397480755773268,0.3571265637874603,8.812037022648443,0.23273212607615812,2.0508441113427907
275,217,0.7890909090909091,93.35304147465438,1.5673412876802368,0.3793103448275862,0.0603448275862069,7,1,0.2304147465437788,15,6.912442396313365,Q6ZVX7,Q6ZVX7,,NCCRP1,False,275,1208.0,-0.0871463750704065,-0.0814133984945223,0.0091059602649006,0.0,1775.0,0.3895119668140845,0.051962286,0.1087323943661971,0.0349295774647887,,9,0.3456221198156682,0.3859647214412689,4.1590851509604745,0.15177505092343652,0.6312453605819347
466,381,0.8175965665236051,89.32325459317586,1.422857349341983,0.2834224598930481,0.0802139037433155,10,2,0.2283464566929134,21,5.511811023622047,Q6ZVZ8,Q6ZVZ8,,ASB18,False,466,1208.0,0.0405318696806211,0.0384049183568104,0.0008278145695364,0.0,1775.0,0.0300395763876056,0.0,0.0016901408450704,0.0,,1,0.010498687664041995,0.5,0.0,0.0996706099218077,0.0
473,229,0.4841437632135306,90.42510917030567,1.798084704474496,0.3561643835616438,0.1164383561643835,8,2,0.1703056768558952,5,2.1834061135371177,Q6ZWB6,Q6ZWB6,,KCTD8,False,473,1208.0,0.0048793486105005,0.0056869282521572,0.0016556291390728,0.0,1775.0,0.1898211942011267,0.0,0.0625352112676056,0.0056338028169014,,7,0.27510917030567683,0.17924286425113678,4.891135184196723,0.15696426310974845,0.7677334299576024
263,219,0.8326996197718631,88.53557077625571,1.5704606955709204,0.3524590163934426,0.0901639344262295,8,2,0.2146118721461187,14,6.392694063926941,Q6ZWI9,Q6ZWI9,,RFPL4B,False,263,1208.0,-0.0129806241659594,-0.0127289737135133,0.0008278145695364,0.0,1775.0,0.1433660078839436,0.0,0.0287323943661971,0.0118309859154929,,15,0.3835616438356164,0.6335275769233704,4.224897698974295,0.09243568115150194,0.39053129660010216
238,189,0.7941176470588235,94.3790476190476,1.2390425970097,0.287037037037037,0.0648148148148148,5,1,0.2169312169312169,31,16.402116402116402,Q712K3,Q712K3,,UBE2R2,False,238,1208.0,-0.0415569502144749,-0.033938900754058,0.0223509933774834,0.0016556291390728,1775.0,4.725677617915492,4.7428417,1.0,0.9960563380281692,,4,0.14814814814814814,0.5,0.0,0.20612241157079766,0.0
257,215,0.8365758754863813,93.4299069767442,2.050835916593837,0.2827586206896552,0.0827586206896551,6,3,0.1581395348837209,9,4.186046511627907,Q719H9,Q719H9,,KCTD1,False,257,1165.0,-0.0002559370541683,-0.001878902991311,0.0,0.0,1775.0,3.2224976278281687,3.2715483,0.9532394366197184,0.6067605633802817,,9,0.27906976744186046,0.15342043340206146,6.621909089881466,0.16939451281857598,1.121715064209371
491,98,0.1995926680244399,90.03071428571427,1.6146748598197795,0.4202898550724637,0.072463768115942,7,2,0.173469387755102,8,8.16326530612245,Q75N03,Q75N03,,CBLL1,False,491,1208.0,-0.3870564442835373,-0.3836241711157481,0.3096026490066225,0.0149006622516556,1775.0,4.568707732056338,4.6117864,1.0,0.9791549295774647,,3,0.17346938775510204,0.5,0.0,0.12468969462449057,0.0
589,176,0.298811544991511,85.14517045454545,1.8325094864424245,0.3252032520325203,0.1382113821138211,8,1,0.1875,20,11.363636363636363,Q86UZ6,Q86UZ6,,ZBTB46,False,589,1208.0,0.0368274422822743,0.0382735038065704,0.0,0.0,1775.0,1.1377297614095774,0.95473087,0.4788732394366197,0.0236619718309859,,3,0.13068181818181818,0.5,0.0,0.18118949199460124,0.0
789,550,0.697084917617237,91.23807272727274,3.9007991766535417,0.357429718875502,0.0843373493975903,18,15,0.1036363636363636,18,3.272727272727273,Q86VP1,Q86VP1,,TAX1BP1,False,789,1208.0,-0.0412482388228448,-0.0253506218434961,0.0165562913907284,0.0016556291390728,1775.0,6.351611300957747,6.3966904,1.0,0.9983098591549296,,9,0.11090909090909092,0.6220585703849792,2.593757085017781,0.14297939815397107,0.37085382697344066
759,697,0.9183135704874836,92.52634146341464,1.839527315987262,0.2384615384615384,0.0743589743589743,4,0,0.1721664275466284,28,4.017216642754662,Q13619,Q13619,,CUL4A,False,759,1208.0,-0.0378177377141801,-0.0324177690829787,0.0115894039735099,0.0024834437086092,1775.0,5.472467808788733,5.504102,1.0,0.99943661971831,,9,0.05738880918220947,0.30733728408813477,4.8673517912414,0.09154251507816856,0.4455696247404666
469,357,0.7611940298507462,92.43439775910365,1.227788846452042,0.303030303030303,0.103030303030303,4,0,0.2016806722689075,41,11.484593837535014,Q8N2H9,Q8N2H9,,PELI3,False,469,1208.0,-0.0214401507630705,-0.0208161596120923,0.0024834437086092,0.0,1775.0,2.523881606574648,2.5436766,0.9769014084507044,0.2636619718309859,,25,0.3389355742296919,0.46943244338035583,9.776787348494963,0.10384808404639387,1.015300634270225
586,551,0.940273037542662,93.56805807622504,1.386050431280789,0.2967032967032967,0.0805860805860805,12,1,0.20508166969147,44,7.985480943738657,Q8IXQ5,Q8IXQ5,,KLHL7,False,586,1208.0,-0.0412467344893061,-0.0321379999667206,0.0074503311258278,0.0,1775.0,4.908986407718309,4.953861,1.0,0.9909859154929578,,27,0.2831215970961887,0.7542080283164978,5.974024431185436,0.17776886928647329,1.0619955682216016
132,128,0.9696969696969696,95.601015625,4.703154687038293,0.4251968503937008,0.0708661417322834,14,5,0.1015625,5,3.90625,Q8IY31,Q8IY31,,IFT20,False,132,1208.0,0.0879998860557037,0.0789620584244594,0.0,0.0,1775.0,5.191502010422536,5.1919613,1.0,0.9983098591549296,,0,0.03125,0.5,0.0,0.03489946884001734,0.0
623,532,0.8539325842696629,92.0876879699248,1.2508868569708789,0.3076923076923077,0.0961538461538461,10,1,0.2424812030075188,54,10.150375939849624,Q8IY47,Q8IY47,,KBTBD2,False,623,1208.0,-0.2002438754519923,-0.1766874249836889,0.0637417218543046,0.0041390728476821,1775.0,4.88912926428169,4.8846416,1.0,0.9960563380281692,,29,0.3101503759398496,0.6737832427024841,7.536284921254915,0.1058352553458901,0.7976046390003952
1834,386,0.2104689203925845,86.7435751295337,1.85159951920567,0.4,0.0724137931034482,11,9,0.2098445595854922,15,3.886010362694301,Q8IY92,Q8IY92,,SLX4,False,1834,1208.0,-0.2699568842599652,-0.2549604542775534,0.1150662251655629,0.0008278145695364,1775.0,1.927547032169014,1.9279798,0.9188732394366196,0.0569014084507042,,4,0.06735751295336788,0.5,0.0,0.3145684788064658,0.0
498,433,0.8694779116465864,90.30224018475752,2.497693213438256,0.3399339933993399,0.0627062706270627,12,8,0.1893764434180138,32,7.390300230946882,Q8IYM9,Q8IYM9,,TRIM22,False,498,1208.0,0.0168717966643392,0.0164402860279715,0.0,0.0,1775.0,2.9415612211402817,2.5528197,0.6585915492957747,0.4608450704225352,,17,0.21016166281755197,0.47713524103164673,6.546580563736143,0.16431275521815522,1.0756866896851094
909,767,0.8437843784378438,90.7195697522816,1.4622103259717651,0.254957507082153,0.0821529745042493,6,2,0.2177314211212516,47,6.127770534550195,Q8IYU2,Q8IYU2,,HACE1,False,909,1208.0,-0.0560518636515133,-0.0520160989902156,0.0066225165562913,0.0,1775.0,2.9684581488056336,2.9744668,0.991549295774648,0.4861971830985915,,9,0.05867014341590613,0.39619868993759155,4.074822540744592,0.15865648845081518,0.6464970353747658
571,211,0.3695271453590192,92.85023696682464,3.08729633224966,0.3163841807909605,0.0564971751412429,7,5,0.1232227488151658,12,5.687203791469194,Q8IYW5,Q8IYW5,,RNF168,False,571,1208.0,-0.5406784775712687,-0.5015654829416375,0.5008278145695364,0.0894039735099337,1775.0,3.2311542468676056,3.2089465,0.9983098591549296,0.6219718309859155,,2,0.02843601895734597,0.5,0.0,0.3116483585614434,0.0
440,423,0.9613636363636364,95.0981560283688,1.3172898798485393,0.2029702970297029,0.0495049504950495,6,1,0.1891252955082742,13,3.0732860520094563,Q8N0Z6,Q8N0Z6,,TTC5,False,440,1208.0,-0.1760264771533756,-0.1683510913885107,0.0355960264900662,0.0008278145695364,1775.0,3.638730213369014,3.67832,0.99943661971831,0.8163380281690141,,6,0.1276595744680851,0.4321646988391876,2.5280040328333104,0.11511341379979916,0.2910071743191019
415,413,0.9951807228915662,96.75559322033898,1.0312943530484324,0.2527472527472527,0.0824175824175824,4,0,0.1791767554479419,53,12.832929782082324,Q8N136,Q8N136,,DAW1,False,415,1208.0,0.0568937038598001,0.0578439525231592,0.0,0.0,1775.0,0.4651929898287324,0.07809059,0.1509859154929577,0.0349295774647887,,35,0.4939467312348668,0.30974313616752625,18.837730293645606,0.3817924112437094,7.192102471169625
923,507,0.5492957746478874,90.59100591715976,1.7376642589600473,0.3624595469255663,0.0679611650485436,14,7,0.1814595660749507,14,2.7613412228796843,Q8N163,Q8N163,,CCAR2,False,923,1208.0,-0.0149813259242794,-0.0105386340113171,0.0033112582781456,0.0,1775.0,6.28198401002817,6.3197174,1.0,0.9988732394366198,,19,0.23471400394477318,0.4019920527935028,8.503304677946105,0.10849807166576952,0.9225921603436696
418,390,0.9330143540669856,95.22969230769232,1.2566468944162796,0.238095238095238,0.1058201058201058,10,1,0.1102564102564102,6,1.5384615384615383,Q8N1E6,Q8N1E6,,FBXL14,False,418,1208.0,-0.0144701521039575,-0.0041746753396798,0.0165562913907284,0.0008278145695364,1775.0,2.653696525639437,2.6609993,0.9695774647887324,0.3464788732394366,,14,0.12564102564102564,0.2951946258544922,7.7575617543355815,0.2885599720294748,2.2385218028479987
259,200,0.7722007722007722,95.88345,1.4207993952039284,0.4206349206349206,0.1111111111111111,20,1,0.195,21,10.5,Q8N2K1,Q8N2K1,,UBE2J2,False,259,1208.0,-0.3172988213553007,-0.2834997919124274,0.1473509933774834,0.0107615894039735,1775.0,5.340145509239437,5.38521,1.0,0.99943661971831,,4,0.135,0.5,0.0,0.14028220710720732,0.0
1230,1149,0.9341463414634148,89.49993907745865,1.1404637297162543,0.2611218568665377,0.0715667311411992,6,2,0.1731940818102698,14,1.2184508268059182,Q86VP6,Q86VP6,,CAND1,False,1230,1208.0,-0.3841652006242234,-0.3835319764294705,0.3302980132450331,0.0182119205298013,1775.0,6.128354646907042,6.199103,0.99943661971831,0.9983098591549296,,2,0.009573542210617928,0.5,0.0,0.20119138868780545,0.0
510,325,0.6372549019607843,93.78483076923077,1.369922788820935,0.3622448979591837,0.0765306122448979,10,2,0.2369230769230769,48,14.76923076923077,Q8N2W9,Q8N2W9,,PIAS4,False,510,1208.0,-0.1637933215186947,-0.1435451840930488,0.0306291390728476,0.0049668874172185,1775.0,3.6082072519436617,3.627315,0.99943661971831,0.8185915492957746,,12,0.2553846153846154,0.32652878761291504,6.245424243408483,0.14779479657771638,0.9230412055960949
598,425,0.7107023411371237,91.0164,1.2477346002776586,0.3184079601990049,0.0845771144278607,7,3,0.2117647058823529,40,9.411764705882351,Q8N3Y1,Q8N3Y1,,FBXW8,False,598,1208.0,-0.0231671332451478,-0.0236321349367943,0.0008278145695364,0.0,1775.0,2.837136029042253,2.8483496,0.9938028169014084,0.4061971830985915,,31,0.44,0.2887963652610779,17.398682308616124,0.1789238848685061,3.1130398302505453
690,501,0.7260869565217392,88.43007984031937,1.3393057694789747,0.3136531365313653,0.1180811808118081,9,2,0.2275449101796407,21,4.191616766467066,Q8N448,Q8N448,,LNX2,False,690,1208.0,0.0888149705640616,0.0816244387382303,0.0,0.0,1775.0,2.7380267249014083,2.6974535,0.992112676056338,0.3453521126760563,,22,0.3333333333333333,0.4064313471317291,9.758900682533254,0.14430141507301122,1.4082231780465235
479,386,0.8058455114822547,95.4173316062176,1.2352908875421122,0.3232323232323232,0.1161616161616161,8,2,0.155440414507772,14,3.6269430051813463,Q8N461,Q8N461,,FBXL16,False,479,1208.0,-0.0486301491028708,-0.0465515013145027,0.0033112582781456,0.0,1775.0,1.7855365086377464,1.5008581,0.6005633802816901,0.232112676056338,,16,0.15544041450777202,0.3723813593387604,7.5975513422053105,0.3418451513890378,2.597186088762162
442,421,0.9524886877828054,94.48491686460808,1.227201099835222,0.2718446601941747,0.1407766990291262,6,4,0.1591448931116389,18,4.275534441805226,Q8N4B4,Q8N4B4,,FBXO39,False,442,1208.0,0.0459503335855969,0.0479377520799323,0.0,0.0,1775.0,0.1824325999740845,0.0,0.0473239436619718,0.0022535211267605,,13,0.1876484560570071,0.29254427552223206,7.241734911974972,0.296710921978725,2.1487018424576148
328,283,0.8628048780487805,88.70844522968197,1.490900454512105,0.5161290322580645,0.1720430107526881,26,5,0.2720848056537102,27,9.540636042402827,Q8N4F7,Q8N4F7,,RNF175,False,328,1208.0,0.0446394006648184,0.0417881245682075,0.0,0.0,1775.0,0.577756702494648,0.06465388,0.1898591549295774,0.056338028169014,,2,0.02120141342756184,0.5,0.0,0.04006834052476744,0.0
51,41,0.803921568627451,94.44463414634146,2.768804936699043,0.5365853658536586,0.073170731707317,22,1,0.1219512195121951,2,4.878048780487805,Q8N4H5,Q8N4H5,,TOMM5,False,51,1208.0,-0.1096196976104611,-0.1097714740515805,0.0041390728476821,0.0,1775.0,7.654195186647887,7.681801,1.0,1.0,,0,0.0,0.5,0.0,0.11996164131861163,0.0
616,578,0.9383116883116884,94.255,1.423259208252653,0.298932384341637,0.1032028469750889,4,0,0.1903114186851211,25,4.325259515570934,Q8N4N3,Q8N4N3,,KLHL36,False,616,1208.0,0.1229510259785586,0.121394040241565,0.0,0.0,1775.0,3.462079234868169,3.5017831,0.9909859154929578,0.763943661971831,,29,0.2820069204152249,0.7812091708183289,6.079226626810711,0.10351723043483506,0.6293047035931494
154,152,0.987012987012987,93.96644736842104,1.2630983379678016,0.25,0.0454545454545454,5,1,0.1973684210526315,12,7.894736842105263,A0A1B0GUS4,A0A1B0GUS4,,UBE2L5,False,154,70.0,-0.1288623665303024,-0.1095805259246009,0.0714285714285714,0.0142857142857142,1775.0,0.365486807291831,0.27090564,0.0484507042253521,0.0005633802816901,,4,0.14473684210526316,0.5,0.0,0.28678917524572756,0.0
677,530,0.7828655834564254,93.62837735849055,1.058127661585462,0.3181818181818182,0.1045454545454545,6,1,0.1924528301886792,21,3.962264150943396,Q8N5D0,Q8N5D0,,WDTC1,False,677,1208.0,-0.2991638894992446,-0.2922809177783408,0.0910596026490066,0.0,1775.0,3.641178378647888,3.6806056,0.9988732394366198,0.8146478873239437,,28,0.3018867924528302,0.31850528717041016,14.808390352364608,0.13778744030393789,2.0404102016738483
433,294,0.6789838337182448,94.75979591836736,1.5655798716322535,0.3375,0.1,7,4,0.2346938775510204,22,7.482993197278912,Q8N5I2,Q8N5I2,,ARRDC1,False,433,1208.0,-0.081815319545416,-0.0825786161861015,0.0049668874172185,0.0,1775.0,4.834759828056337,4.770787,1.0,0.9419718309859156,,18,0.6428571428571429,0.33739060163497925,9.166821021999308,0.12678286097996072,1.1621957952603197
389,289,0.7429305912596401,93.71595155709342,1.162169849171358,0.2428571428571428,0.0857142857142857,3,0,0.2214532871972318,28,9.688581314878892,Q8IXJ6,Q8IXJ6,,SIRT2,False,389,1208.0,-0.1107742417627045,-0.1038742200556906,0.0124172185430463,0.0008278145695364,1775.0,4.405549483323943,4.4301915,1.0,0.9656338028169014,,9,0.15570934256055363,0.41898664832115173,3.893277238442614,0.1309807050683117,0.509944197717623
292,145,0.4965753424657534,93.25324137931035,2.192831000245643,0.396551724137931,0.1379310344827586,14,3,0.2,10,6.896551724137931,Q8IX29,Q8IX29,,FBXO16,False,292,1208.0,0.1164559856729637,0.1212441197743535,0.0,0.0,1775.0,1.901400794870986,2.0020509,0.8028169014084507,0.1307042253521126,,0,0.0,0.5,0.0,0.10455162411981853,0.0
1150,642,0.5582608695652174,90.37104361370716,1.77880623266476,0.2964824120603015,0.0628140703517587,18,5,0.1651090342679127,24,3.738317757009345,Q8IX12,Q8IX12,,CCAR1,False,1150,1208.0,-0.7510803180534483,-0.7409281140906954,0.7731788079470199,0.2094370860927152,1775.0,5.841485302704225,5.9254227,1.0,0.9988732394366198,,20,0.19626168224299065,0.4388654828071594,8.314502738745535,0.0880770442217775,0.7323168254025807
723,397,0.5491009681881052,86.21390428211586,2.6935275219363635,0.4166666666666667,0.11,20,9,0.2115869017632241,14,3.5264483627204037,Q8IWZ5,Q8IWZ5,,TRIM42,False,723,1208.0,0.0525554951191758,0.0528498767818695,0.0,0.0,1775.0,0.0083093911898591,0.0,0.0022535211267605,0.0,,15,0.2367758186397985,0.16764633357524872,10.726931415390036,0.07756091621756045,0.8319906287805837
200,178,0.89,87.75752808988764,1.7188049943450294,0.3135593220338983,0.1016949152542373,13,1,0.2191011235955056,14,7.865168539325842,Q86VX2,Q86VX2,,COMMD7,False,200,1208.0,-0.144414777488636,-0.1328435981714743,0.0124172185430463,0.0,1775.0,5.226641691825352,5.2733517,0.9988732394366198,0.992112676056338,,3,0.1797752808988764,0.5,0.0,0.14658210929201407,0.0
330,303,0.9181818181818182,97.71198019801982,1.0002221878913384,0.2396694214876033,0.0743801652892562,3,0,0.1485148514851485,20,6.6006600660066,Q86VZ2,Q86VZ2,,WDR5B,False,330,1208.0,-0.1488161434536311,-0.1416583283686461,0.0091059602649006,0.0,1775.0,2.531790859149296,2.5042086,0.9943661971830986,0.2112676056338028,,28,0.5214521452145214,0.31923845410346985,14.786692220328964,0.2959485291313911,4.376099813324941
500,458,0.916,92.57897379912664,2.6558509444510543,0.3260869565217391,0.077639751552795,9,8,0.1768558951965065,17,3.711790393013101,Q86WT6,Q86WT6,,TRIM69,False,500,1208.0,0.0016421521640419,0.0014623271549549,0.0,0.0,1775.0,3.881424933340282,3.8914678,0.992112676056338,0.8315492957746479,,17,0.18340611353711792,0.5076536536216736,6.158948326871709,0.1599546370902995,0.9851523444826715
199,193,0.9698492462311558,89.84917098445595,1.9254150090063984,0.3478260869565217,0.072463768115942,22,3,0.1917098445595854,11,5.699481865284974,Q86X83,Q86X83,,COMMD2,False,199,1208.0,-0.1230031898684909,-0.1117453388490481,0.0206953642384105,0.0,1775.0,5.13101607656338,5.148861,1.0,0.9938028169014084,,3,0.17098445595854922,0.5,0.0,0.23954443949252863,0.0
927,731,0.7885652642934197,94.93694938440493,1.5856030592003854,0.2445141065830721,0.128526645768025,6,1,0.1641586867305061,18,2.462380300957592,Q86XK2,Q86XK2,,FBXO11,False,927,1208.0,-0.1958921433859481,-0.1586781560589748,0.1531456953642384,0.0140728476821192,1775.0,5.249237646535211,5.277185,0.9983098591549296,0.9971830985915492,,69,0.32968536251709984,0.5235645771026611,24.215122880219052,0.04558423277771181,1.1038277981128004
419,282,0.6730310262529833,89.23152482269504,2.90655421203886,0.4293193717277487,0.094240837696335,23,5,0.1914893617021276,13,4.609929078014184,Q86XS8,Q86XS8,,RNF130,False,419,1208.0,0.0566170004259099,0.0556072871009661,0.0,0.0,1775.0,4.702792705864226,5.065361,0.9188732394366196,0.8828169014084507,,10,0.23049645390070922,0.43495482206344604,4.1898940569091145,0.18459691189111463,0.7734415040563566
487,433,0.8891170431211499,90.13378752886835,2.6260799325508626,0.3724832214765101,0.087248322147651,20,9,0.1755196304849884,14,3.233256351039261,Q86XT4,Q86XT4,,TRIM50,False,487,1208.0,-0.085829270006426,-0.0853190687290974,0.0033112582781456,0.0,1775.0,0.0348123397419718,0.0,0.0045070422535211,0.0016901408450704,,16,0.20323325635103925,0.4243093430995941,6.848091744648048,0.09499373888416597,0.6505258390459093
620,404,0.6516129032258065,90.6171287128713,1.3341267901520155,0.3070175438596491,0.087719298245614,13,1,0.1806930693069307,11,2.722772277227723,Q86Y01,Q86Y01,,DTX1,False,620,1208.0,-0.0358663389836409,-0.0362658498578533,0.0,0.0,1775.0,1.0582204214005635,0.30129966,0.2709859154929577,0.1059154929577464,,21,0.27722772277227725,0.24497702717781067,12.865745389255459,0.3053585583538649,3.928665464210931
1208,584,0.4834437086092715,84.68363013698631,1.971758464472779,0.3083109919571045,0.0777479892761394,12,6,0.1763698630136986,9,1.5410958904109588,Q86Y13,Q86Y13,,DZIP3,False,1208,1208.0,0.0178112597447512,0.0197957515756117,0.0016556291390728,0.0,1775.0,2.8948265530929573,2.9400916,0.979718309859155,0.468169014084507,,5,0.04965753424657534,0.5,0.0,0.07849119211001937,0.0
346,151,0.4364161849710982,85.92615894039737,2.126126034050377,0.4910714285714285,0.1517857142857142,18,3,0.23841059602649,23,15.2317880794702,Q86YJ5,Q86YJ5,,MARCHF9,False,346,1090.0,-0.385326554603029,-0.3669822365038323,0.2082568807339449,0.0110091743119266,1775.0,3.510967502912676,3.5329902,0.9819718309859156,0.7109859154929578,,2,0.07947019867549669,0.5,0.0,0.08001054725507262,0.0
1006,847,0.841948310139165,91.76639905548998,1.296053608371254,0.2560706401766004,0.0551876379690949,7,4,0.1770956316410862,12,1.4167650531286895,Q86YT6,Q86YT6,,MIB1,False,1006,1208.0,-0.2223716459597993,-0.1654735406248293,0.1556291390728476,0.0273178807947019,1775.0,4.065447423414084,4.0827026,0.99943661971831,0.9194366197183098,,32,0.1936245572609209,0.526155412197113,11.172161216726956,0.1701512999302439,1.9009577540563467
584,265,0.4537671232876712,90.78501886792452,1.4789868956492658,0.3511904761904761,0.0892857142857142,8,2,0.230188679245283,17,6.415094339622642,Q8IU81,Q8IU81,,IRF2BP1,False,584,1208.0,-0.1319930620461998,-0.1278432253550245,0.0149006622516556,0.0,1775.0,3.4773922690140844,3.477548,0.99943661971831,0.763943661971831,,8,0.2037735849056604,0.5373951196670532,2.730954829235282,0.11799279790913916,0.32223300126494625
432,305,0.7060185185185185,90.23032786885246,1.3276428180760704,0.3295454545454545,0.0909090909090909,9,3,0.1901639344262295,16,5.245901639344262,Q8IUD6,Q8IUD6,,RNF135,False,432,1208.0,-0.0293346224350948,-0.0316474650672338,0.0066225165562913,0.0,1775.0,3.248357476191549,3.5532622,0.9047887323943662,0.7183098591549296,,15,0.28524590163934427,0.6613965034484863,3.9958534830282004,0.11780152048335107,0.4707176159294163
282,251,0.8900709219858156,94.66139442231076,1.4901963299518943,0.3161290322580645,0.0774193548387096,5,2,0.2071713147410358,29,11.553784860557768,Q8IUQ4,Q8IUQ4,,SIAH1,False,282,1208.0,0.0265885922087899,0.0316679811018014,0.0223509933774834,0.0016556291390728,1775.0,4.389438934253521,4.3590713,1.0,0.9853521126760564,,11,0.3346613545816733,0.609331488609314,3.251876764198961,0.14954326780221894,0.48629627780841844
673,646,0.9598811292719168,95.88298761609909,1.343479661212703,0.2622377622377622,0.0979020979020979,5,1,0.1826625386996904,26,4.024767801857585,Q8IUR7,Q8IUR7,,ARMC8,False,673,1208.0,0.0699933299872739,0.0754287664132959,0.0,0.0,1775.0,4.7055619418591546,4.7308245,1.0,0.9949295774647888,,0,0.006191950464396285,0.5,0.0,0.2528918832237455,0.0
1022,909,0.8894324853228963,90.35113311331132,1.353792841766157,0.2442748091603053,0.0814249363867684,6,1,0.1925192519251925,12,1.32013201320132,Q8IVU3,Q8IVU3,,HERC6,False,1022,1208.0,0.0324171199227772,0.0252689686762515,0.0016556291390728,0.0,1775.0,2.120845489659155,2.0393384,0.775774647887324,0.232112676056338,,32,0.2002200220022002,0.650809109210968,8.706916278516644,0.0798483528340711,0.6952329231037143
300,173,0.5766666666666667,93.81242774566476,1.2003724110859495,0.2553191489361702,0.1382978723404255,3,0,0.2196531791907514,15,8.670520231213873,Q8IVV7,Q8IVV7,,GID4,False,300,1208.0,-0.1665413777175766,-0.1622500479700679,0.0091059602649006,0.0,1775.0,2.752630937949296,2.7543766,0.99943661971831,0.331830985915493,,8,0.4046242774566474,0.09211242198944092,6.653990152783755,0.23333270747405832,1.5525935378547564
269,158,0.587360594795539,93.63664556962026,1.1857529218956224,0.2790697674418604,0.1046511627906976,5,1,0.1962025316455696,26,16.455696202531644,Q8IW03,Q8IW03,,SIAH3,False,269,1208.0,-0.0486186740535962,-0.0471046996777891,0.0008278145695364,0.0,1775.0,0.1153624583740845,0.0,0.0377464788732394,0.0045070422535211,,9,0.4873417721518987,0.25901615619659424,5.361223773333523,0.1488235672648493,0.7978764468526107
403,335,0.8312655086848635,90.22955223880598,3.667629354997372,0.4007490636704119,0.0898876404494382,19,10,0.1701492537313433,21,6.26865671641791,Q8IWR1,Q8IWR1,,TRIM59,False,403,1208.0,0.1105998715417563,0.1135115844461052,0.0008278145695364,0.0,1775.0,3.79460866903662,3.8971243,0.9949295774647888,0.7808450704225353,,9,0.09253731343283582,0.7047168612480164,2.198534176391046,0.1371956271894601,0.3016292752274327
2517,1480,0.5880015891934843,80.78653378378378,1.3641094968697494,0.2673267326732673,0.0834512022630834,5,5,0.2351351351351351,45,3.040540540540541,Q8IWT3,Q8IWT3,,CUL9,False,2517,1208.0,-0.1596835452172655,-0.156220609163064,0.0190397350993377,0.0,1775.0,3.608222881977464,3.6809206,0.9887323943661972,0.7656338028169014,,26,0.11283783783783784,0.27541887760162354,14.988133422073123,0.14751467384323813,2.2109696132760535
1749,1536,0.8782161234991424,89.56328125,1.116460140270745,0.2535885167464115,0.0701754385964912,7,1,0.2057291666666666,47,3.059895833333333,Q8IWV7,Q8IWV7,,UBR1,False,1749,1208.0,-0.0197492508191525,-0.018225138335559,0.0041390728476821,0.0008278145695364,1775.0,3.3421418587267606,3.381959,0.9983098591549296,0.7369014084507042,,23,0.08333333333333333,0.5460414886474609,7.7168884990976965,0.043250994726168016,0.3337631037769011
1755,1531,0.8723646723646724,89.19983017635532,1.097685807858268,0.2612752721617418,0.0886469673405909,7,2,0.2005225342913128,32,2.0901371652514698,Q8IWV8,Q8IWV8,,UBR2,False,1755,1208.0,-0.1786866919184094,-0.1770025182717136,0.0256622516556291,0.0,1775.0,3.106753402253521,3.1205344,1.0,0.5932394366197183,,21,0.07707380796864795,0.5028916597366333,7.680918360879232,0.07382776381647448,0.5670650266406142
224,174,0.7767857142857143,88.43086206896552,2.027571165254291,0.3488372093023256,0.1395348837209302,8,4,0.1666666666666666,22,12.643678160919542,Q8IWZ4,Q8IWZ4,,TRIM48,False,224,74.0,-0.0908130001844241,-0.0785842075186427,0.027027027027027,0.0,1775.0,0.0936202103194366,0.0,0.0276056338028169,0.0067605633802816,,5,0.10919540229885058,0.5,0.0,0.2001691867554034,0.0
517,447,0.8646034816247582,90.3478970917226,2.2005640980846515,0.3680781758957654,0.0521172638436482,18,6,0.1565995525727069,14,3.131991051454139,Q6PJ69,Q6PJ69,,TRIM65,False,517,1208.0,-0.1265330600544018,-0.1274414259986431,0.0033112582781456,0.0,1775.0,3.806057409406197,3.8213327,0.9949295774647888,0.8845070422535212,,18,0.19686800894854586,0.5226739048957825,6.328251338212402,0.09300550156028328,0.5885621897099783
603,76,0.1260364842454394,81.5311842105263,2.5525799714529027,0.5384615384615384,0.1538461538461538,13,2,0.25,11,14.473684210526317,Q6PJ61,Q6PJ61,,FBXO46,False,603,1208.0,-0.0188756407810584,-0.0118266292471303,0.0033112582781456,0.0,1775.0,3.070926426535211,3.0629575,0.99943661971831,0.5261971830985915,,0,0.0,0.5,0.0,0.3584639087194657,0.0
355,241,0.6788732394366197,95.08543568464732,1.1266902506263776,0.2782608695652174,0.0869565217391304,6,2,0.1327800829875518,8,3.319502074688797,Q6PJ21,Q6PJ21,,SPSB3,False,355,1208.0,-0.0261606013941888,-0.0278811318725227,0.0,0.0,1775.0,4.080617738985915,4.0461154,1.0,0.9323943661971832,,14,0.34439834024896265,0.3776598572731018,6.578045173268913,0.23612386832377447,1.553233472320789
663,144,0.2171945701357466,89.71062500000001,2.405879497528076,0.3464566929133858,0.0551181102362204,9,4,0.1875,10,6.944444444444445,Q3KP66,Q3KP66,,INAVA,False,663,1208.0,-0.0694377982469004,-0.0657736009334145,0.0033112582781456,0.0,1775.0,2.17242471804338,1.73654,0.592112676056338,0.376338028169014,,0,0.0,0.5,0.0,0.5825964677104138,0.0
450,175,0.3888888888888889,83.30994285714287,2.6824023765243936,0.6,0.096551724137931,49,5,0.2571428571428571,21,12.0,Q15884,Q15884,,ENTREP1,False,450,1208.0,-0.0700318679388969,-0.0636865611037414,0.0008278145695364,0.0,1775.0,0.6927521896315493,0.2298426,0.2647887323943662,0.032112676056338,,3,0.09142857142857143,0.5,0.0,0.2241136385014582,0.0
1140,1097,0.962280701754386,93.36840474020056,1.0252806103335346,0.2681912681912682,0.079002079002079,6,5,0.1877848678213309,32,2.917046490428441,Q16531,Q16531,,DDB1,False,1140,1208.0,-2.1009838257575977,-2.1069090797016585,1.0,0.9917218543046358,1775.0,7.114398879830986,7.1558704,1.0,1.0,,87,0.5487693710118505,0.3308318853378296,44.891315080121075,0.1503396620757367,6.748945139280826
360,331,0.9194444444444444,93.25528700906344,1.1949593194409351,0.325,0.08125,11,2,0.2145015105740181,18,5.438066465256798,Q16539,Q16539,,MAPK14,False,360,1208.0,-0.1823484618994021,-0.1513403831325966,0.0902317880794702,0.0082781456953642,1775.0,4.701912577521127,4.7231054,1.0,0.9898591549295774,,9,0.15709969788519637,0.5810711979866028,2.8153375943980956,0.1847988460577338,0.5202711387077242
222,151,0.6801801801801802,95.59602649006622,1.2528956653758656,0.3529411764705882,0.0941176470588235,5,1,0.2251655629139073,21,13.90728476821192,Q16763,Q16763,,UBE2S,False,222,1208.0,-0.4895234434512451,-0.4354490110293008,0.4188741721854304,0.0620860927152317,1775.0,6.370874573915493,6.4173565,0.99943661971831,0.9960563380281692,,4,0.1456953642384106,0.5,0.0,0.2567333651473103,0.0
926,516,0.5572354211663066,88.92001937984496,1.2516408287673717,0.2875536480686695,0.055793991416309,4,0,0.2364341085271318,26,5.038759689922481,Q17RG1,Q17RG1,,KCTD19,False,926,1208.0,-0.003276716750679,-0.0008733009269475,0.0,0.0,1775.0,0.3176169763216901,0.08981947,0.0895774647887324,0.0067605633802816,,17,0.18992248062015504,0.3800089955329895,7.950186225556868,0.09351166671930304,0.7434351646806676
754,579,0.7679045092838196,90.73559585492228,1.8381760020279057,0.3311897106109325,0.0643086816720257,8,4,0.2417962003454231,37,6.390328151986183,Q1L5Z9,Q1L5Z9,,LONRF2,False,754,1208.0,-0.01345761324663,-0.0096443835886923,0.0041390728476821,0.0,1775.0,0.8821294807983098,0.2300136,0.3070422535211267,0.0771830985915493,,10,0.12953367875647667,0.2841726541519165,5.66461983579754,0.051444791586395464,0.2914151868687661
868,672,0.7741935483870968,90.50196428571428,1.7975740760536036,0.3452380952380952,0.0880952380952381,16,8,0.1666666666666666,23,3.422619047619048,Q2Q1W2,Q2Q1W2,,TRIM71,False,868,1208.0,-0.0737200102847603,-0.0645688432716463,0.0124172185430463,0.0008278145695364,1775.0,0.3128356330580282,0.014440995,0.0895774647887324,0.0338028169014084,,42,0.30654761904761907,0.5220907926559448,14.783150211602642,0.12287836962490802,1.8165293959218467
621,584,0.9404186795491144,92.6689212328767,1.3105110863995872,0.343042071197411,0.0679611650485436,8,5,0.2226027397260274,36,6.164383561643835,Q2TBA0,Q2TBA0,,KLHL40,False,621,1208.0,-0.1443624785026201,-0.1358772611558425,0.0115894039735099,0.0,1775.0,0.0264899770535211,0.0,0.0090140845070422,0.0022535211267605,,27,0.3082191780821918,0.7255048155784607,6.327006609710645,0.15087951853620335,0.9546157110485184
581,552,0.9500860585197934,92.59990942028986,1.4601762285203717,0.2763636363636363,0.0654545454545454,7,1,0.2282608695652173,42,7.608695652173914,Q2WGJ6,Q2WGJ6,,KLHL38,False,581,1208.0,-0.0943936104681153,-0.0827447083254878,0.0049668874172185,0.0008278145695364,1775.0,0.1732245828315493,0.024069987,0.0450704225352112,0.0039436619718309,,30,0.2916666666666667,0.8171918392181396,5.85217685051013,0.06637833377618427,0.38845774830042024
506,385,0.7608695652173914,89.2571168831169,1.3418632374543775,0.2925531914893617,0.1117021276595744,6,3,0.2155844155844155,16,4.155844155844156,Q32M84,Q32M84,,BTBD16,False,506,1208.0,0.0405557280696546,0.0435983687592347,0.0,0.0,1775.0,0.3312169549988732,0.049095407,0.0997183098591549,0.0169014084507042,,12,0.21818181818181817,0.5589099526405334,3.923902697008603,0.0772348797254702,0.3030621528579076
242,198,0.8181818181818182,94.64742424242424,1.5708632912626022,0.2720588235294117,0.1397058823529411,5,1,0.202020202020202,9,4.545454545454546,Q3KNV8,Q3KNV8,,PCGF3,False,242,1208.0,-0.034596545741328,-0.0219585153701048,0.0140728476821192,0.0016556291390728,1775.0,4.593808749183099,4.609146,1.0,0.9853521126760564,,7,0.18686868686868688,0.28120794892311096,3.988815226961678,0.236789571356131,0.9445098478110641
623,587,0.942215088282504,92.1479727427598,1.3544308067821231,0.2949152542372881,0.0915254237288135,9,2,0.211243611584327,34,5.792163543441227,Q3ZCT8,Q3ZCT8,,KBTBD12,False,623,1208.0,-0.0319010588384468,-0.0254837281420467,0.0033112582781456,0.0,1775.0,0.162139521100845,0.007151,0.056338028169014,0.0101408450704225,,31,0.29982964224872233,0.7529285550117493,6.876639545467247,0.09858476606514648,0.6779319009042237
1188,682,0.5740740740740741,92.6626099706745,1.2189991172360264,0.3100303951367781,0.1124620060790273,9,3,0.1979472140762463,22,3.225806451612903,Q6PIJ6,Q6PIJ6,,FBXO38,False,1188,1208.0,0.0588688562299017,0.0588817220179851,0.0,0.0,1775.0,4.513520082985916,4.5365376,0.9983098591549296,0.9830985915492958,,25,0.20234604105571846,0.3039597272872925,13.61206280121614,0.3728020418349693,5.074604805879209
471,423,0.8980891719745223,90.09624113475176,2.7394558339063804,0.3551724137931034,0.0896551724137931,15,5,0.1938534278959811,13,3.0732860520094563,Q495X7,Q495X7,,TRIM60,False,471,1208.0,0.0660519171217735,0.0650192559853578,0.0,0.0,1775.0,0.0301549856585915,0.0,0.0084507042253521,0.0039436619718309,,19,0.21040189125295508,0.4290706515312195,8.05503753215908,0.04512069334159802,0.36344887834361234
260,245,0.9423076923076924,91.369306122449,1.747906733233004,0.2684563758389262,0.0671140939597315,6,1,0.1959183673469387,10,4.081632653061225,Q4G0X4,Q4G0X4,,KCTD21,False,260,1208.0,-0.1025350540016922,-0.0927464819535422,0.0057947019867549,0.0,1775.0,2.273724924890141,2.2754452,0.967887323943662,0.1397183098591549,,11,0.33877551020408164,0.44215548038482666,4.542985122841701,0.16339351639261934,0.7422943141404613
708,166,0.2344632768361582,88.6577108433735,2.244173586838368,0.3870967741935484,0.0887096774193548,12,3,0.2108433734939759,15,9.036144578313252,Q4G163,Q4G163,,FBXO43,False,708,1208.0,-0.1115325689687919,-0.105605027627417,0.0314569536423841,0.0008278145695364,1775.0,1.2988283420129578,1.1560405,0.5622535211267605,0.0569014084507042,,4,0.0963855421686747,0.5,0.0,0.4415611433116625,0.0
568,554,0.9753521126760564,94.20382671480144,1.281619362840854,0.2436363636363636,0.08,6,1,0.2202166064981949,55,9.927797833935015,Q53G59,Q53G59,,KLHL12,False,568,1208.0,-0.1571709980502561,-0.1441880385826333,0.0231788079470198,0.0008278145695364,1775.0,4.586889727830986,4.5632925,1.0,0.992676056338028,,27,0.26534296028880866,0.7333714365959167,6.228241270173385,0.10305310089248304,0.6418395759979045
634,572,0.9022082018927444,95.11286713286712,1.3358705645537876,0.2580645161290322,0.1003584229390681,9,1,0.215034965034965,40,6.993006993006993,Q53GT1,Q53GT1,,KLHL22,False,634,1208.0,-0.1007894227196061,-0.0936507577383032,0.0033112582781456,0.0008278145695364,1775.0,3.611220064146479,3.6272566,0.9960563380281692,0.7583098591549295,,27,0.28146853146853146,0.754777729511261,5.967221489853246,0.10355777129613601,0.6179521583196105
860,437,0.5081395348837209,91.40528604118994,1.0212769058225075,0.2871794871794871,0.0923076923076923,7,3,0.1647597254004576,9,2.059496567505721,Q58WW2,Q58WW2,,DCAF6,False,860,1208.0,-0.2703719831248988,-0.2630091742446783,0.0695364238410596,0.0,1775.0,5.050921449521127,5.0686235,1.0,0.9966197183098592,,29,0.36613272311212813,0.33388590812683105,14.872650862242727,0.1805163243671542,2.684756267248044
209,168,0.8038277511961722,93.74166666666667,2.6390105614016286,0.3955223880597014,0.1194029850746268,11,4,0.1666666666666666,11,6.547619047619048,Q5EBN2,Q5EBN2,,TRIM61,False,209,1208.0,-0.3405115675934895,-0.3321357852985011,0.1754966887417218,0.0016556291390728,1775.0,0.5392098081549296,0.022163248,0.1977464788732394,0.0507042253521126,,5,0.13095238095238096,0.5,0.0,0.2592573743765989,0.0
155,122,0.7870967741935484,91.3855737704918,1.60706319673968,0.388235294117647,0.0941176470588235,8,3,0.2131147540983606,11,9.01639344262295,Q5FWF7,Q5FWF7,,FBXO48,False,155,1208.0,-0.0165020929169132,-0.0115268942644769,0.0024834437086092,0.0,1775.0,1.0007749081723942,0.9379967,0.4405633802816901,0.0016901408450704,,0,0.0,0.5,0.0,0.17867488199525247,0.0
1057,1019,0.9640491958372752,92.90483807654564,1.2922026747413733,0.2725274725274725,0.0813186813186813,7,2,0.198233562315996,44,4.317958783120707,Q5GLZ8,Q5GLZ8,,HERC4,False,1057,1208.0,0.0031516930543655,0.0116929995951886,0.0033112582781456,0.0,1775.0,4.7658799505352105,4.6808643,1.0,0.983661971830986,,38,0.20804710500490678,0.5406419634819031,12.888072004012475,0.08671782925054149,1.117625627412638
520,467,0.8980769230769231,91.13413276231265,1.13274773722206,0.3020408163265306,0.073469387755102,5,1,0.2205567451820128,22,4.710920770877944,Q5H9S7,Q5H9S7,,DCAF17,False,520,1208.0,-0.003760367282051,-0.0042401573910141,0.0,0.0,1775.0,3.5438892795098598,3.5805073,0.9983098591549296,0.8230985915492958,,33,0.5117773019271948,0.30051276087760925,18.092220508370556,0.36332097522275403,6.573283199046301
347,297,0.8559077809798271,97.25377104377104,1.007344013724775,0.3739837398373983,0.1056910569105691,8,1,0.1818181818181818,16,5.387205387205387,Q5JS37,Q5JS37,,NHLRC3,False,347,1208.0,-0.0603186331680317,-0.0613103599938998,0.0107615894039735,0.0,1775.0,4.01775699287324,4.033458,0.9983098591549296,0.9047887323943662,,24,0.4612794612794613,0.35780760645866394,11.733389929140694,0.2813282789881969,3.300934395462593
81,73,0.9012345679012346,94.446301369863,1.2521877809349342,0.26,0.02,4,0,0.1506849315068493,6,8.21917808219178,Q15843,Q15843,,NEDD8,False,81,1208.0,-1.8365000183214368,-1.836438572816281,0.9966887417218544,0.9817880794701986,1775.0,8.234705631830986,8.2828665,1.0,1.0,,4,0.3287671232876712,0.5,0.0,0.4631983976232324,0.0
145,138,0.9517241379310344,96.44369565217391,1.242123736483938,0.3205128205128205,0.0256410256410256,5,1,0.1739130434782608,13,9.420289855072465,Q15819,Q15819,,UBE2V2,False,145,1208.0,-0.1477700312461217,-0.1495239502890003,0.0124172185430463,0.0,1775.0,6.647206517746479,6.6890197,1.0,1.0,,4,0.16666666666666666,0.5,0.0,0.25826292338722084,0.0
1581,409,0.2586970271979759,86.52559902200487,1.292567227904051,0.296875,0.0677083333333333,4,0,0.2029339853300733,29,7.090464547677261,Q15648,Q15648,,MED1,False,1581,1208.0,-0.7573018605648427,-0.6938136096813228,0.6432119205298014,0.3062913907284768,1775.0,4.169587314732394,4.2006693,0.99943661971831,0.9498591549295776,,16,0.32273838630806845,0.36583128571510315,7.697735162163636,0.11064604241868038,0.8517239312805251
913,690,0.755750273822563,92.41742028985507,1.833934676084004,0.2374670184696569,0.0712401055408971,4,0,0.1855072463768116,27,3.91304347826087,Q13620,Q13620,,CUL4B,False,913,1208.0,-0.0134795331429696,0.0151041931231424,0.0149006622516556,0.0016556291390728,1775.0,5.252742695785352,5.197437,0.99943661971831,0.9943661971830986,,9,0.057971014492753624,0.307064026594162,4.8700125989663405,0.09648176726330206,0.46986742214281924
316,234,0.740506329113924,93.30799145299144,2.002319500569499,0.2794117647058823,0.0735294117647058,4,0,0.2222222222222222,10,4.273504273504273,Q13829,Q13829,,TNFAIP1,False,316,1208.0,0.0112768831200318,0.0128549485632117,0.0016556291390728,0.0,1775.0,4.275661476281691,4.3576717,1.0,0.9070422535211268,,12,0.2692307692307692,0.28727880120277405,6.755446357925914,0.30253628642162667,2.043767654247409
588,571,0.9710884353741496,91.55957968476358,1.2748330140925286,0.3217993079584775,0.0934256055363321,7,2,0.2154115586690017,34,5.954465849387041,Q13939,Q13939,,CCIN,False,588,1208.0,-0.1291877439843013,-0.1204375999577644,0.0190397350993377,0.0008278145695364,1775.0,0.1658893433836619,0.01927349,0.0445070422535211,0.0011267605633802,,28,0.29422066549912435,0.6708124876022339,7.319774598692226,0.1148440211854936,0.840632349085248
182,167,0.9175824175824177,88.47191616766466,1.9518618319716023,0.2636363636363636,0.0727272727272727,7,2,0.1736526946107784,21,12.574850299401197,Q13951,Q13951,,CBFB,False,182,1208.0,-0.2752436183118518,-0.1599506338906301,0.2160596026490066,0.0894039735099337,1775.0,5.809153947323943,5.8225594,0.99943661971831,0.9971830985915492,,6,0.2754491017964072,0.15722642838954926,4.381129695366648,0.08865627813587067,0.3884146528217479
1066,961,0.901500938086304,91.7937460978148,1.3350328014742945,0.265625,0.0558035714285714,6,3,0.2060353798126951,43,4.474505723204994,Q14139,Q14139,,UBE4A,False,1066,1208.0,0.1116927028341855,0.1112630173021283,0.0008278145695364,0.0,1775.0,3.904536594535211,3.9906192,1.0,0.8940845070422535,,4,0.01768990634755463,0.5,0.0,0.09303070395105355,0.0
442,389,0.8800904977375565,91.80149100257069,2.323142221249643,0.3582089552238806,0.0634328358208955,9,6,0.1722365038560411,30,7.712082262210797,Q14142,Q14142,,TRIM14,False,442,1208.0,-0.1109538380340941,-0.110555073637426,0.0041390728476821,0.0,1775.0,3.3508857047802816,3.5006492,0.951549295774648,0.6642253521126761,,17,0.22879177377892032,0.5759860873222351,5.3722196696042515,0.04440399284039696,0.23854800374614687
630,521,0.8269841269841269,93.4478310940499,2.1270538606189047,0.3387978142076502,0.0928961748633879,13,9,0.1976967370441458,13,2.495201535508637,Q14258,Q14258,,TRIM25,False,630,1208.0,-0.0772888957119496,-0.0725260392723791,0.0074503311258278,0.0,1775.0,5.139621520492394,5.2535734,0.9943661971830986,0.9729577464788732,,19,0.2072936660268714,0.5487756133079529,6.3400569594587415,0.16633690041294444,1.054585423077884
1009,724,0.7175421209117938,89.57488950276243,1.378241653112806,0.2899728997289973,0.048780487804878,7,5,0.2016574585635359,23,3.1767955801104977,Q14289,Q14289,,PTK2B,False,1009,1208.0,0.1167539153255143,0.1139688435560006,0.0,0.0,1775.0,3.043651281014085,2.700564,0.9138028169014084,0.4473239436619718,,19,0.17679558011049723,0.3730701506137848,9.009672098897607,0.07887035869816453,0.710596070192899
1009,625,0.6194251734390486,85.20174399999999,1.2231526947021485,0.2579505300353357,0.1024734982332155,4,0,0.1984,21,3.36,Q14527,Q14527,,HLTF,False,1009,1208.0,0.0884489685801775,0.0866053376781565,0.0008278145695364,0.0,1775.0,4.617808036739718,4.82024,0.9729577464788732,0.9177464788732396,,22,0.208,0.2870252728462219,12.391266471710749,0.09163141045395662,1.1354292241136785
1992,1172,0.5883534136546185,88.27505119453923,1.1147223258692494,0.2509578544061303,0.0881226053639846,5,2,0.2209897610921501,31,2.645051194539249,Q14669,Q14669,,TRIP12,False,2067,1208.0,-0.2013863750534307,-0.2068706525329006,0.0927152317880794,0.0016556291390728,1775.0,5.867995205678874,5.9890594,0.9988732394366198,0.992112676056338,,14,0.06825938566552901,0.3685730993747711,6.6986842791460095,0.1550262106484014,1.0384716401260243
263,143,0.5437262357414449,92.04510489510488,2.424498279107945,0.2872340425531915,0.0957446808510638,10,1,0.2167832167832167,13,9.090909090909092,Q14681,Q14681,,KCTD2,False,263,1208.0,-0.1908195349225242,-0.188072616731793,0.0339403973509933,0.0008278145695364,1775.0,3.76387509628169,3.738076,1.0,0.9290140845070424,,6,0.3006993006993007,0.05023878440260887,5.426432394473468,0.12925774762046482,0.7014084289243662
1683,1102,0.6547831253713606,85.24089836660617,1.3709054527734947,0.2922201138519924,0.0853889943074003,7,2,0.1996370235934664,17,1.5426497277676952,Q149N8,Q149N8,,SHPRH,False,1683,1208.0,-0.0194290979678401,-0.0205520305412024,0.0033112582781456,0.0,1775.0,2.359927666484507,2.338818,0.956056338028169,0.1971830985915492,,30,0.1560798548094374,0.3340640366077423,15.380020676411778,0.30501622179642557,4.691155797870026
275,136,0.4945454545454545,86.69051470588235,2.722930605602057,0.424,0.136,19,5,0.2279411764705882,12,8.823529411764707,Q14CZ0,Q14CZ0,,HAPSTR1,False,275,1208.0,-0.4564450074445402,-0.4055063171123225,0.4139072847682119,0.0943708609271523,1775.0,4.406383156642254,4.453116,0.9988732394366198,0.971830985915493,,0,0.0,0.5,0.0,0.05804269076510252,0.0
391,164,0.4194373401534527,85.95939024390243,2.074815914370796,0.5075757575757576,0.2121212121212121,25,3,0.1402439024390244,7,4.2682926829268295,Q15011,Q15011,,HERPUD1,False,391,1208.0,-0.0525475977263323,-0.0487209730758218,0.0115894039735099,0.0049668874172185,1775.0,6.406864055774648,6.3216414,1.0,0.99943661971831,,5,0.17682926829268292,0.5,0.0,0.3468724338969475,0.0
636,360,0.5660377358490566,91.2573888888889,2.461041165576472,0.3464788732394366,0.0422535211267605,15,13,0.0694444444444444,6,1.6666666666666667,Q15025,Q15025,,TNIP1,False,636,1208.0,-0.0113685087163927,-0.0059405653330544,0.0049668874172185,0.0,1775.0,5.246175179323944,5.204755,1.0,0.992676056338028,,0,0.0,0.5,0.0,0.12618073031643082,0.0
1050,979,0.9323809523809524,91.25570990806943,1.3146498902287804,0.2725118483412322,0.0829383886255924,5,2,0.1920326864147089,28,2.8600612870275794,Q15034,Q15034,,HERC3,False,1050,1208.0,-0.020725963115875,-0.0174767393512431,0.0,0.0,1775.0,2.5676793202140846,2.589567,0.9554929577464788,0.3323943661971831,,38,0.21654749744637386,0.5397522449493408,12.911025933514113,0.05220375260595241,0.6740040037222066
168,33,0.1964285714285714,73.5930303030303,1.681356881157588,0.4545454545454545,0.0,6,1,0.2424242424242424,7,21.21212121212121,Q15038,Q15038,,DAZAP2,False,168,1208.0,-0.0890239615371457,-0.0809735749633227,0.0066225165562913,0.0,1775.0,7.284159204394366,7.315376,1.0,1.0,,2,0.3939393939393939,0.5,0.0,0.10634498519271494,0.0
812,531,0.6539408866995073,88.1049152542373,1.250821094407942,0.2943548387096774,0.0927419354838709,6,4,0.1713747645951036,17,3.2015065913371,Q15345,Q15345,,LRRC41,False,812,1208.0,-0.0630059954196956,-0.0535878916155072,0.0066225165562913,0.0,1775.0,4.905094223605634,4.972173,0.99943661971831,0.9904225352112676,,15,0.14124293785310735,0.2897017002105713,8.40348752036288,0.44415763443791356,3.732473138072905
365,206,0.5643835616438356,84.80393203883496,1.5573108724309828,0.2352941176470588,0.0336134453781512,5,1,0.2135922330097087,27,13.106796116504857,Q15366,Q15366,,PCBP2,False,365,1208.0,-1.4707067097122104,-1.4673074831316733,0.9917218543046358,0.8642384105960265,1775.0,8.845275606478873,8.8547535,1.0,1.0,,9,0.30097087378640774,0.2928311824798584,5.010632789330388,0.2288005530350179,1.146435553254187
112,97,0.8660714285714286,94.53134020618556,1.3656397980908783,0.3870967741935484,0.1129032258064516,10,2,0.2371134020618556,8,8.24742268041237,Q15369,Q15369,,ELOC,False,112,1208.0,-1.3337870184167424,-1.3141427718459235,0.9942052980132452,0.8336092715231788,1775.0,7.105344014140846,7.1185675,1.0,1.0,,3,0.13402061855670103,0.5,0.0,0.29013270869925234,0.0
118,106,0.8983050847457628,97.24452830188676,1.5582053080969285,0.3378378378378378,0.081081081081081,7,2,0.1792452830188679,7,6.60377358490566,Q15370,Q15370,,ELOB,False,118,1208.0,-1.4659190637656891,-1.460694849475201,0.9809602649006622,0.8468543046357616,1775.0,7.859920528732395,7.871702,1.0,1.0,,4,0.32075471698113206,0.5,0.0,0.12316123163125757,0.0
1083,899,0.830101569713758,87.62046718576194,1.4956394659293408,0.296983758700696,0.074245939675174,8,3,0.200222469410456,24,2.669632925472748,Q15386,Q15386,,UBE3C,False,1083,1208.0,-0.019961141061819,-0.0184053292353553,0.0,0.0,1775.0,5.334118359633802,5.3948812,0.9988732394366198,0.9954929577464788,,12,0.05561735261401557,0.38226965069770813,5.586580308678544,0.09849476640470085,0.5502489225043947
145,105,0.7241379310344828,82.72314285714286,2.7701692544639585,0.3780487804878049,0.073170731707317,13,2,0.1904761904761904,13,12.38095238095238,Q15388,Q15388,,TOMM20,False,145,1208.0,-0.8069231975725142,-0.7975986562691726,0.8700331125827815,0.2334437086092715,1775.0,7.154166103042254,7.1297054,1.0,1.0,,0,0.0,0.5,0.0,0.3314749094504356,0.0
153,146,0.954248366013072,93.13753424657536,1.2879643476434672,0.3253012048192771,0.0481927710843373,5,1,0.2602739726027397,37,25.34246575342466,Q5JXB2,Q5JXB2,,UBE2NL,False,153,,,,,,1775.0,0.0461033802946478,0.034543946,0.0,0.0,,4,0.15753424657534246,0.5,0.0,0.2580054689752487,0.0
435,273,0.6275862068965518,89.14868131868131,1.4937343534860412,0.5617283950617284,0.2160493827160493,25,5,0.2893772893772894,66,24.17582417582417,Q5M7Z0,Q5M7Z0,,RNFT1,False,435,1208.0,-0.0096874453983636,-0.0112682121016633,0.0008278145695364,0.0,1775.0,4.306068707797183,4.337547,0.99943661971831,0.936338028169014,,2,0.04395604395604396,0.5,0.0,0.0881286097244844,0.0
452,393,0.8694690265486725,93.90150127226464,1.3503829022822114,0.3399014778325123,0.083743842364532,12,2,0.1908396946564885,22,5.597964376590331,Q5MNV8,Q5MNV8,,FBXO47,False,452,1208.0,-0.134732722874712,-0.1361715526604158,0.0298013245033112,0.0008278145695364,1775.0,0.0214259873002816,0.0,0.0016901408450704,0.0,,0,0.0,0.5,0.0,0.18251563975047286,0.0
1792,448,0.25,89.91026785714287,1.673790142739345,0.2658227848101265,0.0843881856540084,8,1,0.2142857142857142,16,3.571428571428571,Q5XKL5,Q5XKL5,,BTBD8,False,1792,1208.0,-0.0393954897533694,-0.0427560129433264,0.0041390728476821,0.0,1775.0,1.227273729206197,1.1716168,0.6191549295774648,0.0129577464788732,,5,0.05580357142857143,0.5,0.0,0.03955354312384367,0.0
539,417,0.7736549165120594,95.87935251798562,1.2531960818547905,0.227906976744186,0.0930232558139534,9,3,0.2278177458033573,26,6.235011990407674,Q5XUX0,Q5XUX0,,FBXO31,False,539,1208.0,-0.0034882018840307,-0.0114491878290049,0.0,0.0,1775.0,3.5884003661070425,3.603003,0.99943661971831,0.8354929577464789,,16,0.30455635491606714,0.3197104334831238,8.441566159151549,0.15334478154979928,1.2944701186132723
458,388,0.8471615720524017,92.7305412371134,1.0992253997785095,0.3212121212121212,0.0666666666666666,14,1,0.2010309278350515,44,11.34020618556701,Q5XUX1,Q5XUX1,,FBXW9,False,458,1208.0,-0.1405252864469621,-0.1413210868090461,0.0115894039735099,0.0,1775.0,2.8137364096,2.806454,0.9960563380281692,0.3712676056338028,,28,0.4536082474226804,0.337981253862381,14.242664502936329,0.13597267087918224,1.9366131329003733
1052,503,0.4781368821292776,87.72556660039761,1.9033927473487615,0.314516129032258,0.1129032258064516,9,3,0.1968190854870775,28,5.566600397614314,Q5XX13,Q5XX13,,FBXW10,False,1052,1165.0,0.0478397428574936,0.0512981940938452,0.0,0.0,1775.0,0.1681289606118309,0.045593943,0.0332394366197183,0.0033802816901408,,30,0.3797216699801193,0.3410356044769287,15.167063059042379,0.1586899824879721,2.4068609712334035
557,504,0.9048473967684022,89.23051587301588,1.5592769222166556,0.2752613240418118,0.0836236933797909,17,3,0.2043650793650793,17,3.373015873015873,Q63HN8,Q63HN8,,RNF213,False,5207,1208.0,0.0162353882941542,0.0178593427085054,0.0008278145695364,0.0,1775.0,5.044319050760563,5.016082,0.99943661971831,0.9729577464788732,,4,0.027777777777777776,0.5,0.0,0.062249678901643554,0.0
784,248,0.3163265306122449,80.05673387096775,1.8802238383851788,0.2755102040816326,0.1122448979591836,8,1,0.1854838709677419,6,2.419354838709677,Q66K89,Q66K89,,E4F1,False,784,1208.0,-0.4679848655409433,-0.4579055534275461,0.418046357615894,0.0173841059602649,1775.0,3.5885104661408453,3.679559,0.99943661971831,0.7853521126760563,,0,0.16129032258064516,0.5,0.0,0.1231276119420867,0.0
614,166,0.2703583061889251,88.2039156626506,2.951134549594286,0.4096385542168674,0.072289156626506,21,5,0.0542168674698795,2,1.2048192771084338,Q68DK7,Q68DK7,,MSL1,False,614,1208.0,-0.3653911984071347,-0.3586611574895246,0.2649006622516556,0.0091059602649006,1775.0,5.679660474647887,5.6726627,1.0,0.99943661971831,,0,0.024096385542168676,0.5,0.0,0.084834433443057,0.0
428,240,0.5607476635514018,90.469625,1.9699941521245656,0.3354838709677419,0.1483870967741935,7,3,0.1708333333333333,10,4.166666666666666,Q68DU8,Q68DU8,,KCTD16,False,428,1208.0,-0.0914941524189911,-0.0884008499501349,0.0008278145695364,0.0,1775.0,0.2640468312180281,0.03666368,0.08,0.0135211267605633,,8,0.2708333333333333,0.24638871848583221,4.887417789992722,0.25666766133424485,1.2544420941208154
783,236,0.301404853128991,88.09855932203389,3.1003941067799583,0.4285714285714285,0.0974025974025974,17,3,0.1991525423728813,8,3.389830508474576,Q68DV7,Q68DV7,,RNF43,False,783,1208.0,0.0514872771224981,0.044748576703596,0.0,0.0,1775.0,1.559197635169577,0.9179297,0.4861971830985915,0.1977464788732394,,10,0.23728813559322035,0.4402715563774109,4.14557698955253,0.21222891938964583,0.8798113247393144
232,194,0.8362068965517241,89.03597938144331,2.112626335748943,0.3385826771653543,0.1259842519685039,4,0,0.2061855670103092,12,6.185567010309279,Q693B1,Q693B1,,KCTD11,False,232,1208.0,-0.085174517127222,-0.0817049419547752,0.0008278145695364,0.0,1775.0,2.7164873240816902,2.7379637,0.9408450704225352,0.4078873239436619,,5,0.32989690721649484,0.5,0.0,0.14150579466789923,0.0
485,445,0.9175257731958762,91.06105617977528,1.6645157855365558,0.3227091633466135,0.095617529880478,6,2,0.2224719101123595,13,2.9213483146067416,Q6AZZ1,Q6AZZ1,,TRIM68,False,485,1208.0,0.1344110853982069,0.1319807890130312,0.0,0.0,1775.0,2.7679549105030987,2.8539557,0.9622535211267604,0.4129577464788732,,17,0.18202247191011237,0.49374502897262573,6.332678472738327,0.07829363174615149,0.49580839631135565
392,334,0.8520408163265306,93.30047904191618,1.549640367049342,0.292079207920792,0.0693069306930693,10,3,0.2215568862275449,28,8.383233532934131,Q6IQ16,Q6IQ16,,SPOPL,False,392,1208.0,-0.0685448726315413,-0.0652802003964188,0.0033112582781456,0.0,1775.0,3.4188431578923946,3.4417636,0.9932394366197184,0.7645070422535212,,11,0.2994011976047904,0.49221357703208923,4.110185325007203,0.2902059667835019,1.1928003059030774
608,559,0.919407894736842,95.97565295169946,1.2583544996867515,0.2981818181818181,0.12,8,2,0.2093023255813953,43,7.6923076923076925,Q6JEL2,Q6JEL2,,KLHL10,False,608,1208.0,-0.0953243505429711,-0.093388969877332,0.0033112582781456,0.0016556291390728,1775.0,0.0877407307154929,0.05360073,0.0022535211267605,0.0,,27,0.26654740608228983,0.7165036201477051,6.441939283147167,0.09422602456300049,0.6069983291271827
247,101,0.4089068825910931,82.1018811881188,1.6133913277050511,0.296875,0.125,3,0,0.2079207920792079,7,6.930693069306932,Q6P050,Q6P050,,FBXL22,False,231,1208.0,-0.0242591260033122,-0.0261312606606977,0.0,0.0,1775.0,0.4775650483543662,0.37138265,0.0878873239436619,0.0022535211267605,,3,0.13861386138613863,0.5,0.0,0.20727760235986661,0.0
531,332,0.6252354048964218,86.5083734939759,1.7768669509461212,0.3461538461538461,0.0625,9,4,0.1837349397590361,12,3.614457831325301,Q6P1J9,Q6P1J9,,CDC73,False,531,1208.0,-1.121547603471918,-1.1015108958918272,0.9867549668874172,0.6721854304635762,1775.0,4.656145717521127,4.6940556,1.0,0.9887323943661972,,10,0.17771084337349397,0.16672737896442413,7.164443113312599,0.08458400246852182,0.6059972739820171
311,242,0.7781350482315113,90.8249173553719,2.1388811421773046,0.3333333333333333,0.1320754716981132,13,3,0.2148760330578512,16,6.6115702479338845,Q6P2C8,Q6P2C8,,MED27,False,311,1208.0,-0.8731055195638995,-0.8575974091808111,0.9652317880794702,0.2466887417218543,1775.0,5.001011603211268,4.9776735,1.0,0.992112676056338,,4,0.14049586776859505,0.5,0.0,0.3062763275455107,0.0
717,336,0.4686192468619247,90.99157738095238,1.1210794896866445,0.2463768115942029,0.0869565217391304,8,1,0.1875,29,8.630952380952381,Q6P3S6,Q6P3S6,,FBXO42,False,717,1208.0,-0.158608176310763,-0.110834125838538,0.1316225165562914,0.0140728476821192,1775.0,3.4708512018563376,3.4763947,0.99943661971831,0.8056338028169014,,22,0.44345238095238093,0.3566370904445648,10.780816152228077,0.2530770321366765,2.728376955817026
258,173,0.6705426356589147,88.49277456647398,1.9717458112053328,0.2586206896551724,0.0775862068965517,5,2,0.1907514450867052,14,8.092485549132949,Q6P9F5,Q6P9F5,,TRIM40,False,258,1208.0,-0.0742173787642265,-0.0638285326471593,0.0024834437086092,0.0,1775.0,0.0332021749166197,0.0,0.0073239436619718,0.0,,5,0.10404624277456648,0.5,0.0,0.12251048929962403,0.0
774,460,0.5943152454780362,92.17791304347826,1.4262339184449504,0.3319838056680162,0.0769230769230769,12,3,0.1913043478260869,15,3.260869565217391,Q6PCD5,Q6PCD5,,RFWD3,False,774,1208.0,-0.2993410831287682,-0.2702215708407339,0.146523178807947,0.0074503311258278,1775.0,4.797275513126761,4.884261,1.0,0.9712676056338028,,31,0.41956521739130437,0.6544919013977051,8.372925970175155,0.09076929224175757,0.7600045643054302
694,377,0.5432276657060519,89.10238726790452,1.5497031441098064,0.2892156862745098,0.0686274509803921,4,0,0.1962864721485411,8,2.122015915119363,Q6PCT2,Q6PCT2,,FBXL19,False,694,1208.0,-0.0952959275554729,-0.0883198213665629,0.009933774834437,0.0,1775.0,3.5959549730422533,3.6176512,0.9988732394366198,0.8095774647887324,,12,0.11936339522546419,0.7042050957679749,2.934380794919687,0.05538682701149819,0.16252604147407926
1173,873,0.7442455242966752,89.69871706758306,1.856056926482696,0.2648870636550308,0.1047227926078028,5,2,0.2302405498281786,30,3.436426116838488,Q6PD62,Q6PD62,,CTR9,False,1173,1208.0,-0.8729383540856565,-0.8596049525030365,0.9263245033112584,0.2955298013245033,1775.0,4.589134500000001,4.6547103,1.0,0.9814084507042252,,2,0.011454753722794959,0.5,0.0,0.03032857281875287,0.0
583,533,0.9142367066895368,92.70861163227018,1.4282027936377315,0.3667953667953668,0.0579150579150579,12,4,0.2288930581613508,28,5.253283302063791,Q6PF15,Q6PF15,,KLHL35,False,583,1208.0,0.0415528867318934,0.0385249353817389,0.0066225165562913,0.0,1775.0,1.062473558692958,0.73199564,0.4084507042253521,0.0647887323943662,,27,0.2682926829268293,0.7919076085090637,5.5401504032192115,0.138108243845371,0.7651404428278292
426,207,0.4859154929577465,84.38386473429951,1.8117203246402236,0.3100775193798449,0.0852713178294573,7,2,0.2270531400966183,18,8.695652173913043,Q6PI47,Q6PI47,,KCTD18,False,426,1208.0,-0.0385458784124827,-0.0367125426938226,0.0074503311258278,0.0,1775.0,3.3229762966760568,3.3383389,1.0,0.7177464788732394,,7,0.2753623188405797,0.17895331978797913,4.893968406683711,0.06697156521364697,0.3277567243017461
442,363,0.8212669683257918,95.09286501377407,1.0587524640733057,0.3043478260869565,0.0683229813664596,9,1,0.2314049586776859,46,12.672176308539946,Q6PID8,Q6PID8,,KLHDC10,False,442,1208.0,-0.0392262035677853,-0.0414073077096265,0.0016556291390728,0.0,1775.0,4.049714868,4.1071186,1.0,0.9104225352112676,,24,0.39118457300275483,0.35770687460899353,11.735754019412816,0.24983042770577282,2.9319484461196463
1314,1075,0.8181126331811264,89.61966511627907,1.195483404135734,0.2803347280334728,0.0753138075313807,7,3,0.2055813953488372,19,1.7674418604651163,Q5XPI4,Q5XPI4,,RNF123,False,1314,1208.0,-0.3107343736047003,-0.3072900464526422,0.1026490066225165,0.0008278145695364,1775.0,4.095676848619719,4.1321077,1.0,0.9554929577464788,,17,0.09023255813953489,0.9012776613235474,2.8029096025394975,0.047552904762095324,0.13328649338632317
402,382,0.9502487562189056,94.59057591623036,2.364493481299617,0.3492647058823529,0.0772058823529411,16,6,0.1832460732984293,11,2.8795811518324608,Q5W0U4,Q5W0U4,,BSPRY,False,402,1208.0,0.0132282465829136,0.0097472401027931,0.0,0.0,1775.0,1.450023193826479,0.30792508,0.4191549295774648,0.2557746478873239,,16,0.2198952879581152,0.7330300807952881,3.6933302604745455,0.051425170733340506,0.18993013921951646
559,323,0.5778175313059034,91.71312693498452,1.032601459325714,0.2627118644067797,0.135593220338983,5,1,0.1424148606811145,29,8.978328173374612,Q5QP82,Q5QP82,,DCAF10,False,559,1208.0,-0.1405387032679319,-0.1351020630441152,0.0165562913907284,0.0,1775.0,3.626240886839436,3.6548135,0.99943661971831,0.8428169014084507,,27,0.5077399380804953,0.30922651290893555,14.546986229745519,0.30898786079892415,4.494842156200475
726,233,0.3209366391184573,90.7493991416309,2.842585118190448,0.3561643835616438,0.0593607305936073,14,7,0.1030042918454935,6,2.575107296137339,Q5W0B1,Q5W0B1,,OBI1,False,726,1208.0,-0.0420317778098308,-0.044816113866312,0.0016556291390728,0.0,1775.0,3.526028701126761,3.4767964,0.99943661971831,0.7549295774647887,,2,0.034334763948497854,0.5,0.0,0.3555718533636913,0.0
474,382,0.8059071729957806,89.315,1.3876912051491106,0.2711864406779661,0.135593220338983,5,1,0.1910994764397905,13,3.4031413612565444,Q5SWL7,Q5SWL7,,PRAMEF14,False,474,1046.0,-0.0745962783044698,-0.0714295529665983,0.011472275334608,0.0,1775.0,0.011182918428169,0.0,0.0011267605633802,0.0,,15,0.16753926701570682,0.3879866302013397,6.903834215675165,0.18932133586827407,1.3070431163247203
479,411,0.8580375782881002,90.24659367396592,1.391751318721453,0.2645502645502645,0.074074074074074,7,1,0.1873479318734793,23,5.59610705596107,Q5SWL8,Q5SWL8,,PRAMEF19,False,479,381.0,0.1374422261510126,0.1443577074509453,0.0,0.0,1775.0,0.0053985741701408,0.0,0.0011267605633802,0.0,,14,0.1411192214111922,0.4285656809806824,5.941288135270176,0.16436668472431887,0.9765498337862893
291,168,0.5773195876288659,90.92821428571428,2.22658414307987,0.425531914893617,0.1276595744680851,25,2,0.2202380952380952,8,4.761904761904762,Q5T0T0,Q5T0T0,,MARCHF8,False,291,1090.0,-0.006377188443025,-0.0064307858804539,0.0064220183486238,0.0,1775.0,3.055414940807324,3.1190574,0.9870422535211268,0.5611267605633803,,2,0.08333333333333333,0.5,0.0,0.08085610605715086,0.0
706,596,0.8441926345609065,85.56768456375838,2.5743510881604954,0.4940334128878281,0.1193317422434367,44,9,0.273489932885906,87,14.597315436241612,Q5T197,Q5T197,,DCST1,False,706,1208.0,-0.0900301536500792,-0.0901216306192539,0.0074503311258278,0.0,1775.0,0.0813831714766197,0.035733692,0.0045070422535211,0.0005633802816901,,2,0.03691275167785235,0.5,0.0,0.10845830729076243,0.0
861,736,0.8548199767711963,89.06062499999999,1.1423464102638816,0.3057142857142857,0.0828571428571428,5,3,0.21875,35,4.755434782608696,Q5T447,Q5T447,,HECTD3,False,861,1208.0,-0.1236460147293611,-0.119488392201022,0.0124172185430463,0.0,1775.0,4.236456545633803,4.273143,1.0,0.96,,25,0.19972826086956522,0.2553713023662567,15.001245337194788,0.15371663791330978,2.305940997746298
212,180,0.8490566037735849,92.45461111111112,1.980874877104388,0.4266666666666667,0.0933333333333333,12,4,0.2333333333333333,22,12.22222222222222,Q5T4S7,Q5T4S7,,UBR4,False,5183,1208.0,-1.1632628737279076,-1.1694464515272625,0.9246688741721856,0.6473509933774835,1775.0,5.703057755476057,5.7505317,0.99943661971831,0.99943661971831,,5,0.17222222222222222,0.5,0.0,0.19220333711628332,0.0
453,366,0.8079470198675497,93.6405737704918,1.0484361224156309,0.2345679012345679,0.1049382716049382,5,1,0.2049180327868852,24,6.557377049180328,Q5T6F0,Q5T6F0,,DCAF12,False,453,1208.0,-0.0287805284434426,-0.0265274240485512,0.0082781456953642,0.0,1775.0,4.615930118422535,4.5708637,1.0,0.9864788732394366,,29,0.4426229508196721,0.32809826731681824,15.045806211999972,0.2784944438701722,4.190173433589314
235,120,0.5106382978723404,88.51075,4.384894007930183,0.4,0.109090909090909,14,4,0.125,8,6.666666666666667,Q5TA31,Q5TA31,,RNF187,False,235,77.0,0.1450446946029482,0.1421105879703272,0.0,0.0,1775.0,5.385938212845071,5.351763,1.0,0.9983098591549296,,2,0.05,0.5,0.0,0.15951854609350746,0.0
597,398,0.6666666666666666,92.58356783919598,1.03642103215404,0.2349397590361445,0.072289156626506,6,1,0.1557788944723618,22,5.527638190954774,Q5TAQ9,Q5TAQ9,,DCAF8,False,597,1208.0,-0.0686705694660991,-0.0639868953122794,0.0115894039735099,0.0,1775.0,6.046480867211267,6.0923553,1.0,0.9988732394366198,,28,0.41959798994974873,0.31747040152549744,14.839072074685195,0.1997047030293847,2.963432481906642
1133,475,0.4192409532215357,92.3572,1.3691076863741027,0.2545454545454545,0.0618181818181818,5,1,0.2021052631578947,17,3.578947368421052,Q5TC82,Q5TC82,,RC3H1,False,1133,1208.0,-0.1619196589281923,-0.1642553747403075,0.0463576158940397,0.0,1775.0,2.619716698816901,2.6237452,0.9960563380281692,0.2129577464788732,,5,0.04631578947368421,0.5,0.0,0.15211195499489283,0.0
476,409,0.8592436974789915,90.32273838630807,1.3599799766390883,0.2717948717948718,0.0717948717948717,4,0,0.1760391198044009,13,3.1784841075794623,Q5TYX0,Q5TYX0,,PRAMEF5,False,476,,,,,,1775.0,0.0077854813718309,0.0,0.0005633802816901,0.0,,13,0.1882640586797066,0.3669348657131195,6.240620559255548,0.1868540353219174,1.1660851344098202
659,221,0.3353566009104704,92.67782805429864,1.887737937689823,0.3961038961038961,0.0584415584415584,17,2,0.1764705882352941,13,5.88235294117647,Q5U5Q3,Q5U5Q3,,MEX3C,False,659,1208.0,0.0305970629247394,0.0283433510980773,0.0,0.0,1775.0,4.703985523621972,4.738757,0.9876056338028169,0.9735211267605632,,8,0.17194570135746606,0.31839609146118164,4.231892780258894,0.11511110073372997,0.48713783612272615
776,633,0.8157216494845361,91.56616113744076,1.1964290907604087,0.2898089171974522,0.1019108280254777,7,3,0.1990521327014218,16,2.527646129541864,Q5U5R9,Q5U5R9,,HECTD2,False,776,1208.0,-0.0088508427061763,-0.004862892945257,0.0033112582781456,0.0,1775.0,2.407369903063662,2.5167286,0.8929577464788733,0.3070422535211267,,10,0.07266982622432859,0.30817922949790955,5.399069554480478,0.12285648544963078,0.6633107101615754
475,412,0.8673684210526316,90.3664563106796,1.3462548394703904,0.2628865979381443,0.056701030927835,4,0,0.1941747572815534,15,3.640776699029126,Q5VT98,Q5VT98,,PRAMEF20,False,475,1090.0,-0.2565497277585208,-0.2411867183831063,0.0623853211009174,0.0009174311926605,1775.0,0.0116940327774647,0.0,0.0028169014084507,0.0,,13,0.1650485436893204,0.3821875751018524,6.0531222134119105,0.20458466344340825,1.2383759708126942
474,333,0.7025316455696202,87.78345345345346,1.527629747697169,0.2466666666666666,0.0933333333333333,5,1,0.2162162162162162,17,5.105105105105105,Q5VTA0,Q5VTA0,,PRAMEF17,False,474,74.0,0.048997636162678,0.0400550768095233,0.0,0.0,1775.0,0.0014559845346478,0.0,0.0,0.0,,13,0.1891891891891892,0.4359329044818878,5.436217728167602,0.1802944210263009,0.9801197278728905
566,164,0.2897526501766784,88.80865853658537,2.171515094593522,0.4160583941605839,0.0802919708029197,9,4,0.1219512195121951,4,2.4390243902439024,Q5VTB9,Q5VTB9,,RNF220,False,566,1208.0,0.0029876060468864,0.0069436193156654,0.0024834437086092,0.0,1775.0,5.750777326366197,5.768822,1.0,0.9988732394366198,,5,0.10975609756097561,0.5,0.0,0.3578071539153378,0.0
975,713,0.7312820512820513,86.23290322580645,3.532711760534079,0.3441176470588235,0.0573529411764705,24,20,0.0813464235624123,8,1.1220196353436185,Q5VTR2,Q5VTR2,,RNF20,False,975,1208.0,-0.7334622767192078,-0.7208609029612998,0.8725165562913907,0.119205298013245,1775.0,4.404266126422535,4.4599104,1.0,0.9628169014084508,,3,0.012622720897615708,0.5,0.0,0.07738304960682163,0.0
321,190,0.5919003115264797,90.70500000000004,1.7934242874859967,0.3484848484848485,0.1363636363636363,6,2,0.1894736842105263,21,11.052631578947368,Q5VVX9,Q5VVX9,,UBE2U,False,321,1208.0,0.0178561951716061,0.0215093886209584,0.0057947019867549,0.0,1775.0,0.03086379944,0.0,0.0033802816901408,0.0,,4,0.12105263157894737,0.5,0.0,0.03291636535866856,0.0
479,413,0.8622129436325678,90.04276029055691,1.3814197500755565,0.3019801980198019,0.0792079207920792,7,2,0.1888619854721549,26,6.2953995157385,Q5VWM3,Q5VWM3,,PRAMEF18,False,479,1047.0,-0.2566375169972404,-0.253487646057309,0.1356255969436485,0.0009551098376313,1775.0,0.0014922813814084,0.0,0.0,0.0,,14,0.15012106537530268,0.4030739367008209,6.252050289129479,0.1746394448898533,1.091854591917019
474,419,0.8839662447257384,91.51756563245824,1.3595495227636525,0.2669902912621359,0.0533980582524271,6,2,0.1718377088305489,15,3.579952267303103,Q5VWM4,Q5VWM4,,PRAMEF8,False,474,,,,,,1775.0,0.0260963079740845,0.0,0.0056338028169014,0.0011267605633802,,13,0.15513126491646778,0.3885190486907959,5.976955114320037,0.2068056429344921,1.236068045207556
474,384,0.810126582278481,89.82171875,1.3807839878074768,0.2857142857142857,0.1371428571428571,4,0,0.1875,10,2.604166666666667,Q5VWM6,Q5VWM6,,PRAMEF13,False,474,,,,,,1775.0,0.0059572605070422,0.0,0.0005633802816901,0.0,,15,0.16145833333333334,0.3805709481239319,7.006990578856242,0.199428719865146,1.3973951612484385
476,402,0.8445378151260504,91.03004975124378,1.3485558982478116,0.2564102564102564,0.0769230769230769,3,0,0.1691542288557214,8,1.9900497512437807,Q5VXH4,Q5VXH4,,PRAMEF6,False,476,,,,,,1775.0,0.0100021436287323,0.0,0.0016901408450704,0.0,,13,0.19154228855721392,0.3665446639060974,6.245492662950264,0.17365966456493587,1.084590160890711
474,411,0.8670886075949367,91.874501216545,1.3415152719871477,0.2536585365853658,0.0536585365853658,5,1,0.1849148418491484,20,4.866180048661801,Q5VXH5,Q5VXH5,,PRAMEF7,False,474,,,,,,1775.0,0.0135089860191549,0.0,0.0028169014084507,0.0,,13,0.1654501216545012,0.3960058391094208,5.888125402876714,0.18150873235066498,1.0687461777979008
539,385,0.7142857142857143,92.32864935064934,1.2828602367641444,0.3114754098360656,0.0710382513661202,8,2,0.1896103896103896,13,3.3766233766233764,Q8N531,Q8N531,,FBXL6,False,539,1208.0,-0.2008145957588605,-0.1935761647725009,0.0331125827814569,0.0,1775.0,4.264692360394366,4.2450924,1.0,0.9447887323943662,,15,0.15844155844155844,0.3307340443134308,7.741396614510747,0.2691771265544218,2.0838068962121317
