n_residues_total,n_residues_confident,confident_fraction,mean_plddt,compactness,hp_surf_frac,arom_surf_frac,max_hp_patch,n_hp_patches_5plus,pocket_density,max_pocket_cluster,pocket_cluster_per_100res,accession,Entry,intended_gene,gene_symbol,protac_validated,Length,n_lines_screened,mean_chronos,median_chronos,frac_essential,frac_strongly_essential,n_lines_expression,mean_log_tpm,median_log_tpm,frac_expressed,frac_high_expressed
627,621,0.9904306220095693,94.73312399355878,1.2846333247520336,0.2694805194805195,0.12012987012987013,11,4,0.20128824476650564,20,3.22061191626409,Q9UK73,Q9UK73,FEM1B,FEM1B,True,627,1208.0,-0.12255414527348737,-0.1162076583787134,0.0173841059602649,0.0008278145695364238,1775.0,4.357363809802817,4.3846025,1.0,0.9650704225352112
624,564,0.9038461538461539,95.18544326241134,1.367816613290078,0.2842465753424658,0.10273972602739725,7,1,0.22340425531914893,73,12.943262411347517,Q14145,Q14145,KEAP1,KEAP1,True,624,1208.0,-0.16158623402101607,-0.13783335841661126,0.19370860927152317,0.04718543046357616,1775.0,5.520664185577465,5.5424685,0.9994366197183099,0.9971830985915493
190,83,0.4368421052631579,91.05734939759036,2.3596818248358535,0.35384615384615387,0.09230769230769231,8,2,0.12048192771084337,3,3.614457831325301,P78317,P78317,RNF4,RNF4,True,190,1208.0,-0.6576528532779721,-0.6163503719395789,0.6332781456953642,0.1630794701986755,1775.0,5.428663789577465,5.475497,1.0,0.9977464788732394
497,347,0.6981891348088531,88.21541786743516,1.514245677056585,0.3,0.09523809523809523,5,2,0.21613832853025935,14,4.034582132564841,P98170,P98170,XIAP,XIAP,True,497,1208.0,-0.02526711295246879,-0.012295668764479399,0.01076158940397351,0.0024834437086092716,1775.0,3.9512723396090137,3.9833128,0.9988732394366198,0.9154929577464789
491,187,0.38085539714867617,91.46983957219251,1.8777183342742336,0.373015873015873,0.10317460317460317,6,2,0.21390374331550802,22,11.76470588235294,Q00987,Q00987,MDM2,MDM2,True,491,1208.0,-0.6467857232535293,-0.42644007638114395,0.3841059602649007,0.2251655629139073,1775.0,5.259384478197183,5.0917296,1.0,0.9954929577464788
442,378,0.8552036199095022,93.48293650793651,1.1520853552783161,0.2727272727272727,0.0748663101604278,6,1,0.1984126984126984,23,6.084656084656085,Q96SW2,Q96SW2,CRBN,CRBN,True,442,1208.0,0.042081823836726456,0.0393590549277919,0.0016556291390728477,0.0,1775.0,4.827311087774648,4.8473606,1.0,0.9932394366197184
600,404,0.6733333333333333,92.84356435643565,1.1949236326820822,0.3181818181818182,0.10606060606060606,7,2,0.22277227722772278,27,6.683168316831684,Q66K64,Q66K64,DCAF15,DCAF15,True,600,1208.0,-0.24095090212221973,-0.20120976997701273,0.11175496688741722,0.011589403973509934,1775.0,4.407120699380282,4.406863,1.0,0.9740845070422535
213,155,0.7276995305164319,96.9836129032258,1.4022010299588898,0.36633663366336633,0.07920792079207921,5,1,0.23225806451612904,20,12.903225806451612,P40337,P40337,VHL,VHL,True,213,1208.0,-0.8089743568617448,-0.8120675461084389,0.7698675496688742,0.34105960264900664,1775.0,4.625837558878874,4.678382,0.9983098591549295,0.9628169014084507
1507,1057,0.7013934970139349,90.49809839167455,1.3147555910415776,0.2967741935483871,0.09247311827956989,6,2,0.21286660359508042,20,1.8921475875118259,Q9Y4B6,Q9Y4B6,DCAF1,DCAF1,True,1507,74.0,-2.025802010939442,-1.9834473902803096,1.0,0.972972972972973,1775.0,3.484927249239437,3.5346096,0.9988732394366198,0.7994366197183098
228,186,0.8157894736842105,91.04209677419355,1.8101581240536078,0.3383458646616541,0.08270676691729323,7,4,0.17204301075268819,20,10.75268817204301,Q9Y508,Q9Y508,RNF114,RNF114,True,228,1208.0,-0.033366775370548954,-0.02998632366770755,0.0024834437086092716,0.0,1775.0,6.143770786816901,6.148377,1.0,1.0
604,426,0.7052980132450332,87.36380281690141,1.4910219064526784,0.2974137931034483,0.05172413793103448,5,1,0.22065727699530516,14,3.286384976525822,Q13489,Q13489,BIRC3,BIRC3,True,604,1208.0,0.04678370866777255,0.046591250948781554,0.0024834437086092716,0.0,1775.0,2.9086739799847887,2.5832615,0.7397183098591549,0.4456338028169014
618,467,0.7556634304207119,88.916573875803,1.2694867960301188,0.2857142857142857,0.046218487394957986,5,1,0.23126338329764454,15,3.2119914346895073,Q13490,Q13490,BIRC2,BIRC2,True,618,1208.0,-0.22860658685788462,-0.18465332492675465,0.12003311258278146,0.014072847682119206,1775.0,5.152856780788732,5.1014442,0.9988732394366198,0.9938028169014085
741,235,0.31713900134952766,85.01353191489362,1.6759209358273903,0.373134328358209,0.08208955223880597,18,3,0.22127659574468084,21,8.936170212765958,Q96JG8,Q96JG8,,MAGED4,False,741,,,,,,1775.0,1.6325045665712676,1.1119261,0.5092957746478873,0.2647887323943662
436,394,0.9036697247706422,95.45837563451778,1.252362626797608,0.26288659793814434,0.11855670103092783,7,2,0.11421319796954314,8,2.030456852791878,Q96IG2,Q96IG2,,FBXL20,False,436,1208.0,-0.001220844597628428,-0.0021410101918302,0.0008278145695364238,0.0,1775.0,2.434787895971831,2.4220958,0.9909859154929578,0.1645070422535211
178,116,0.651685393258427,91.7687068965517,2.628270240657089,0.3627450980392157,0.06862745098039216,13,3,0.12931034482758622,7,6.0344827586206895,Q96HR3,Q96HR3,,MED30,False,178,1208.0,-1.9994168735302937,-1.9781262109536564,0.9983443708609272,0.9892384105960265,1775.0,4.705511568169014,4.6857886,1.0,0.9769014084507043
259,243,0.9382239382239382,94.48773662551442,1.5630371211688765,0.23357664233576642,0.021897810218978103,6,1,0.1646090534979424,10,4.11522633744856,Q96GG9,Q96GG9,,DCUN1D1,False,259,1208.0,-0.05773197847896691,-0.049400016661455,0.0074503311258278145,0.0,1775.0,4.6098571335774645,4.6266146,1.0,0.984225352112676
506,403,0.7964426877470355,92.36230769230768,2.441355449863318,0.31932773109243695,0.04201680672268908,6,3,0.24069478908188585,28,6.9478908188585615,Q96JB5,Q96JB5,,CDK5RAP3,False,506,1208.0,-0.2380382969052794,-0.22551979649385875,0.09933774834437085,0.0016556291390728477,1775.0,6.650629476394365,6.6383348,1.0,1.0
192,85,0.4427083333333333,87.73788235294118,2.564142564054316,0.5428571428571428,0.15714285714285714,21,2,0.21176470588235294,8,9.411764705882353,Q96GF1,Q96GF1,,RNF185,False,192,1208.0,-0.030544344993035998,-0.030355742814609,0.0016556291390728477,0.0,1775.0,4.161190101239437,4.15112,1.0,0.9701408450704225
393,371,0.9440203562340967,91.92175202156335,1.9535000130115177,0.3686274509803922,0.0784313725490196,15,4,0.24528301886792453,18,4.8517520215633425,Q96G75,Q96G75,,RMND5B,False,393,1208.0,-0.007734542889301197,-0.00987414124603465,0.0,0.0,1775.0,4.356674261030986,4.399793,0.9988732394366198,0.9577464788732394
903,641,0.7098560354374308,88.81728549141967,1.1975757459162433,0.2926829268292683,0.09146341463414634,7,4,0.22464898595943839,28,4.368174726989079,Q96J02,Q96J02,,ITCH,False,903,1208.0,0.01930343199497243,0.0245353724930862,0.005794701986754967,0.0,1775.0,4.829309482309859,4.836131,1.0,0.9819718309859155
459,241,0.5250544662309368,91.68551867219917,1.801287813731262,0.34591194968553457,0.0880503144654088,6,2,0.17842323651452283,10,4.149377593360995,Q96BH1,Q96BH1,,RNF25,False,459,1208.0,-0.17394917234985457,-0.12506438871941344,0.076158940397351,0.008278145695364239,1775.0,4.313168106873239,4.3231106,1.0,0.9814084507042253
942,383,0.40658174097664546,92.51368146214101,1.012483538278632,0.2647058823529412,0.08088235294117647,4,0,0.18798955613577023,28,7.310704960835509,Q96JK2,Q96JK2,,DCAF5,False,942,1208.0,-0.026541178868933552,-0.0189695117437909,0.004966887417218543,0.0008278145695364238,1775.0,4.195877177633802,4.1972914,1.0,0.9701408450704225
268,173,0.6455223880597015,91.14554913294798,2.295316868141827,0.4025974025974026,0.06493506493506493,13,5,0.19653179190751446,11,6.358381502890173,Q96G25,Q96G25,,MED8,False,268,1208.0,-1.2743984391537622,-1.2677491984180198,0.9850993377483444,0.8062913907284768,1775.0,5.140911168619719,5.1412897,1.0,0.9988732394366198
1562,1151,0.7368758002560819,89.26069504778454,1.1032392058069096,0.2725563909774436,0.06578947368421052,8,6,0.18679409209383144,33,2.8670721112076456,Q96JN8,Q96JN8,,NEURL4,False,1562,1208.0,-0.060235740584630174,-0.057238487435232854,0.0041390728476821195,0.0,1775.0,4.054330189329577,4.0827537,0.9994366197183099,0.9019718309859155
617,602,0.9756888168557536,94.88182724252492,1.282968594837575,0.2636986301369863,0.11301369863013698,6,2,0.19601328903654486,32,5.3156146179401995,Q96JP0,Q96JP0,,FEM1C,False,617,1208.0,-0.08578655152819023,-0.07430886488463559,0.022350993377483443,0.0,1775.0,3.2929244906873243,3.2711103,0.9988732394366198,0.6664788732394367
570,132,0.23157894736842105,80.75500000000001,2.01284461477204,0.4,0.13636363636363635,13,3,0.22727272727272727,6,4.545454545454546,Q96JP5,Q96JP5,,ZFP91,False,570,1208.0,-0.11530725956377263,-0.1054971991412523,0.014900662251655629,0.0008278145695364238,1775.0,5.0161914571830994,5.0991898,1.0,0.984225352112676
258,196,0.7596899224806202,85.30051020408165,1.6376408168247767,0.5547445255474452,0.13138686131386862,25,3,0.22448979591836735,20,10.204081632653061,Q96K19,Q96K19,,RNF170,False,258,1208.0,-0.014779492398449123,-0.0094176773745328,0.0008278145695364238,0.0,1775.0,3.6782061111042257,3.7163434,0.9977464788732394,0.8264788732394366
538,414,0.7695167286245354,95.18801932367151,1.3708583632522515,0.32547169811320753,0.08018867924528301,14,2,0.21014492753623187,23,5.555555555555555,Q96KE9,Q96KE9,,BTBD6,False,538,1208.0,-0.03956975345442447,-0.03083926173985045,0.013245033112582781,0.0,1775.0,4.378833205592112,4.657897,0.9487323943661972,0.8940845070422535
414,375,0.9057971014492754,91.68799999999997,1.463962312839969,0.30288461538461536,0.11538461538461539,12,3,0.18666666666666668,26,6.933333333333333,Q96L50,Q96L50,,LRR1,False,414,1208.0,-2.462529984132231,-2.4669137862344943,1.0,0.9975165562913907,1775.0,4.836890309126761,4.897623,1.0,0.9819718309859155
638,509,0.7978056426332288,91.21129666011788,2.227060277613151,0.39710144927536234,0.07246376811594203,14,8,0.206286836935167,25,4.911591355599214,Q96LD4,Q96LD4,,TRIM47,False,638,1208.0,-0.07597527239283652,-0.08340574555853614,0.01076158940397351,0.0,1775.0,3.48601086076,3.7838757,0.8856338028169014,0.6647887323943662
201,150,0.746268656716418,97.43966666666665,1.28913285474103,0.3373493975903614,0.04819277108433735,5,1,0.22,11,7.333333333333333,Q96LR5,Q96LR5,,UBE2E2,False,201,1208.0,0.06062068776171531,0.0635384859659584,0.0,0.0,1775.0,3.9206925718816903,4.3114305,0.9064788732394367,0.8067605633802817
699,96,0.13733905579399142,92.46708333333333,4.290717658401291,0.3368421052631579,0.05263157894736842,9,2,0.10416666666666667,3,3.125,Q96M02,Q96M02,,C10orf90,False,699,,,,,,,,,,
780,484,0.6205128205128205,91.29245867768596,1.273341178894043,0.32209737827715357,0.0749063670411985,7,4,0.25206611570247933,36,7.43801652892562,Q96JM7,Q96JM7,,L3MBTL3,False,780,1208.0,0.09320895302947928,0.09171735614091994,0.0016556291390728477,0.0,1775.0,2.3625261541757747,2.3725314,0.923943661971831,0.2343661971830986
418,375,0.8971291866028708,93.62231999999999,1.1938750693664275,0.25882352941176473,0.08823529411764706,5,1,0.18133333333333335,38,10.133333333333333,Q96FA3,Q96FA3,,PELI1,False,418,1208.0,0.04894046889042648,0.0524455401506769,0.0,0.0,1775.0,3.226583512749859,3.1526425,0.9774647887323944,0.5504225352112676
271,249,0.9188191881918819,95.94477911646587,1.164984197618475,0.2695035460992908,0.07801418439716312,7,2,0.1646586345381526,15,6.024096385542169,Q96FW1,Q96FW1,,OTUB1,False,271,1208.0,-0.1556759623555752,-0.14204031527275615,0.04304635761589404,0.0008278145695364238,1775.0,6.043032580676057,6.053235,1.0,1.0
294,274,0.9319727891156463,95.01470802919708,1.3645980888590483,0.32679738562091504,0.10457516339869281,7,2,0.19708029197080293,18,6.569343065693431,Q96DX5,Q96DX5,,ASB9,False,294,1208.0,0.061779325518343274,0.0609216237142259,0.0008278145695364238,0.0,1775.0,1.665768132715493,1.3638215,0.5645070422535211,0.20788732394366197
446,411,0.92152466367713,90.96102189781021,1.6060878772250893,0.2783018867924528,0.10849056603773585,7,2,0.1897810218978102,18,4.37956204379562,Q96BQ3,Q96BQ3,,TRIM43,False,446,1047.0,-0.3292314070345539,-0.3140623240987666,0.15377268385864373,0.0,1775.0,0.07967732541577466,0.0,0.017464788732394366,0.005633802816901409
441,200,0.45351473922902497,87.9743,1.501399140117349,0.2867647058823529,0.10294117647058823,4,0,0.195,11,5.5,Q96BR9,Q96BR9,,ZBTB8A,False,441,1208.0,-0.08265368152989198,-0.0761068010093229,0.0024834437086092716,0.0,1775.0,2.135856001350986,2.2116694,0.9149295774647888,0.1132394366197183
935,723,0.7732620320855615,92.0242876901798,1.7750408929471597,0.36774193548387096,0.035483870967741936,10,4,0.20193637621023514,32,4.426002766251729,Q96C12,Q96C12,,ARMC5,False,935,1208.0,-0.3959709917234694,-0.34805329815062624,0.29304635761589404,0.05132450331125828,1775.0,2.4786773452225352,2.4462614,0.9954929577464788,0.17971830985915493
298,158,0.5302013422818792,94.94367088607595,1.22432718038044,0.3404255319148936,0.0851063829787234,5,1,0.25949367088607594,35,22.151898734177212,Q96CA5,Q96CA5,,BIRC7,False,298,1208.0,0.15762686208254198,0.15824852084519414,0.0,0.0,1775.0,0.548835164592676,0.055155385,0.12,0.061971830985915494
374,357,0.9545454545454546,93.17408963585433,1.1867037811937458,0.4065934065934066,0.08791208791208792,6,5,0.21288515406162464,26,7.282913165266107,Q96CD0,Q96CD0,,FBXL8,False,374,1208.0,-0.07264803675799232,-0.07710852801963561,0.005794701986754967,0.0,1775.0,2.7283363431464784,2.7211626,0.9645070422535211,0.37577464788732395
875,555,0.6342857142857142,90.74706306306305,1.4420824254861564,0.35018050541516244,0.08664259927797834,9,1,0.24504504504504504,69,12.432432432432433,Q96CT2,Q96CT2,,KLHL29,False,875,1208.0,0.07107787340344804,0.0684237155337695,0.0,0.0,1775.0,1.719509470512676,1.7980174,0.6895774647887324,0.1504225352112676
325,200,0.6153846153846154,93.4483,1.6857147939357842,0.3076923076923077,0.1111111111111111,6,1,0.16,10,5.0,Q96CX2,Q96CX2,,KCTD12,False,325,1208.0,0.05435453976416653,0.05043260880837375,0.0,0.0,1775.0,2.3730634936061974,2.3291953,0.7346478873239437,0.36225352112676057
192,107,0.5572916666666666,82.45981308411216,2.0748682942055487,0.5942028985507246,0.15942028985507245,21,3,0.16822429906542055,8,7.476635514018691,Q96D59,Q96D59,,RNF183,False,192,1208.0,-0.010391356042346183,-0.01078258712580925,0.0,0.0,1775.0,0.2846084937430986,0.062362142,0.07323943661971831,0.02140845070422535
110,59,0.5363636363636364,90.78694915254236,3.3481428435373406,0.43103448275862066,0.1206896551724138,9,3,0.06779661016949153,1,1.694915254237288,Q96DE5,Q96DE5,,ANAPC16,False,110,1208.0,-0.017454545193836667,-0.0093847584401194,0.0041390728476821195,0.0,1775.0,6.390307443943661,6.381197,0.9994366197183099,0.9994366197183099
576,469,0.8142361111111112,94.96270788912581,1.0983802266651166,0.330188679245283,0.0660377358490566,5,1,0.1812366737739872,14,2.9850746268656714,Q96DX4,Q96DX4,,RSPRY1,False,576,1208.0,-0.044262416778081626,-0.04402437332074275,0.005794701986754967,0.0,1775.0,4.468074341521127,4.480504,1.0,0.9774647887323944
344,198,0.5755813953488372,91.36641414141414,2.1037071671414593,0.3246753246753247,0.06493506493506493,15,2,0.18686868686868688,13,6.565656565656567,Q96DX7,Q96DX7,,TRIM44,False,344,1208.0,0.07133103590960786,0.0783586997594469,0.0016556291390728477,0.0,1775.0,4.55973155171662,4.6659894,0.9864788732394366,0.9126760563380282
270,243,0.9,92.35444444444444,1.5528279418711868,0.5864197530864198,0.19753086419753085,32,3,0.25102880658436216,54,22.22222222222222,Q96FV3,Q96FV3,,TSPAN17,False,270,1208.0,-0.03494213767736254,-0.0286888901315771,0.0074503311258278145,0.0,1775.0,4.63237125684507,4.7773094,1.0,0.948169014084507
360,306,0.85,94.64816993464052,1.0690858516453872,0.304635761589404,0.09933774834437085,4,0,0.19281045751633988,40,13.071895424836603,Q96EE3,Q96EE3,,SEH1L,False,360,1208.0,-1.167940762329018,-1.168240582955984,0.9610927152317881,0.695364238410596,1775.0,5.155062951098591,5.1494546,1.0,0.9960563380281691
278,250,0.8992805755395683,93.97772,1.377463704038776,0.3888888888888889,0.0873015873015873,8,2,0.224,21,8.4,Q96EF6,Q96EF6,,FBXO17,False,278,1208.0,0.016369846960103622,0.01685127548435935,0.004966887417218543,0.0,1775.0,2.7673101618991547,3.3396435,0.6794366197183098,0.543661971830986
262,208,0.7938931297709924,91.365,1.2063038837756295,0.3942307692307692,0.07692307692307693,7,2,0.25,43,20.673076923076923,Q96EH8,Q96EH8,,NEURL3,False,262,74.0,0.13025614838982175,0.15376038426894212,0.02702702702702703,0.0,1775.0,0.6431656279921127,0.1569182,0.2140845070422535,0.05014084507042253
343,225,0.6559766763848397,89.26902222222222,1.5016487121582032,0.3541666666666667,0.13194444444444445,10,4,0.19111111111111112,26,11.555555555555555,Q96M61,Q96M61,,MAGEB18,False,343,1208.0,0.0380826337304883,0.04045780188707305,0.0,0.0,1775.0,0.025653409882816905,0.0,0.003943661971830986,0.0005633802816901409
664,412,0.6204819277108434,92.25055825242717,1.286021896443935,0.3064516129032258,0.0846774193548387,6,2,0.20145631067961164,17,4.12621359223301,Q96EP1,Q96EP1,,CHFR,False,664,1208.0,-0.06963613876816513,-0.0738671309954132,0.0041390728476821195,0.0,1775.0,3.7983125687425354,4.1467123,0.9076056338028169,0.8129577464788732
232,162,0.6982758620689655,89.85327160493829,1.7451567609545513,0.3333333333333333,0.11711711711711711,8,2,0.19135802469135801,6,3.7037037037037033,Q96EQ8,Q96EQ8,,RNF125,False,232,1208.0,0.03673923581679765,0.035413960377940354,0.0008278145695364238,0.0,1775.0,1.2328474719988733,0.80236197,0.4388732394366197,0.10197183098591549
444,260,0.5855855855855856,88.05630769230768,1.5076214652813555,0.5408805031446541,0.13836477987421383,22,4,0.2653846153846154,30,11.538461538461538,Q96EX2,Q96EX2,,RNFT2,False,444,1208.0,-0.1157119090984695,-0.11252279137731991,0.0024834437086092716,0.0008278145695364238,1775.0,1.7736751803267605,1.6584995,0.7690140845070422,0.1295774647887324
468,429,0.9166666666666666,91.7574825174825,2.6741197385261817,0.38305084745762713,0.04406779661016949,25,7,0.1655011655011655,11,2.564102564102564,Q96F44,Q96F44,,TRIM11,False,468,1208.0,-0.02296530353076775,-0.018195763490561602,0.0074503311258278145,0.0008278145695364238,1775.0,4.071659362366197,4.0711966,1.0,0.967887323943662
317,254,0.8012618296529969,88.60881889763779,1.3400840731807389,0.37777777777777777,0.06666666666666667,6,4,0.22440944881889763,20,7.874015748031496,Q96BM1,Q96BM1,,ANKRD9,False,317,1208.0,-0.019599058672260965,-0.0172709112170004,0.0033112582781456954,0.0,1775.0,2.903086523597183,2.9780548,0.9459154929577465,0.48619718309859156
646,379,0.586687306501548,88.07559366754616,1.3870946510723978,0.33183856502242154,0.05829596412556054,9,4,0.17150395778364116,36,9.498680738786279,Q96FN5,Q96FN5,,KIF12,False,646,1208.0,0.020812617652578625,0.022439418987211,0.0,0.0,1775.0,0.7266200413346479,0.112203695,0.20901408450704226,0.0828169014084507
1072,825,0.769589552238806,87.38335757575756,1.7367087002702757,0.3058350100603622,0.07645875251509054,12,5,0.18303030303030304,25,3.0303030303030303,Q96EP0,Q96EP0,,RNF31,False,1072,1208.0,-0.18112071959058956,-0.1467447233728375,0.10596026490066225,0.009933774834437087,1775.0,4.623667268845071,4.652062,1.0,0.9830985915492958
755,555,0.7350993377483444,94.15473873873873,1.3751141809128435,0.29411764705882354,0.07958477508650519,10,2,0.21621621621621623,32,5.7657657657657655,Q96PQ7,Q96PQ7,,KLHL5,False,755,1208.0,0.09920711846280156,0.10046765135766315,0.0008278145695364238,0.0,1775.0,4.733698464477747,4.8838797,0.9723943661971831,0.8907042253521127
604,566,0.9370860927152318,93.20005300353357,1.402335090037965,0.2608695652173913,0.10869565217391304,9,1,0.21201413427561838,48,8.480565371024735,Q96M94,Q96M94,,KLHL15,False,604,1208.0,0.030994867746355945,0.03573171621486225,0.0008278145695364238,0.0,1775.0,2.638122456724507,2.6063948,0.984225352112676,0.3205633802816901
259,196,0.7567567567567568,91.72040816326533,1.6522735868181502,0.36496350364963503,0.10218978102189781,6,2,0.20918367346938777,9,4.591836734693878,Q9BSM1,Q9BSM1,,PCGF1,False,259,1208.0,-0.038397190258916726,-0.029005555280615852,0.03145695364238411,0.0016556291390728477,1775.0,4.648704097802818,4.619865,1.0,0.9971830985915493
522,448,0.8582375478927203,93.84151785714286,1.112582057218942,0.3593073593073593,0.09956709956709957,7,3,0.20089285714285715,34,7.5892857142857135,Q9BQ87,Q9BQ87,,TBL1Y,False,522,383.0,0.5222223317713715,0.511590010628836,0.0,0.0,1775.0,0.06172726289802817,0.0,0.018591549295774647,0.0016901408450704226
382,367,0.9607329842931938,95.78185286103543,1.0686150720317877,0.30177514792899407,0.07100591715976332,7,2,0.23160762942779292,47,12.806539509536785,Q9BQ90,Q9BQ90,,KLHDC3,False,382,1208.0,-0.04108390535538127,-0.0334267361268885,0.014900662251655629,0.0008278145695364238,1775.0,5.642024490929577,5.6415663,1.0,0.9994366197183099
342,306,0.8947368421052632,95.69699346405228,1.029199551283502,0.30158730158730157,0.07142857142857142,4,0,0.20588235294117646,31,10.130718954248366,Q9BQA1,Q9BQA1,,WDR77,False,342,1208.0,-1.3540080351896422,-1.3262965769320143,0.9784768211920529,0.7938741721854304,1775.0,5.05376664,5.0913954,1.0,0.9938028169014085
285,225,0.7894736842105263,91.81746666666666,1.2599815368652343,0.43243243243243246,0.0990990990990991,9,3,0.25333333333333335,31,13.777777777777779,Q9BR09,Q9BR09,,NEURL2,False,285,1208.0,0.0213187568340208,0.0190663971788952,0.0,0.0,1775.0,1.1752898737543662,1.1024969,0.5673239436619718,0.007323943661971831
755,573,0.7589403973509934,87.77630017452007,1.9420517467658576,0.39154929577464787,0.0647887323943662,28,7,0.18673647469458987,18,3.1413612565445024,Q9BRZ2,Q9BRZ2,,TRIM56,False,755,1208.0,0.005207150701537934,0.005013953209506599,0.0016556291390728477,0.0,1775.0,3.400011442663662,3.511683,0.963943661971831,0.723943661971831
74,39,0.527027027027027,83.12051282051281,2.8863282364655665,0.5263157894736842,0.07894736842105263,7,2,0.10256410256410256,2,5.128205128205128,Q9BS18,Q9BS18,,ANAPC13,False,74,1208.0,-0.5987989660655866,-0.5885017773800435,0.6548013245033113,0.061258278145695365,1775.0,6.486449289126761,6.494849,1.0,1.0
475,237,0.49894736842105264,93.55181434599156,1.7294553155150294,0.2949640287769784,0.09352517985611511,6,2,0.21518987341772153,12,5.063291139240507,Q9BSF8,Q9BSF8,,BTBD10,False,475,1208.0,-0.08671152288769764,-0.08142488065372415,0.009933774834437087,0.0,1775.0,4.6660676232112674,4.6731043,1.0,0.992112676056338
452,397,0.8783185840707964,90.90521410579343,1.6332208370449588,0.2651162790697674,0.08837209302325581,5,1,0.20906801007556675,20,5.037783375314862,Q9BSJ1,Q9BSJ1,,TRIM51,False,452,,,,,,1775.0,0.2254020556484507,0.0,0.06366197183098592,0.036619718309859155
669,586,0.8759342301943199,94.77858361774744,1.287045181593634,0.27075812274368233,0.10108303249097472,9,4,0.20136518771331058,32,5.460750853242321,Q9BSK4,Q9BSK4,,FEM1A,False,669,1208.0,-0.19415687369288348,-0.18296242903424914,0.052152317880794705,0.0008278145695364238,1775.0,1.7553306429887323,1.7333109,0.9070422535211268,0.015774647887323943
405,277,0.6839506172839506,85.27036101083033,1.6749444129105158,0.34104046242774566,0.03468208092485549,9,3,0.19133574007220217,9,3.2490974729241873,Q9BSL1,Q9BSL1,,UBAC1,False,405,1208.0,0.05109731139653273,0.0484509275980503,0.0008278145695364238,0.0,1775.0,4.739856523774647,4.722253,1.0,0.9960563380281691
221,85,0.38461538461538464,84.4134117647059,1.8294162563405028,0.7068965517241379,0.29310344827586204,21,3,0.3411764705882353,26,30.58823529411765,Q9BT67,Q9BT67,,NDFIP1,False,221,1208.0,0.02832771781112347,0.0255828291605089,0.0,0.0,1775.0,5.5375646358518305,5.6720405,0.9909859154929578,0.9752112676056338
180,76,0.4222222222222222,88.01539473684211,2.4035676943835282,0.5178571428571429,0.21428571428571427,16,1,0.18421052631578946,8,10.526315789473683,Q99942,Q99942,,RNF5,False,180,1207.0,-0.10287397723495835,-0.0906426118833058,0.006628003314001657,0.0,1775.0,5.659745565366197,5.694532,0.9983098591549295,0.9971830985915493
237,194,0.8185654008438819,96.65427835051547,1.361427172313397,0.2222222222222222,0.08333333333333333,4,0,0.19072164948453607,12,6.185567010309279,Q9BTE7,Q9BTE7,,DCUN1D5,False,237,1208.0,-0.006683939426536625,-0.00421599981104845,0.0041390728476821195,0.0,1775.0,6.19130520997183,6.205758,0.9994366197183099,0.9983098591549295
135,128,0.9481481481481482,95.050703125,2.772909947188488,0.375,0.08035714285714286,13,4,0.203125,12,9.375,Q9BTT4,Q9BTT4,,MED10,False,135,1208.0,-0.494014895617823,-0.46749410584910156,0.4644039735099338,0.07119205298013245,1775.0,5.888703567380281,5.873346,1.0,0.9994366197183099
403,87,0.21588089330024815,89.3703448275862,2.240158537207976,0.4027777777777778,0.1388888888888889,12,2,0.16091954022988506,10,11.494252873563218,Q9BUL5,Q9BUL5,,PHF23,False,403,1208.0,-0.22576385140280275,-0.20875371397389156,0.09519867549668874,0.0024834437086092716,1775.0,5.09577592,5.1513395,1.0,0.9954929577464788
548,338,0.6167883211678832,93.72899408284023,1.0168877258059927,0.3795620437956204,0.08759124087591241,6,2,0.19230769230769232,47,13.905325443786982,Q9BUR4,Q9BUR4,,WRAP53,False,548,1208.0,-0.19367278846736297,-0.18965116902480406,0.05380794701986755,0.0008278145695364238,1775.0,3.5315810859154926,3.5417874,0.9960563380281691,0.7628169014084507
470,457,0.9723404255319149,92.40919037199124,2.8936070497125126,0.369281045751634,0.0915032679738562,19,7,0.20568927789934355,14,3.063457330415755,Q9BUZ4,Q9BUZ4,,TRAF4,False,470,1208.0,-0.1831409592520696,-0.1772720489532995,0.03394039735099338,0.0008278145695364238,1775.0,5.696084537802817,5.740739,1.0,0.9909859154929578
311,117,0.3762057877813505,82.39940170940169,2.060739174459329,0.43820224719101125,0.11235955056179775,11,3,0.1794871794871795,8,6.837606837606838,Q9BV68,Q9BV68,,RNF126,False,311,1208.0,-0.0324514274540164,-0.0265096440123507,0.01076158940397351,0.0,1775.0,4.482695984394367,4.576679,1.0,0.9538028169014084
475,436,0.9178947368421052,91.77864678899083,2.3238685499715137,0.33986928104575165,0.0784313725490196,17,9,0.20412844036697247,33,7.568807339449542,Q9BVG3,Q9BVG3,,TRIM62,False,475,1208.0,-0.01005136570223003,-0.0074961240144819,0.0024834437086092716,0.0,1775.0,1.9953598469408451,1.9120021,0.9329577464788732,0.09915492957746479
1158,686,0.5924006908462867,84.03026239067056,1.5026191695818043,0.315625,0.0625,6,3,0.22011661807580174,17,2.478134110787172,Q9BVR0,Q9BVR0,,HERC2P3,False,1158,,,,,,,,,,
102,51,0.5,77.84156862745098,3.0579537234492022,0.43137254901960786,0.1568627450980392,8,3,0.058823529411764705,3,5.88235294117647,Q9BW61,Q9BW61,,DDA1,False,102,1208.0,-0.36563308657366805,-0.34966394062446504,0.21274834437086093,0.009105960264900662,1775.0,5.285025374591549,5.341292,1.0,0.9971830985915493
469,286,0.6098081023454158,92.241993006993,4.443946434303086,0.3524904214559387,0.05747126436781609,16,7,0.11888111888111888,11,3.8461538461538463,Q9BWF2,Q9BWF2,,TRAIP,False,469,1208.0,-0.8282101379703306,-0.8152641789021617,0.8170529801324503,0.2955298013245033,1775.0,3.5666630616507042,3.6674495,0.9949295774647887,0.7763380281690141
255,215,0.8431372549019608,92.0525581395349,1.6864424105145486,0.3359375,0.125,6,2,0.2186046511627907,12,5.5813953488372094,Q9BQ13,Q9BQ13,,KCTD14,False,255,1208.0,-0.04231322690553094,-0.0401701869218292,0.0016556291390728477,0.0,1775.0,1.560368930768451,0.7351244,0.46704225352112677,0.2332394366197183
777,405,0.5212355212355212,88.98217283950618,1.3864323567889092,0.28699551569506726,0.11210762331838565,5,2,0.20987654320987653,31,7.654320987654321,Q99728,Q99728,,BARD1,False,777,1208.0,-0.5766790941296286,-0.5614852750239157,0.5836092715231788,0.08526490066225166,1775.0,3.078569985183098,3.1284914,0.9881690140845071,0.563943661971831
718,635,0.8844011142061281,92.7523307086614,0.9927019294370402,0.25263157894736843,0.08421052631578947,6,3,0.1700787401574803,15,2.3622047244094486,Q96ME1,Q96ME1,,FBXL18,False,718,1208.0,-0.1485715029000109,-0.13378119801857846,0.029801324503311258,0.004966887417218543,1775.0,2.449457234061972,2.4656925,0.976338028169014,0.2208450704225352
679,283,0.4167893961708395,89.88989399293287,1.2486688434538091,0.3221476510067114,0.0738255033557047,12,1,0.2332155477031802,10,3.53356890459364,Q96PX1,Q96PX1,,RNF157,False,679,1208.0,0.029575791865271744,0.02215874555192405,0.0,0.0,1775.0,2.0831372215887325,1.9514722,0.6659154929577464,0.31098591549295773
304,196,0.6447368421052632,90.20984693877551,1.428356715611049,0.3025210084033613,0.09243697478991597,5,2,0.23979591836734693,24,12.244897959183673,Q96MG7,Q96MG7,,NSMCE3,False,304,1208.0,-0.9487954240585458,-0.9353113550100202,0.9072847682119205,0.4105960264900662,1775.0,2.8797814449183097,2.8645527,0.9966197183098592,0.4084507042253521
357,283,0.7927170868347339,94.03494699646643,1.140843113991484,0.33088235294117646,0.08823529411764706,8,2,0.20141342756183744,15,5.30035335689046,Q96MG8,Q96MG8,,PCMTD1,False,357,1208.0,-0.114220126389205,-0.10631076069933645,0.027317880794701987,0.0,1775.0,4.3336595794366195,4.319589,0.9994366197183099,0.9554929577464789
289,214,0.740484429065744,94.01911214953273,1.7313951111758232,0.2926829268292683,0.13821138211382114,6,2,0.22897196261682243,13,6.074766355140187,Q96MP8,Q96MP8,,KCTD7,False,289,1208.0,-0.0367709212327603,-0.0309698397688929,0.0033112582781456954,0.0008278145695364238,1775.0,2.7109314830704228,2.7436075,0.9735211267605633,0.38422535211267606
663,546,0.8235294117647058,87.50849816849816,1.5819724557479262,0.5897435897435898,0.18518518518518517,42,15,0.3241758241758242,149,27.28937728937729,Q96MT1,Q96MT1,,RNF145,False,663,383.0,0.18377506608455746,0.1869643713555719,0.0,0.0,1775.0,6.031638228478873,6.0856543,0.9988732394366198,0.9926760563380281
727,245,0.33700137551581844,88.77138775510203,1.6631731649489259,0.2721518987341772,0.10759493670886076,10,3,0.17551020408163265,10,4.081632653061225,Q96MU7,Q96MU7,,YTHDC1,False,727,1208.0,-0.4806199671474834,-0.4706245352260717,0.4246688741721854,0.014900662251655629,1775.0,5.3899098410704225,5.4148088,1.0,0.9994366197183099
453,413,0.9116997792494481,92.33489104116222,1.3777096820649417,0.33181818181818185,0.07727272727272727,10,5,0.2179176755447942,32,7.74818401937046,Q96NS5,Q96NS5,,ASB16,False,453,1208.0,-0.14041933968121034,-0.13442606763614326,0.013245033112582781,0.0,1775.0,1.0050415100276056,0.9146242,0.4332394366197183,0.0067605633802816905
236,189,0.8008474576271186,91.56253968253968,1.8210374397073017,0.3208955223880597,0.1044776119402985,5,2,0.21693121693121692,13,6.878306878306878,Q96P09,Q96P09,,BIRC8,False,236,,,,,,1775.0,0.0007676788456338028,0.0,0.0,0.0
261,235,0.9003831417624522,95.24514893617021,1.6680632074175055,0.2857142857142857,0.06428571428571428,8,2,0.2127659574468085,21,8.936170212765958,Q96PM5,Q96PM5,,RCHY1,False,261,1208.0,-0.002593384571919569,-0.0031675166149127,0.0074503311258278145,0.0,1775.0,4.930620422309859,4.972371,1.0,0.9830985915492958
802,617,0.7693266832917706,91.31790923824958,1.1654208715121885,0.32386363636363635,0.07954545454545454,9,3,0.20421393841166938,26,4.213938411669368,Q96PU4,Q96PU4,,UHRF2,False,802,1208.0,-0.010006143045865777,-0.00810447370302575,0.0,0.0,1775.0,4.542361116281691,4.490692,0.9994366197183099,0.963943661971831
975,570,0.5846153846153846,88.05305263157895,1.3228250829649526,0.31186440677966104,0.11186440677966102,8,1,0.23508771929824562,14,2.456140350877193,Q96PU5,Q96PU5,,NEDD4L,False,975,1208.0,0.04944624606642077,0.053644463152926355,0.004966887417218543,0.0033112582781456954,1775.0,4.628389955806198,4.8079886,0.9712676056338028,0.8726760563380281
612,546,0.8921568627450981,94.54338827838828,1.3985688621890149,0.2775800711743772,0.06761565836298933,8,2,0.1978021978021978,31,5.677655677655678,Q96Q07,Q96Q07,,BTBD9,False,612,1208.0,-0.1752222992781243,-0.1683615059748024,0.0347682119205298,0.0,1775.0,1.9959736771492957,2.0038505,0.927887323943662,0.06028169014084507
263,232,0.8821292775665399,93.15788793103447,1.2287571826754164,0.32456140350877194,0.07017543859649122,11,2,0.2025862068965517,19,8.189655172413794,Q99619,Q99619,,SPSB2,False,263,1208.0,0.02410497092977497,0.0209213004321372,0.0,0.0,1775.0,3.0102321617802814,2.9880738,0.9954929577464788,0.49577464788732395
635,525,0.8267716535433071,93.6860761904762,1.7355412956702947,0.2958801498127341,0.0898876404494382,8,5,0.20952380952380953,21,4.0,Q96Q27,Q96Q27,,ASB2,False,635,1208.0,0.12370460351135018,0.11876702582479651,0.0,0.0,1775.0,0.8276857065566199,0.20740063,0.24619718309859154,0.07943661971830986
1004,320,0.3187250996015936,83.46796875,2.1335867175671757,0.37554585152838427,0.12663755458515283,10,8,0.175,10,3.125,Q96QT6,Q96QT6,,PHF12,False,1004,1208.0,-0.5603132444538808,-0.5476897888986987,0.5596026490066225,0.08774834437086093,1775.0,4.255615762929577,4.252158,0.9994366197183099,0.956056338028169
527,230,0.4364326375711575,90.72508695652172,1.579414366869646,0.3125,0.0859375,8,1,0.2,12,5.217391304347826,Q96RE7,Q96RE7,,NACC1,False,527,1208.0,-0.15478165106935993,-0.1464720181147839,0.0380794701986755,0.0,1775.0,5.065956041239437,5.1447153,1.0,0.9892957746478873
372,256,0.6881720430107527,93.07765625,1.1912938356399536,0.23809523809523808,0.10317460317460317,6,1,0.19921875,20,7.8125,Q96RU8,Q96RU8,,TRIB1,False,372,1208.0,-0.04584859523019105,-0.0179726119865585,0.02566225165562914,0.0033112582781456954,1775.0,3.6818968754084507,3.6045814,0.9802816901408451,0.6912676056338029
790,521,0.6594936708860759,91.06506717850287,1.4440168131330138,0.2868217054263566,0.13178294573643412,13,3,0.22072936660268713,54,10.36468330134357,Q96S15,Q96S15,,WDR24,False,790,1208.0,-0.6054475127156262,-0.5944395066118884,0.6001655629139073,0.11672185430463576,1775.0,2.654266466123944,2.6363206,0.9949295774647887,0.2704225352112676
281,185,0.6583629893238434,90.06999999999998,1.1944730277663933,0.325,0.0875,6,1,0.2,11,5.9459459459459465,Q96S21,Q96S21,,RAB40C,False,281,1208.0,-0.02346772523348361,-0.02140506805942005,0.006622516556291391,0.0,1775.0,3.2438190961521123,3.203635,0.9994366197183099,0.6225352112676056
729,442,0.6063100137174211,93.66511312217193,1.4644458955721829,0.31020408163265306,0.08571428571428572,12,2,0.2149321266968326,51,11.538461538461538,Q96S59,Q96S59,,RANBP9,False,729,1208.0,-0.13719981227597688,-0.12787903548559149,0.03890728476821192,0.0,1775.0,5.111817840338028,5.141171,1.0,0.9966197183098592
283,207,0.7314487632508834,93.38584541062801,2.0961017051751174,0.33076923076923076,0.08461538461538462,6,3,0.16908212560386474,9,4.3478260869565215,Q96SI1,Q96SI1,,KCTD15,False,283,1208.0,-0.016689874621730376,-0.0138028982880551,0.0016556291390728477,0.0,1775.0,3.2897614217622535,3.6996071,0.8535211267605634,0.6630985915492957
793,615,0.7755359394703657,89.70193495934959,1.2415866672915061,0.2607449856733524,0.054441260744985676,5,2,0.2048780487804878,36,5.853658536585367,Q96T88,Q96T88,,UHRF1,False,793,74.0,-0.47023858746008057,-0.4481366358014407,0.35135135135135137,0.04054054054054054,1775.0,4.611470297010141,4.7017817,0.9949295774647887,0.9025352112676056
336,240,0.7142857142857143,89.809375,1.8767747338982934,0.35,0.06111111111111111,12,4,0.20416666666666666,11,4.583333333333333,Q99496,Q99496,,RNF2,False,336,1208.0,-0.04744464395890392,-0.041082747354154056,0.008278145695364239,0.0,1775.0,4.304272499149296,4.3226495,0.9971830985915493,0.9487323943661972
587,238,0.40545144804088584,90.66773109243697,1.4105603056428289,0.33793103448275863,0.06896551724137931,9,1,0.19747899159663865,12,5.042016806722689,Q96BF6,Q96BF6,,NACC2,False,587,1208.0,-0.02399622950015792,-0.019219276659093253,0.006622516556291391,0.0,1775.0,2.6567174508715494,2.848624,0.872112676056338,0.4416901408450704
237,204,0.8607594936708861,90.99794117647058,1.703541807502629,0.4066666666666667,0.08666666666666667,15,4,0.20588235294117646,16,7.8431372549019605,Q96A37,Q96A37,,RNF166,False,237,1208.0,0.01751053378422729,0.013490173401154399,0.0041390728476821195,0.0,1775.0,3.3505383798873236,3.3214953,0.9994366197183099,0.6805633802816902
273,253,0.9267399267399268,94.97039525691697,1.2016607630687952,0.38095238095238093,0.0873015873015873,10,2,0.18972332015810275,13,5.138339920948617,Q96BD6,Q96BD6,,SPSB1,False,273,1208.0,-0.01620408461641698,-0.0126285289885753,0.0024834437086092716,0.0,1775.0,3.092016739224789,3.2844238,0.9019718309859155,0.5926760563380282
731,476,0.6511627906976745,91.56018907563025,1.3233980426363985,0.3153526970954357,0.07468879668049792,9,7,0.18277310924369747,12,2.5210084033613445,Q8NHY2,Q8NHY2,,COP1,False,731,1208.0,-0.27428679859346256,-0.2370757426636232,0.22847682119205298,0.024834437086092714,1775.0,4.783424742084507,4.780079,1.0,0.9960563380281691
188,176,0.9361702127659575,91.8105681818182,1.9379597851087242,0.3114754098360656,0.11475409836065574,6,3,0.2215909090909091,13,7.386363636363637,Q8NEA4,Q8NEA4,,FBXO36,False,188,1208.0,-0.15694794716148247,-0.15487712337907994,0.014900662251655629,0.0,1775.0,1.4070555558794364,1.3905797,0.6788732394366197,0.023098591549295774
526,416,0.7908745247148289,94.43923076923078,1.3622589781197383,0.2524271844660194,0.06796116504854369,5,1,0.20192307692307693,10,2.403846153846154,Q8NEA9,Q8NEA9,,GMCL2,False,526,70.0,0.3443546192241288,0.33943584502491186,0.0,0.0,1775.0,0.09577310523380281,0.07905651,0.0005633802816901409,0.0
735,660,0.8979591836734694,93.34789393939394,1.5562778753949913,0.30327868852459017,0.1092896174863388,15,4,0.12424242424242424,20,3.0303030303030303,Q8NEE6,Q8NEE6,,FBXL13,False,735,1208.0,0.03264843795645104,0.0328877910206386,0.0016556291390728477,0.0,1775.0,0.9319939411515493,0.63364416,0.27605633802816903,0.05971830985915493
633,319,0.5039494470774092,90.77097178683385,1.5306419054595748,0.3240223463687151,0.0893854748603352,5,1,0.21003134796238246,15,4.702194357366771,Q8NEG5,Q8NEG5,,ZSWIM2,False,633,1208.0,0.02695935182352309,0.02810830388755145,0.0,0.0,1775.0,0.04259638790816902,0.0,0.005633802816901409,0.0005633802816901409
403,348,0.8635235732009926,91.69609195402299,1.1156922587418239,0.28,0.06666666666666667,14,2,0.1724137931034483,38,10.919540229885058,Q8NEZ5,Q8NEZ5,,FBXO22,False,403,1208.0,-0.11155001001378996,-0.10756508799474884,0.012417218543046357,0.0008278145695364238,1775.0,4.983705464619719,4.993851,1.0,0.9915492957746479
601,538,0.8951747088186356,92.26756505576208,1.2596808981882055,0.26394052044609667,0.07434944237918216,7,1,0.2211895910780669,39,7.24907063197026,Q8NFY9,Q8NFY9,,KBTBD8,False,601,1208.0,0.1010042262977144,0.10151635821856694,0.0016556291390728477,0.0,1775.0,1.6353206425312676,1.4352125,0.652394366197183,0.12281690140845071
1043,788,0.7555129434324065,90.35615482233504,1.0861886513442272,0.27793696275071633,0.09169054441260745,7,1,0.20812182741116753,24,3.0456852791878175,Q8NFZ0,Q8NFZ0,,FBH1,False,1043,1208.0,0.002254169519910177,-0.0015841251896326499,0.0016556291390728477,0.0,1775.0,4.924162952957747,4.9625955,1.0,0.9960563380281691
486,434,0.8930041152263375,91.36794930875577,2.474735137615727,0.3488372093023256,0.046511627906976744,14,6,0.195852534562212,12,2.7649769585253456,Q8NG06,Q8NG06,,TRIM58,False,486,1208.0,0.1165895258226131,0.1199472071565012,0.0008278145695364238,0.0,1775.0,1.0027413404743661,0.039793953,0.29859154929577464,0.14929577464788732
643,100,0.15552099533437014,87.38529999999999,2.3983814239501955,0.5263157894736842,0.06578947368421052,17,2,0.18,5,5.0,Q8NG27,Q8NG27,,PJA1,False,643,1208.0,0.06350809392750871,0.06723928568492371,0.0008278145695364238,0.0,1775.0,3.9880482800135217,4.1164646,0.9791549295774647,0.8732394366197183
242,84,0.34710743801652894,92.12202380952381,1.6742350661570249,0.3709677419354839,0.06451612903225806,6,2,0.16666666666666666,5,5.952380952380952,Q8NHG8,Q8NHG8,,ZNRF2,False,242,1208.0,0.02298831872171864,0.02200520192032225,0.0041390728476821195,0.0,1775.0,3.461997078510986,3.4723058,0.9926760563380281,0.7149295774647887
1336,767,0.5741017964071856,91.41105606258148,1.3205647788836217,0.2698412698412698,0.07142857142857142,11,2,0.19165580182529335,34,4.432855280312908,Q8NHM5,Q8NHM5,,KDM2B,False,1336,1208.0,-0.04038342350730581,-0.046077205441298896,0.005794701986754967,0.0008278145695364238,1775.0,3.6572637186873242,3.5204222,0.9994366197183099,0.7921126760563381
85,48,0.5647058823529412,89.16645833333332,3.3874388006347065,0.3333333333333333,0.041666666666666664,7,2,0.0625,2,4.166666666666666,Q8NHZ8,Q8NHZ8,,CDC26,False,85,1208.0,-0.7594041389917846,-0.7428224741033667,0.8692052980132451,0.15728476821192053,1775.0,5.649494208732395,5.6369433,1.0,0.9988732394366198
74,36,0.4864864864864865,83.87666666666667,2.124747117360433,0.5,0.1111111111111111,14,1,0.1388888888888889,2,5.555555555555555,Q96B49,Q96B49,,TOMM6,False,74,1208.0,-0.1556012871983619,-0.14987525480326702,0.018211920529801324,0.0016556291390728477,1775.0,8.304501933633803,8.2965355,1.0,1.0
283,251,0.8869257950530035,95.472390438247,1.394399100330278,0.3383458646616541,0.10526315789473684,8,3,0.21912350597609562,24,9.56175298804781,Q8NI29,Q8NI29,,FBXO27,False,283,1208.0,0.09460545055786178,0.09745169982832125,0.0041390728476821195,0.0,1775.0,1.8499965101814086,1.6664339,0.6309859154929578,0.25183098591549297
745,336,0.45100671140939597,89.64431547619047,1.7612915544604963,0.41706161137440756,0.11374407582938388,8,4,0.23809523809523808,32,9.523809523809524,Q8TB52,Q8TB52,,FBXO30,False,745,1208.0,0.12476274070770428,0.1230051864247021,0.0,0.0,1775.0,2.9077143987459158,2.910913,0.9938028169014085,0.4546478873239437
728,492,0.6758241758241759,88.25686991869918,1.3287755343369563,0.29545454545454547,0.10984848484848485,4,0,0.22154471544715448,24,4.878048780487805,Q8TBB1,Q8TBB1,,LNX1,False,728,1208.0,-0.009949483364583334,-0.009181152024374101,0.0024834437086092716,0.0,1775.0,1.2686203465487322,0.9239516,0.48169014084507045,0.0771830985915493
542,242,0.44649446494464945,84.39165289256198,1.988354668918884,0.4342857142857143,0.13142857142857142,37,2,0.1859504132231405,9,3.71900826446281,Q8TC41,Q8TC41,,RNF217,False,542,1208.0,-0.01606858755082607,-0.00179648798289375,0.0033112582781456954,0.0008278145695364238,1775.0,2.083980802712676,2.2958934,0.7684507042253521,0.24901408450704227
367,260,0.7084468664850136,88.56276923076923,1.3374011284555067,0.2972972972972973,0.11486486486486487,9,1,0.18461538461538463,7,2.6923076923076925,Q8TCJ0,Q8TCJ0,,FBXO25,False,367,1208.0,0.012945919203327284,0.01931919456130795,0.0033112582781456954,0.0,1775.0,3.1136980433571835,3.1647606,0.9633802816901409,0.5757746478873239
289,160,0.5536332179930796,90.629875,2.274504885028781,0.4351145038167939,0.1297709923664122,21,2,0.23125,8,5.0,Q8TCQ1,Q8TCQ1,,MARCHF1,False,289,1090.0,0.04676147236643758,0.053113906590867094,0.0009174311926605505,0.0,1775.0,1.4842986815622534,1.3367633,0.663661971830986,0.06929577464788732
740,550,0.7432432432432432,89.12689090909092,1.5814113361950592,0.25862068965517243,0.07758620689655173,6,2,0.16363636363636364,11,2.0,Q8TDB6,Q8TDB6,,DTX3L,False,740,1208.0,0.0014948253843990482,0.00074298314825385,0.0016556291390728477,0.0,1775.0,3.5839247463898594,3.721996,0.9515492957746479,0.7284507042253521
546,425,0.7783882783882784,94.23098823529412,1.038420501205794,0.26285714285714284,0.12,5,1,0.16941176470588235,21,4.941176470588235,Q8TEB1,Q8TEB1,,DCAF11,False,546,1208.0,-0.0007394680224572358,-0.0005215568784342,0.0016556291390728477,0.0,1775.0,5.171103058647888,5.1726913,1.0,0.992112676056338
428,278,0.6495327102803738,92.95424460431654,3.087256555197203,0.39325842696629215,0.12359550561797752,22,1,0.17625899280575538,18,6.474820143884892,Q8TEB7,Q8TEB7,,RNF128,False,428,1208.0,-0.00096605359202325,-0.0001540110254724,0.0016556291390728477,0.0,1775.0,1.6479788379160563,0.48887384,0.4230985915492958,0.2591549295774648
729,251,0.3443072702331962,89.92972111553783,1.5374271973115343,0.3696969696969697,0.07878787878787878,8,4,0.2350597609561753,16,6.374501992031872,Q8TEC5,Q8TEC5,,SH3RF2,False,729,1208.0,-0.11830818293120085,-0.12217634116197305,0.0041390728476821195,0.0,1775.0,1.998421919508169,1.9272972,0.6270422535211267,0.323943661971831
882,310,0.35147392290249435,91.3921935483871,1.534210197995617,0.31527093596059114,0.08866995073891626,9,2,0.23548387096774193,16,5.161290322580645,Q8TEJ3,Q8TEJ3,,SH3RF3,False,882,74.0,0.01983335479853061,0.04268200998653695,0.0,0.0,1775.0,1.0022608556850703,0.5612284,0.40450704225352113,0.06028169014084507
375,180,0.48,83.27194444444444,2.2569940096264123,0.1958041958041958,0.13286713286713286,5,2,0.15555555555555556,5,2.7777777777777777,Q8NE65,Q8NE65,,ZNF738,False,375,70.0,-0.04631827358267308,-0.0134603730981857,0.04285714285714286,0.0,1775.0,3.5183704832794365,3.740906,0.8991549295774648,0.6946478873239437
227,85,0.3744493392070485,93.03411764705884,1.6179352511026812,0.3870967741935484,0.06451612903225806,5,1,0.18823529411764706,4,4.705882352941177,Q8ND25,Q8ND25,,ZNRF1,False,227,1208.0,0.1114426858571077,0.1120613810165624,0.0,0.0,1775.0,4.216394662569014,4.2289186,0.9971830985915493,0.9059154929577464
703,318,0.4523470839260313,91.46490566037735,3.6525869784611835,0.33079847908745247,0.04182509505703422,6,4,0.1320754716981132,11,3.459119496855346,Q8ND24,Q8ND24,,RNF214,False,703,1208.0,-0.06428189180212968,-0.0637569857899003,0.0041390728476821195,0.0,1775.0,3.752516218422535,3.8062518,1.0,0.8664788732394366
418,294,0.7033492822966507,91.74272108843536,1.620470227951199,0.30434782608695654,0.062111801242236024,8,2,0.20408163265306123,22,7.482993197278912,Q8NCT1,Q8NCT1,,ARRDC4,False,418,1208.0,0.04801381778823377,0.046116806107462355,0.0008278145695364238,0.0,1775.0,2.5783776395323943,2.6063476,0.8298591549295775,0.40732394366197183
247,142,0.5748987854251012,86.79281690140844,1.9906828195297808,0.4954954954954955,0.14414414414414414,40,1,0.19014084507042253,8,5.633802816901409,Q8N6D2,Q8N6D2,,RNF182,False,247,1208.0,0.013487882514023166,0.015251813043273301,0.0,0.0,1775.0,1.6384968592214084,0.84166324,0.4754929577464789,0.25295774647887326
132,41,0.3106060606060606,83.67317073170732,2.4615719749404685,0.6341463414634146,0.07317073170731707,14,2,0.17073170731707318,4,9.75609756097561,Q8N726,Q8N726,,CDKN2A,False,132,1208.0,0.15969203791238787,0.15377047744492317,0.0024834437086092716,0.0,1775.0,4.166308126625916,4.7822776,0.7132394366197183,0.6304225352112676
406,392,0.9655172413793104,95.2615051020408,1.0768166242684203,0.31958762886597936,0.07216494845360824,7,2,0.2193877551020408,32,8.16326530612245,Q8N7A1,Q8N7A1,,KLHDC1,False,406,1208.0,-0.0651352463074268,-0.06668486311988495,0.0008278145695364238,0.0,1775.0,0.9054315753425352,0.8057803,0.39098591549295775,0.0005633802816901409
437,373,0.8535469107551488,92.80075067024129,1.7959592184962516,0.26976744186046514,0.08372093023255814,8,2,0.1903485254691689,14,3.753351206434316,Q8N7C3,Q8N7C3,,TRIML2,False,437,1208.0,0.096497823790051,0.096268013658274,0.0,0.0,1775.0,0.644720033630986,0.08483849,0.18535211267605634,0.08
305,254,0.8327868852459016,92.67161417322835,3.019618376391484,0.3575757575757576,0.15151515151515152,19,1,0.1889763779527559,14,5.511811023622047,Q8N7C7,Q8N7C7,,RNF148,False,305,1208.0,0.0652380496872222,0.06278503594549675,0.0008278145695364238,0.0,1775.0,0.18664502310704226,0.055178992,0.03323943661971831,0.0011267605633802818
425,100,0.23529411764705882,91.23989999999999,1.5262621879577636,0.4,0.1,10,2,0.22,12,12.0,Q8N7E2,Q8N7E2,,CBLL2,False,425,1208.0,0.017684852526230446,0.0191201326951951,0.0,0.0,1775.0,0.0029671232264788733,0.0,0.0,0.0
531,271,0.5103578154425612,84.85771217712177,1.9051395120994494,0.42410714285714285,0.10714285714285714,25,5,0.19557195571955718,39,14.391143911439114,Q8N7H5,Q8N7H5,,PAF1,False,531,1208.0,-0.8316039756375474,-0.817463853787813,0.9329470198675497,0.22185430463576158,1775.0,5.254794372112676,5.2810493,1.0,0.9983098591549295
425,294,0.691764705882353,90.16095238095238,1.3872913899106158,0.29775280898876405,0.05056179775280899,8,2,0.2108843537414966,22,7.482993197278912,Q8N806,Q8N806,,UBR7,False,425,1208.0,0.055457292142748,0.0533170337899537,0.0,0.0,1775.0,4.718722139380281,4.7354574,1.0,0.9808450704225352
203,101,0.4975369458128079,86.94009900990098,1.8676801068662765,0.48,0.10666666666666667,17,1,0.1782178217821782,6,5.9405940594059405,Q8N8N0,Q8N8N0,,RNF152,False,203,1208.0,-0.05836360589097782,-0.0514268901334674,0.0033112582781456954,0.0,1775.0,0.9492871699780281,0.5518359,0.363943661971831,0.056338028169014086
1025,749,0.7307317073170732,88.63508678237652,1.3438178209932432,0.265625,0.075,5,1,0.2136181575433912,29,3.871829105473965,Q8N961,Q8N961,,ABTB2,False,1025,1208.0,0.04641021695474139,0.047398514066698705,0.0008278145695364238,0.0,1775.0,2.088618866586479,2.1180375,0.819718309859155,0.20338028169014086
347,273,0.7867435158501441,91.23820512820512,1.5101930404477468,0.375,0.041666666666666664,13,4,0.15384615384615385,12,4.395604395604396,Q8N9I9,Q8N9I9,,DTX3,False,347,1208.0,-0.13904571120823941,-0.13495993291190825,0.0074503311258278145,0.0016556291390728477,1775.0,3.3459865874050707,3.7594116,0.819718309859155,0.6512676056338028
468,415,0.8867521367521367,91.70636144578313,1.847567977780465,0.3103448275862069,0.05517241379310345,9,4,0.14457831325301204,10,2.4096385542168677,Q8N9V2,Q8N9V2,,TRIML1,False,468,1208.0,0.09476514599468693,0.0946077779063096,0.0,0.0,1775.0,0.03126060396112676,0.0,0.0033802816901408453,0.0022535211267605635
476,435,0.9138655462184874,92.12337931034483,1.3623575204163199,0.28703703703703703,0.06944444444444445,6,2,0.20919540229885059,30,6.896551724137931,Q8N9V3,Q8N9V3,,WDSUB1,False,476,1208.0,-0.0018052631714385405,0.00592965656394285,0.0024834437086092716,0.0,1775.0,3.2075948845560567,3.2340858,0.9966197183098592,0.6501408450704226
808,168,0.2079207920792079,86.88297619047619,2.3790512911826527,0.3611111111111111,0.09722222222222222,17,2,0.16666666666666666,18,10.714285714285714,Q8NA82,Q8NA82,,MARCHF10,False,808,1090.0,-0.06218796849669736,-0.06016619710750945,0.0,0.0,1775.0,0.31241689473352113,0.08125099,0.08619718309859155,0.010140845070422535
344,212,0.6162790697674418,91.98028301886794,1.31759567274601,0.25,0.06481481481481481,4,0,0.18396226415094338,10,4.716981132075472,Q8NAA5,Q8NAA5,,LRRC75A,False,344,1208.0,-0.10589691118699375,-0.1042814235235434,0.0074503311258278145,0.0,1775.0,2.1341117150185918,2.0633166,0.8112676056338028,0.23492957746478874
612,574,0.9379084967320261,92.76160278745644,1.3076328050485955,0.26785714285714285,0.12142857142857143,7,2,0.20209059233449478,23,4.006968641114982,Q8NAB2,Q8NAB2,,KBTBD3,False,612,1208.0,-0.09072576640437092,-0.08322845607455495,0.006622516556291391,0.0008278145695364238,1775.0,2.1195650066535214,2.0830636,0.9645070422535211,0.08845070422535212
558,525,0.9408602150537635,91.97980952380951,1.2073327820869428,0.3359375,0.11328125,8,2,0.23809523809523808,30,5.714285714285714,Q8NBE8,Q8NBE8,,KLHL23,False,558,,,,,,1775.0,3.508128150039437,3.6021242,0.9487323943661972,0.6867605633802817
344,214,0.622093023255814,83.57523364485981,2.0729660313009854,0.5307692307692308,0.15384615384615385,12,6,0.26635514018691586,45,21.02803738317757,Q8NBM4,Q8NBM4,,UBAC2,False,344,1208.0,0.06012418570223581,0.05702185411289935,0.0008278145695364238,0.0,1775.0,5.306601075661972,5.3300276,1.0,0.9954929577464788
400,247,0.6175,89.80846153846153,3.2272902800737744,0.4585987261146497,0.12101910828025478,25,3,0.21862348178137653,26,10.526315789473683,Q8NC42,Q8NC42,,RNF149,False,400,1208.0,-0.031513731397356304,-0.0386850418319235,0.004966887417218543,0.0,1775.0,4.7249915090394365,4.7843943,0.9898591549295774,0.9723943661971831
237,204,0.8607594936708861,92.47313725490199,2.095350905309354,0.29133858267716534,0.11023622047244094,9,1,0.19117647058823528,10,4.901960784313726,Q8NC69,Q8NC69,,KCTD6,False,237,1208.0,0.010712386344793535,0.012512318806920199,0.0016556291390728477,0.0,1775.0,3.2511747793859156,3.232056,0.9949295774647887,0.6309859154929578
708,159,0.2245762711864407,82.63937106918239,2.8074816935220746,0.3310810810810811,0.033783783783783786,10,3,0.07547169811320754,3,1.8867924528301887,Q8NCN4,Q8NCN4,,RNF169,False,708,1208.0,-0.11202368820871629,-0.10816198297036615,0.011589403973509934,0.0008278145695364238,1775.0,2.7311497922929573,2.7516308,0.9791549295774647,0.3583098591549296
570,192,0.3368421052631579,84.21192708333334,2.080426157789316,0.2619047619047619,0.10317460317460317,5,1,0.21354166666666666,14,7.291666666666667,Q8NCP5,Q8NCP5,,ZBTB44,False,570,1208.0,0.06724624380959246,0.06935098741119339,0.0024834437086092716,0.0,1775.0,3.639387928676056,3.6168869,1.0,0.7701408450704226
510,385,0.7549019607843137,88.77771428571428,1.2551011806303238,0.3384615384615385,0.1282051282051282,8,4,0.2051948051948052,23,5.974025974025974,Q8NCQ5,Q8NCQ5,,FBXO15,False,510,1208.0,0.06281457722000935,0.0625167780791843,0.0008278145695364238,0.0,1775.0,0.6242907328107042,0.46084213,0.18873239436619718,0.004507042253521127
797,637,0.7992471769134254,92.0693092621664,1.2565277055768151,0.2669039145907473,0.07473309608540925,7,6,0.1695447409733124,15,2.3547880690737837,Q8TEL6,Q8TEL6,,TRPC4AP,False,797,1208.0,0.03501582704884189,0.0438375874571693,0.0041390728476821195,0.0,1775.0,5.196615911774648,5.21968,1.0,0.9977464788732394
875,490,0.56,91.51610204081632,1.8668449766492279,0.3611111111111111,0.05864197530864197,21,5,0.16122448979591836,23,4.6938775510204085,Q8TF61,Q8TF61,,FBXO41,False,875,1208.0,-0.14671902779055077,-0.14554680062221254,0.0173841059602649,0.0,1775.0,2.404489917488451,2.3903127,0.8743661971830986,0.30253521126760563
664,542,0.8162650602409639,87.47843173431734,1.5292444311532511,0.575,0.2222222222222222,31,16,0.33025830258302585,146,26.937269372693727,Q8WU17,Q8WU17,,RNF139,False,664,1208.0,-0.15791122328902563,-0.14933594971466313,0.01903973509933775,0.0016556291390728477,1775.0,4.67712193256338,4.6466985,1.0,0.9943661971830986
427,354,0.8290398126463701,93.46257062146893,1.0492010835981307,0.36477987421383645,0.11320754716981132,7,2,0.1864406779661017,30,8.47457627118644,Q92466,Q92466,,DDB2,False,427,1208.0,-0.07727428744563682,-0.07647617563040895,0.004966887417218543,0.0,1775.0,4.771502644225352,4.7783556,1.0,0.9594366197183098
292,206,0.7054794520547946,95.41665048543686,1.3906299958573294,0.20535714285714285,0.07142857142857142,4,0,0.1650485436893204,12,5.825242718446602,Q92564,Q92564,,DCUN1D4,False,292,1208.0,0.01254843562810991,0.0043253776271008505,0.005794701986754967,0.0,1775.0,4.598037295397184,4.6819158,0.9977464788732394,0.9633802816901409
1164,551,0.4733676975945017,89.46974591651544,2.4998418212108344,0.35294117647058826,0.08,19,11,0.12522686025408347,7,1.2704174228675136,Q92574,Q92574,,TSC1,False,1164,1208.0,0.027989718750017756,0.029938936368507203,0.09188741721854304,0.005794701986754967,1775.0,3.891220187211267,3.921817,1.0,0.9312676056338028
585,565,0.9658119658119658,95.14985840707965,1.1085695381799001,0.2673992673992674,0.12454212454212454,5,1,0.2176991150442478,31,5.486725663716814,Q92624,Q92624,,APPBP2,False,585,1208.0,-0.014956652427730796,-0.012722954216783901,0.006622516556291391,0.0,1775.0,3.869633120056338,3.9208934,0.9994366197183099,0.887887323943662
601,387,0.6439267886855241,97.10865633074935,1.2459456175933967,0.2824858757062147,0.11299435028248588,5,1,0.2041343669250646,24,6.2015503875969,Q92630,Q92630,,DYRK2,False,601,1208.0,-0.07529370260121464,-0.0677209784109828,0.0033112582781456954,0.0,1775.0,3.6986523888450704,3.6885386,1.0,0.8045070422535211
1020,363,0.3558823529411765,96.62085399449035,0.9863151858321147,0.2913907284768212,0.08609271523178808,5,1,0.19008264462809918,36,9.917355371900827,Q92834,Q92834,,RPGR,False,1020,1208.0,0.06737895595835788,0.0648595959088009,0.0,0.0,1775.0,2.7258210316980285,2.699374,0.9926760563380281,0.3571830985915493
594,521,0.877104377104377,93.20637236084454,1.5461535376868174,0.2648221343873518,0.07509881422924901,4,0,0.18234165067178504,16,3.071017274472169,Q92990,Q92990,,GLMN,False,594,1208.0,-0.3783654033166482,-0.3519815287880208,0.29221854304635764,0.015728476821192054,1775.0,3.731462396828169,3.7354896,0.9994366197183099,0.8456338028169014
2554,2086,0.8167580266249022,87.36086768935763,1.1054452572935936,0.2663101604278075,0.08342245989304813,6,4,0.20038350910834132,37,1.7737296260786195,Q93008,Q93008,,USP9X,False,2554,1208.0,-0.6926996497053004,-0.6865133879690861,0.6879139072847682,0.21274834437086093,1775.0,4.9514571803380285,5.00105,1.0,0.9830985915492958
780,731,0.9371794871794872,91.76199726402187,1.716575357162401,0.24739583333333334,0.052083333333333336,5,1,0.2079343365253078,39,5.33515731874145,Q93034,Q93034,,CUL5,False,780,1208.0,0.1995011889016383,0.20142114900793529,0.0008278145695364238,0.0,1775.0,3.7207753189577466,3.7854354,0.9988732394366198,0.8676056338028169
2177,1147,0.5268718419843822,86.83691368788143,1.4391462108077246,0.257201646090535,0.06584362139917696,7,4,0.1996512641673932,20,1.7436791630340016,Q93074,Q93074,,MED12,False,2177,1208.0,-0.5562145703523845,-0.5711424040658898,0.570364238410596,0.16473509933774835,1775.0,3.6706277986140847,3.6912103,0.9966197183098592,0.7892957746478874
707,475,0.6718528995756718,95.76825263157895,1.4621329729747954,0.2839506172839506,0.0823045267489712,12,3,0.1705263157894737,12,2.526315789473684,Q969H0,Q969H0,,FBXW7,False,707,1208.0,-0.0054842155872692755,0.01103168737886285,0.04718543046357616,0.004966887417218543,1775.0,3.6757301710760566,3.6134374,0.9994366197183099,0.811830985915493
372,203,0.5456989247311828,92.71108374384238,1.889918425606915,0.29927007299270075,0.08029197080291971,7,1,0.17733990147783252,12,5.911330049261084,Q969K3,Q969K3,,RNF34,False,372,1208.0,-0.048053620010985204,-0.04533943622363215,0.006622516556291391,0.0,1775.0,5.07241721143662,5.0802865,1.0,0.9966197183098592
478,436,0.9121338912133892,89.90107798165137,1.2827156821329146,0.2987012987012987,0.07792207792207792,5,4,0.21100917431192662,14,3.211009174311927,Q969K4,Q969K4,,ABTB1,False,478,1208.0,0.057600058796211544,0.05681421345160665,0.0,0.0,1775.0,3.38995494659155,3.4008534,0.9892957746478873,0.6580281690140845
185,157,0.8486486486486486,96.78019108280256,1.2802011538838027,0.26595744680851063,0.07446808510638298,7,2,0.18471337579617833,7,4.45859872611465,Q969M7,Q969M7,,UBE2F,False,185,1208.0,0.021062265502049343,0.022175379794254248,0.027317880794701987,0.0016556291390728477,1775.0,5.352570615830986,5.3892536,1.0,0.9977464788732394
355,266,0.7492957746478873,91.02992481203009,1.4257008785180132,0.31097560975609756,0.10365853658536585,9,1,0.16541353383458646,6,2.2556390977443606,Q969P5,Q969P5,,FBXO32,False,355,1208.0,0.11694880562021978,0.1163514806935345,0.0,0.0,1775.0,3.3864532725476053,3.162682,0.8845070422535212,0.5307042253521127
353,286,0.8101983002832861,91.2137062937063,3.2498984389108894,0.3813559322033898,0.08050847457627118,12,6,0.18181818181818182,10,3.4965034965034967,Q969Q1,Q969Q1,,TRIM63,False,353,1208.0,0.089844024438061,0.0860872474044926,0.0,0.0,1775.0,0.34609642758535214,0.01571022,0.06929577464788732,0.04676056338028169
207,151,0.7294685990338164,97.25264900662252,1.3232770175318103,0.32142857142857145,0.05952380952380952,5,2,0.23178807947019867,27,17.880794701986755,Q969T4,Q969T4,,UBE2E3,False,207,1208.0,-0.18784242906440124,-0.1834779911241691,0.01903973509933775,0.0,1775.0,6.094628623926196,6.184201,0.9904225352112676,0.9836619718309859
566,456,0.8056537102473498,92.47423245614036,1.148697431200945,0.38578680203045684,0.116751269035533,8,4,0.21929824561403508,23,5.0438596491228065,Q969U6,Q969U6,,FBXW5,False,566,1208.0,-0.03527499634162457,-0.036276926651833796,0.0,0.0,1775.0,5.1988706051830995,5.297316,1.0,0.9938028169014085
352,336,0.9545454545454546,91.41261904761905,2.3149679231961158,0.3684210526315789,0.11403508771929824,24,4,0.21726190476190477,33,9.821428571428571,Q969V5,Q969V5,,MUL1,False,352,1208.0,-0.01991865736566276,-0.0107520583597251,0.009933774834437087,0.0,1775.0,4.098015589397183,4.1266093,0.9977464788732394,0.956056338028169
273,243,0.8901098901098901,94.3037037037037,1.2154522396402248,0.4065040650406504,0.07317073170731707,7,2,0.18930041152263374,16,6.584362139917696,Q96A44,Q96A44,,SPSB4,False,273,1208.0,0.06048945680467084,0.06227739713248825,0.0008278145695364238,0.0,1775.0,0.5042087142461972,0.02589061,0.16056338028169015,0.05464788732394366
297,147,0.494949494949495,87.95442176870748,2.1199583343115846,0.34545454545454546,0.06363636363636363,13,2,0.17006802721088435,11,7.482993197278912,Q96A61,Q96A61,,TRIM52,False,297,1208.0,-0.024953940056626683,-0.01953861757777725,0.0033112582781456954,0.0,1775.0,3.3885518863605637,3.4616463,0.9977464788732394,0.6794366197183098
955,850,0.8900523560209425,90.32543529411764,1.2238416527681792,0.2879120879120879,0.06153846153846154,8,7,0.18941176470588236,19,2.235294117647059,Q96AX9,Q96AX9,,MIB2,False,955,1208.0,-0.11900762998262403,-0.114657068713819,0.009933774834437087,0.0,1775.0,4.034041509560564,4.144805,0.9966197183098592,0.8157746478873239
151,130,0.8609271523178808,91.73561538461539,1.2626031812888334,0.25,0.039473684210526314,4,0,0.2230769230769231,10,7.6923076923076925,Q96B02,Q96B02,,UBE2W,False,151,383.0,0.017477489539437934,0.0242527283272455,0.02610966057441253,0.0,1775.0,4.2790397786478875,4.304679,1.0,0.9436619718309859
404,36,0.0891089108910891,82.38055555555553,4.07702096303304,0.3333333333333333,0.027777777777777776,3,0,0.05555555555555555,0,0.0,Q96B23,Q96B23,,ARK2N,False,404,1208.0,-0.0024343607820812648,0.00343180940722495,0.0024834437086092716,0.0,1775.0,3.695367342197183,3.7043962,0.9988732394366198,0.8585915492957746
710,360,0.5070422535211268,86.01175,2.0458518882444308,0.30357142857142855,0.06428571428571428,10,4,0.13333333333333333,9,2.5,Q92541,Q92541,,RTF1,False,710,1208.0,-0.6659334151563361,-0.661581438705436,0.8013245033112583,0.06788079470198675,1775.0,4.501199305239437,4.5403867,1.0,0.984225352112676
363,205,0.5647382920110193,92.28785365853659,1.5148766987234406,0.2846153846153846,0.06923076923076923,5,1,0.18536585365853658,12,5.853658536585367,Q8WZ73,Q8WZ73,,RFFL,False,363,1208.0,-0.24503931945370602,-0.23656926126852373,0.07201986754966887,0.0,1775.0,3.5015424607887327,3.4664574,0.9988732394366198,0.6907042253521126
223,189,0.8475336322869955,95.57592592592592,1.2488260690490953,0.40404040404040403,0.0707070707070707,11,1,0.21164021164021163,24,12.698412698412698,Q8WUJ0,Q8WUJ0,,STYX,False,223,1208.0,-0.0016345888355164821,0.00440365211274965,0.004966887417218543,0.0,1775.0,3.707070198197183,3.7149708,1.0,0.8529577464788732
621,552,0.8888888888888888,92.51954710144926,1.4453237919954678,0.3074074074074074,0.07777777777777778,10,2,0.19927536231884058,28,5.072463768115942,Q8WZ60,Q8WZ60,,KLHL6,False,621,1208.0,0.036221808363452776,0.04185057010232235,0.004966887417218543,0.0008278145695364238,1775.0,0.6665648461470424,0.025842428,0.15267605633802817,0.12169014084507042
495,377,0.7616161616161616,88.00511936339522,1.143594362339438,0.3125,0.09659090909090909,9,3,0.21750663129973474,12,3.183023872679045,Q8WV16,Q8WV16,,DCAF4,False,495,1208.0,-0.1604898433618606,-0.1552946889439149,0.019867549668874173,0.0,1775.0,3.7054408303938033,3.7012718,0.9971830985915493,0.8456338028169014
266,234,0.8796992481203008,94.57388888888889,1.294484894953808,0.25,0.0859375,6,1,0.19230769230769232,6,2.564102564102564,Q8WV22,Q8WV22,,NSMCE1,False,266,1208.0,-0.5656229334331727,-0.5569504795408247,0.6034768211920529,0.052980132450331126,1775.0,5.776895702197183,5.796304,1.0,0.9994366197183099
630,420,0.6666666666666666,88.9045238095238,2.359804770339963,0.3469387755102041,0.05782312925170068,15,6,0.19285714285714287,13,3.0952380952380953,Q8WV44,Q8WV44,,TRIM41,False,630,1208.0,-0.043325616084804945,-0.03222747768456034,0.0033112582781456954,0.0008278145695364238,1775.0,3.903456811492958,3.9614103,1.0,0.9014084507042254
666,143,0.2147147147147147,83.32195804195804,2.5601123078616927,0.34210526315789475,0.12280701754385964,10,3,0.23076923076923078,31,21.678321678321677,Q8WVC0,Q8WVC0,,LEO1,False,666,1208.0,-0.21259738255962246,-0.20389917699614674,0.07698675496688742,0.0024834437086092716,1775.0,4.636517336450704,4.6548023,1.0,0.9909859154929578
245,188,0.7673469387755102,89.09218085106384,1.4833682397062367,0.25757575757575757,0.09848484848484848,8,2,0.16489361702127658,10,5.319148936170213,Q8WVD3,Q8WVD3,,RNF138,False,245,1208.0,-0.04565943170332507,-0.0407282757057677,0.008278145695364239,0.0,1775.0,4.958657916845071,4.9733543,1.0,0.9769014084507043
230,189,0.8217391304347826,89.33613756613757,1.4466467998442745,0.3643410852713178,0.07751937984496124,7,3,0.1746031746031746,8,4.232804232804233,Q8WVD5,Q8WVD5,,RNF141,False,230,1208.0,0.012240900502898553,0.011926715202187299,0.0,0.0,1775.0,4.369974604591549,4.3442674,0.9994366197183099,0.9605633802816902
259,213,0.8223938223938224,89.80661971830985,1.6804932431890898,0.3,0.12307692307692308,7,1,0.16901408450704225,5,2.3474178403755865,Q8WVF5,Q8WVF5,,KCTD4,False,259,1208.0,0.07418937428530918,0.07305841583098414,0.0,0.0,1775.0,0.33026578103492954,0.03181298,0.09915492957746479,0.03323943661971831
375,312,0.832,90.7434935897436,1.1856803545427752,0.2603550295857988,0.0650887573964497,3,0,0.23076923076923078,31,9.935897435897436,Q8WVN8,Q8WVN8,,UBE2Q2,False,375,1208.0,0.007120280791898228,0.01020018481316565,0.0,0.0,1775.0,4.493675489988732,4.503565,0.9954929577464788,0.971830985915493
376,263,0.699468085106383,90.3284030418251,2.8640446277314338,0.37349397590361444,0.13253012048192772,18,1,0.16730038022813687,11,4.182509505703422,Q8WVZ7,Q8WVZ7,,RNF133,False,376,1208.0,0.035543037972297194,0.036848297973681846,0.0,0.0,1775.0,0.10556414767098592,0.021071736,0.011830985915492958,0.0005633802816901409
684,530,0.7748538011695907,91.48901886792454,1.3039205383133337,0.31970260223048325,0.08550185873605948,11,3,0.2037735849056604,20,3.7735849056603774,Q8WVZ9,Q8WVZ9,,KBTBD7,False,684,1165.0,0.03924677939368389,0.037647653265912,0.0,0.0,1775.0,2.2366071410732395,2.214103,0.9464788732394366,0.1645070422535211
429,204,0.4755244755244755,86.69088235294119,2.5530505247626034,0.45901639344262296,0.10655737704918032,20,3,0.25,14,6.862745098039216,Q8WWF5,Q8WWF5,,ZNRF4,False,429,1208.0,0.04265073431383866,0.04861993065041075,0.0008278145695364238,0.0,1775.0,0.0055799195442253514,0.0,0.0005633802816901409,0.0005633802816901409
1683,447,0.26559714795008915,82.75648769574944,1.8491961429384307,0.29714285714285715,0.06285714285714286,8,4,0.14988814317673377,14,3.131991051454139,Q8WWI1,Q8WWI1,,LMO7,False,1683,1208.0,0.15596021507761695,0.15690273586361775,0.0,0.0,1775.0,5.306553270822536,5.4009137,0.9915492957746479,0.8816901408450705
329,279,0.8480243161094225,91.97827956989246,1.3603052146843337,0.3836477987421384,0.1320754716981132,12,4,0.2114695340501792,53,18.996415770609318,Q8WWX0,Q8WWX0,,ASB5,False,329,1208.0,0.11977619949051857,0.1200468748214477,0.0008278145695364238,0.0,1775.0,0.28357037214478875,0.022727154,0.07098591549295774,0.028169014084507043
323,293,0.9071207430340558,91.00897610921503,1.4980585294826376,0.4152046783625731,0.13450292397660818,21,3,0.2150170648464164,49,16.723549488054605,Q8WXH4,Q8WXH4,,ASB11,False,323,1208.0,0.22212618406688436,0.2239929125645957,0.0,0.0,1775.0,0.09563085424901409,0.0,0.023098591549295774,0.008450704225352112
440,208,0.4727272727272727,91.6212980769231,1.7400964136224935,0.4090909090909091,0.15151515151515152,8,3,0.20192307692307693,23,11.057692307692307,Q8WXH5,Q8WXH5,,SOCS4,False,440,1208.0,-0.08395103205800156,-0.08842248676109779,0.0041390728476821195,0.0,1775.0,3.872246748169014,3.875721,0.9994366197183099,0.908169014084507
277,184,0.6642599277978339,89.57842391304348,1.6551649549267489,0.3125,0.10416666666666667,4,0,0.19021739130434784,9,4.891304347826087,Q8WXH6,Q8WXH6,,RAB40A,False,277,1047.0,-0.0589419209262138,-0.056463412920648,0.0009551098376313276,0.0,1775.0,0.6924771928242254,0.6260578,0.2428169014084507,0.0028169014084507044
467,366,0.7837259100642399,88.5864480874317,1.4677275223563249,0.3146067415730337,0.07865168539325842,9,1,0.2459016393442623,19,5.191256830601093,Q8WXI3,Q8WXI3,,ASB10,False,467,1208.0,-0.005718456162888785,-0.0070285983917416,0.0,0.0,1775.0,0.00513376568056338,0.0,0.0,0.0
295,249,0.8440677966101695,91.82622489959839,1.2550141429526989,0.34146341463414637,0.10569105691056911,8,1,0.2289156626506024,37,14.859437751004014,Q8WXJ9,Q8WXJ9,,ASB17,False,295,1208.0,-0.05697042424337891,-0.05505992011641455,0.0024834437086092716,0.0,1775.0,0.0021115778535211265,0.0,0.0,0.0
588,514,0.8741496598639455,93.2431906614786,1.5983680760544061,0.31092436974789917,0.11764705882352941,7,2,0.20622568093385213,28,5.447470817120623,Q8WXK1,Q8WXK1,,ASB15,False,588,1208.0,0.17684465912526526,0.1709469577229903,0.0,0.0,1775.0,0.03360226489295774,0.0,0.0067605633802816905,0.0016901408450704226
278,259,0.9316546762589928,95.56969111969111,1.325706560900743,0.3333333333333333,0.08695652173913043,9,1,0.22393822393822393,37,14.285714285714285,Q8WXK3,Q8WXK3,,ASB13,False,278,1208.0,0.12669655293049323,0.1251595320044609,0.0008278145695364238,0.0,1775.0,3.1390668386,3.1586828,0.9723943661971831,0.5684507042253522
309,246,0.7961165048543689,89.47845528455285,1.4068484393837204,0.3308270676691729,0.11278195488721804,8,3,0.21951219512195122,33,13.414634146341465,Q8WXK4,Q8WXK4,,ASB12,False,309,1208.0,0.04068406494711274,0.04325993701332485,0.0,0.0,1775.0,0.12438004328845072,0.03253535,0.009014084507042254,0.0
445,381,0.8561797752808988,91.82396325459318,1.2385450088407695,0.31390134529147984,0.08520179372197309,9,3,0.2230971128608924,20,5.2493438320209975,Q8WY64,Q8WY64,,MYLIP,False,445,1208.0,0.07358768237970387,0.08065182111726454,0.011589403973509934,0.0008278145695364238,1775.0,2.954358118845634,3.012978,0.9509859154929577,0.5047887323943662
329,232,0.7051671732522796,92.84525862068966,2.002678932869585,0.26865671641791045,0.06716417910447761,4,0,0.2025862068965517,12,5.172413793103448,Q8WZ19,Q8WZ19,,KCTD13,False,329,1208.0,0.0541707878766338,0.04935735296989855,0.0,0.0,1775.0,3.50449886731831,3.5153215,0.9977464788732394,0.7487323943661972
381,267,0.7007874015748031,93.89086142322098,1.715691949400703,0.23170731707317074,0.0975609756097561,8,2,0.19101123595505617,27,10.112359550561797,Q9BWX1,Q9BWX1,,PHF7,False,381,1208.0,-0.057875014193714,-0.05716701932272936,0.0008278145695364238,0.0,1775.0,2.659200061988732,2.60046,0.9752112676056338,0.323943661971831
425,307,0.7223529411764706,93.32250814332248,3.166862364853453,0.33587786259541985,0.11068702290076336,11,7,0.20195439739413681,12,3.908794788273615,Q9BZY9,Q9BZY9,,TRIM31,False,425,1208.0,0.07763354776117747,0.0774472767059651,0.0,0.0,1775.0,0.7066465322157747,0.08537435,0.1723943661971831,0.0867605633802817
525,425,0.8095238095238095,92.77322352941177,1.511735605140892,0.3133047210300429,0.04721030042918455,10,3,0.2188235294117647,29,6.8235294117647065,Q9BX70,Q9BX70,,BTBD2,False,525,1208.0,0.008867931067659424,0.0157949457296563,0.0008278145695364238,0.0,1775.0,5.057283022028169,5.0914884,1.0,0.9926760563380281
423,391,0.9243498817966903,95.56383631713557,1.2509978567292144,0.2564102564102564,0.12307692307692308,8,3,0.12020460358056266,7,1.7902813299232736,Q9UKC9,Q9UKC9,,FBXL2,False,423,1208.0,-0.029366232806726875,-0.0247279694838742,0.0016556291390728477,0.0,1775.0,2.3389453582433806,2.5042136,0.8326760563380282,0.3008450704225352
481,455,0.9459459459459459,91.89356043956045,2.3161910682241293,0.33226837060702874,0.08306709265175719,15,5,0.2043956043956044,48,10.54945054945055,Q9UDY6,Q9UDY6,,TRIM10,False,481,1208.0,-0.05623279288742592,-0.05462497361990665,0.0016556291390728477,0.0,1775.0,0.17910098807661973,0.007024665,0.061971830985915494,0.005633802816901409
824,621,0.7536407766990292,91.7685346215781,1.2421637536643488,0.29491525423728815,0.07796610169491526,7,2,0.18840579710144928,18,2.898550724637681,Q9UDY8,Q9UDY8,,MALT1,False,824,1208.0,0.12337481136522213,0.12649990750087303,0.0,0.0,1775.0,3.7094702767492955,3.7266896,0.9938028169014085,0.7611267605633802
701,376,0.536376604850214,95.56598404255318,1.2591416658914725,0.27472527472527475,0.0989010989010989,7,1,0.1276595744680851,9,2.393617021276596,Q9UF56,Q9UF56,,FBXL17,False,701,1208.0,-0.004541163560401343,0.0007576531764912,0.006622516556291391,0.0,1775.0,3.196888364687324,3.2472365,0.9932394366197184,0.6236619718309859
587,555,0.9454855195911414,93.15401801801801,1.377371089903846,0.2857142857142857,0.06620209059233449,12,2,0.2126126126126126,40,7.207207207207207,Q9UH77,Q9UH77,,KLHL3,False,587,1208.0,-0.1034745297946394,-0.10271791948453474,0.0008278145695364238,0.0,1775.0,0.9474818647002816,0.8161762,0.40788732394366195,0.013521126760563381
709,449,0.6332863187588152,89.28309576837417,1.5433405882575832,0.3835616438356164,0.1267123287671233,9,7,0.22717149220489977,48,10.690423162583519,Q9UH90,Q9UH90,,FBXO40,False,709,1208.0,-0.016547038557308075,-0.0138132553879436,0.0,0.0,1775.0,0.02607051118478873,0.0,0.0033802816901408453,0.0
482,231,0.47925311203319504,86.891341991342,1.7654594571428714,0.3546511627906977,0.1744186046511628,5,3,0.19913419913419914,8,3.463203463203463,Q9UHC7,Q9UHC7,,MKRN1,False,482,1208.0,-0.30760822470208776,-0.2987261379135956,0.10347682119205298,0.0,1775.0,5.755563352788732,5.7549596,1.0,0.9994366197183099
1024,906,0.884765625,90.70931567328918,1.3731793369998295,0.21772151898734177,0.08860759493670886,5,1,0.18763796909492272,39,4.304635761589404,Q9UII4,Q9UII4,,HERC5,False,1024,1208.0,0.015683636680664182,0.01780150088531795,0.0008278145695364238,0.0,1775.0,1.9201744649836618,1.755866,0.6450704225352113,0.2591549295774648
491,359,0.7311608961303462,90.14796657381616,1.7982160749621463,0.2767857142857143,0.08482142857142858,14,3,0.1615598885793872,17,4.735376044568245,Q9UJ41,Q9UJ41,,RABGEF1,False,491,383.0,-0.19460806434097844,-0.1653202744452154,0.10182767624020887,0.0026109660574412533,1775.0,4.240237627549297,4.2326913,1.0,0.9825352112676057
1249,185,0.14811849479583666,89.0327027027027,1.4111740486797597,0.34285714285714286,0.11428571428571428,7,2,0.25405405405405407,24,12.972972972972974,Q9UJ55,Q9UJ55,,MAGEL2,False,1249,77.0,0.03436105334287639,0.0371497818882152,0.0,0.0,1775.0,0.17777069570309859,0.0,0.06591549295774649,0.010140845070422535
597,556,0.931323283082077,94.24739208633095,1.4039122899786174,0.3829787234042553,0.07092198581560284,9,6,0.23201438848920863,15,2.697841726618705,Q9UJP4,Q9UJP4,,KLHL21,False,597,1208.0,0.0009753104957133544,0.0057841485333511005,0.0033112582781456954,0.0,1775.0,3.814896572428169,3.822312,0.9983098591549295,0.8349295774647887
491,367,0.7474541751527495,95.5400544959128,1.2771048273399235,0.2808988764044944,0.12921348314606743,8,1,0.13896457765667575,21,5.722070844686648,Q9UJT9,Q9UJT9,,FBXL7,False,491,1208.0,0.08007278449744491,0.08494686420994685,0.0016556291390728477,0.0,1775.0,1.2927438777904223,0.1710018,0.4169014084507042,0.20450704225352112
735,580,0.7891156462585034,89.98329310344828,2.3890808466902445,0.36153846153846153,0.07948717948717948,13,7,0.19137931034482758,30,5.172413793103448,Q9UJV3,Q9UJV3,,MID2,False,735,1208.0,-0.07369181165702947,-0.07026378572149815,0.0033112582781456954,0.0,1775.0,1.6610959836952113,1.836938,0.64,0.1667605633802817
597,520,0.8710217755443886,91.0075,1.294661113300995,0.3008130081300813,0.09349593495934959,13,2,0.2326923076923077,31,5.961538461538462,Q9UJX2,Q9UJX2,,CDC23,False,597,1208.0,-2.2292769796578527,-2.233199378481644,1.0,0.9958609271523179,1775.0,5.202520966366197,5.238076,1.0,0.9983098591549295
565,495,0.8761061946902655,88.76880808080807,1.305712968167256,0.30514705882352944,0.0625,6,5,0.22828282828282828,27,5.454545454545454,Q9UJX3,Q9UJX3,,ANAPC7,False,565,1208.0,-0.17867468312712856,-0.17043609284938,0.043874172185430466,0.0,1775.0,6.124321852676056,6.1951823,1.0,0.9983098591549295
755,624,0.8264900662251655,88.84628205128206,1.3664338556896365,0.3044982698961938,0.10380622837370242,5,1,0.2516025641025641,68,10.897435897435898,Q9UJX4,Q9UJX4,,ANAPC5,False,755,1208.0,-1.1379932817436507,-1.1300346451925098,0.9859271523178808,0.7003311258278145,1775.0,6.684348719549295,6.7061715,1.0,1.0
808,654,0.8094059405940595,88.86336391437308,1.2676525864963235,0.25517241379310346,0.08275862068965517,11,2,0.21253822629969418,22,3.3639143730886847,Q9UJX5,Q9UJX5,,ANAPC4,False,808,1208.0,-1.056757973203133,-1.0352181341479243,0.9677152317880795,0.5579470198675497,1775.0,4.282209056732395,4.3304005,1.0,0.9684507042253521
822,652,0.7931873479318735,85.30662576687116,1.8223994059427067,0.28690807799442897,0.0584958217270195,7,4,0.23466257668711657,28,4.294478527607362,Q9UJX6,Q9UJX6,,ANAPC2,False,822,1208.0,-1.4509688502585174,-1.4276062258567046,0.9950331125827815,0.9031456953642384,1775.0,4.541795438011268,4.6244693,0.9994366197183099,0.9577464788732394
296,249,0.8412162162162162,94.56915662650603,1.5487887410932646,0.34057971014492755,0.08695652173913043,12,2,0.22088353413654618,28,11.244979919678714,Q9UK22,Q9UK22,,FBXO2,False,296,1208.0,-0.005092256021103176,-0.00663724372222485,0.0024834437086092716,0.0,1775.0,2.0039658530647886,1.3377682,0.5864788732394366,0.2704225352112676
956,646,0.6757322175732218,92.92402476780187,1.438857561235809,0.3008130081300813,0.12195121951219512,9,2,0.1826625386996904,8,1.238390092879257,Q9UK96,Q9UK96,,FBXO10,False,956,1208.0,0.02643219760654822,0.0279702918937329,0.0,0.0,1775.0,2.032684357239437,1.9665523,0.9030985915492957,0.11380281690140845
447,328,0.7337807606263982,89.36231707317073,1.6381105704813903,0.3611111111111111,0.10648148148148148,13,4,0.24085365853658536,23,7.01219512195122,Q9UK97,Q9UK97,,FBXO9,False,447,1208.0,-0.11652480552662262,-0.11741001109687345,0.0024834437086092716,0.0,1775.0,5.585055560338028,5.6454306,1.0,0.9971830985915493
471,407,0.8641188959660298,95.86717444717443,1.3546376712508723,0.34134615384615385,0.08173076923076923,11,2,0.20147420147420148,22,5.405405405405405,Q9UK99,Q9UK99,,FBXO3,False,471,1208.0,-0.12975293064030347,-0.1195097302842219,0.013245033112582781,0.0008278145695364238,1775.0,4.258691567943662,4.2891927,1.0,0.9622535211267605
691,403,0.5832127351664255,92.016476426799,1.5065651045821085,0.2727272727272727,0.08585858585858586,8,1,0.19602977667493796,14,3.4739454094292808,Q9UKA1,Q9UKA1,,FBXL5,False,691,1208.0,0.012136821303290189,0.029900044891027,0.0173841059602649,0.0008278145695364238,1775.0,4.966379388169014,4.9823637,1.0,0.9949295774647887
621,525,0.8454106280193237,94.66579047619048,1.0607434425755005,0.32,0.07555555555555556,8,3,0.19238095238095237,34,6.476190476190475,Q9UKA2,Q9UKA2,,FBXL4,False,621,1208.0,-0.02329338244734528,-0.01297601693074585,0.005794701986754967,0.0,1775.0,2.9075485348169017,2.9358218,0.9988732394366198,0.4445070422535211
284,174,0.6126760563380281,93.55425287356323,1.3579648388388603,0.3076923076923077,0.10576923076923077,6,2,0.21839080459770116,13,7.471264367816093,Q9UBV8,Q9UBV8,,PEF1,False,284,1208.0,-0.41608069513819623,-0.41380705674255114,0.2781456953642384,0.0024834437086092716,1775.0,5.65445045971831,5.706569,1.0,1.0
474,410,0.8649789029535865,88.75073170731709,2.1181819451935993,0.3358208955223881,0.08582089552238806,6,4,0.21951219512195122,13,3.1707317073170733,Q9UBS8,Q9UBS8,,RNF14,False,474,1208.0,-0.17963960699607776,-0.18259832054516728,0.03394039735099338,0.0008278145695364238,1775.0,5.283875233183099,5.3113,1.0,0.9932394366197184
1215,816,0.671604938271605,96.01626225490195,1.080515750161399,0.3253424657534247,0.10616438356164383,7,2,0.17647058823529413,16,1.9607843137254901,Q9UBN7,Q9UBN7,,HDAC6,False,1215,1208.0,0.028038763545923353,0.0293387602915434,0.0,0.0,1775.0,4.7047691703661965,4.70998,1.0,0.9814084507042253
1132,494,0.4363957597173145,90.72216599190283,1.369371663272395,0.3004115226337449,0.09465020576131687,4,0,0.2550607287449393,39,7.894736842105263,Q9P203,Q9P203,,BTBD7,False,1132,1208.0,-0.16549967543467112,-0.1661989374425277,0.018211920529801324,0.0,1775.0,3.4900868739380284,3.4972801,0.9994366197183099,0.7966197183098591
84,84,1.0,92.3742857142857,2.025170595911736,0.421875,0.15625,7,2,0.16666666666666666,7,8.333333333333332,Q9NYG5,Q9NYG5,,ANAPC11,False,84,1208.0,-1.7475466289110007,-1.7513355852394352,0.9966887417218543,0.945364238410596,1775.0,7.177305940112676,7.209073,1.0,1.0
404,330,0.8168316831683168,93.68406060606061,1.0248997701664597,0.373015873015873,0.09523809523809523,8,3,0.20303030303030303,46,13.939393939393941,Q9NYS7,Q9NYS7,,WSB2,False,404,1208.0,-0.2034068861756312,-0.1714988581671518,0.06705298013245033,0.009105960264900662,1775.0,5.328078072523943,5.486135,0.9954929577464788,0.9701408450704225
730,339,0.4643835616438356,93.0252802359882,1.0084222291422567,0.25396825396825395,0.07142857142857142,3,0,0.17699115044247787,26,7.669616519174041,Q9NZJ0,Q9NZJ0,,DTL,False,730,1208.0,-2.278495316745653,-2.274152418731462,1.0,0.9991721854304636,1775.0,4.5379584072394366,4.7296777,0.9892957746478873,0.9025352112676056
450,376,0.8355555555555556,88.62324468085106,1.673482388496423,0.48627450980392156,0.1568627450980392,48,8,0.2712765957446808,45,11.96808510638298,Q9NZS9,Q9NZS9,,BFAR,False,450,1208.0,-0.018770415561840705,-0.02462968149189075,0.0008278145695364238,0.0,1775.0,6.06190926174648,6.0711427,1.0,0.9994366197183099
198,175,0.8838383838383839,88.12440000000001,2.019170780444377,0.34959349593495936,0.032520325203252036,18,3,0.18857142857142858,12,6.857142857142858,Q9P000,Q9P000,,COMMD9,False,198,1208.0,-0.09416384818679668,-0.08181307651774244,0.006622516556291391,0.0,1775.0,5.099761786760564,5.1495643,0.9994366197183099,0.9943661971830986
117,102,0.8717948717948718,91.65254901960786,3.0376123536171957,0.42105263157894735,0.042105263157894736,10,5,0.21568627450980393,16,15.686274509803921,Q9P086,Q9P086,,MED11,False,117,1208.0,-2.024806850023159,-2.0038536333369614,1.0,0.9859271523178808,1775.0,4.159528917239436,4.19037,1.0,0.9577464788732394
381,196,0.5144356955380578,90.85591836734693,1.943770272391183,0.3402777777777778,0.04861111111111111,9,5,0.1377551020408163,15,7.653061224489796,Q9P0J7,Q9P0J7,,KCMF1,False,381,1208.0,-0.7998952809508393,-0.7890162010206403,0.8286423841059603,0.23758278145695363,1775.0,5.640917296619718,5.6886363,1.0,0.9932394366197184
246,155,0.6300813008130082,87.2924516129032,2.219046598022036,0.4049586776859504,0.09090909090909091,18,2,0.1935483870967742,12,7.741935483870968,Q9P0N8,Q9P0N8,,MARCHF2,False,246,1090.0,0.004562769280092394,0.0018564394739431999,0.0,0.0,1775.0,3.4328380151380284,3.4582403,0.9949295774647887,0.6940845070422536
153,130,0.8496732026143791,89.74215384615384,2.1379594047831776,0.3333333333333333,0.11764705882352941,7,2,0.14615384615384616,11,8.461538461538462,Q9P0P0,Q9P0P0,,RNF181,False,153,1208.0,-0.2691484461239742,-0.26023036221457474,0.08857615894039735,0.0,1775.0,6.802748677690141,6.8012624,1.0,1.0
55,53,0.9636363636363636,93.99679245283016,2.666017354467314,0.5471698113207547,0.1320754716981132,23,2,0.11320754716981132,4,7.547169811320755,Q9P0U1,Q9P0U1,,TOMM7,False,55,1208.0,-0.13093616696596386,-0.1246835826779896,0.014900662251655629,0.0016556291390728477,1775.0,8.71899470743662,8.699246,1.0,1.0
973,810,0.8324768756423433,83.20056790123456,2.1999922426080962,0.30493273542600896,0.08744394618834081,13,4,0.21728395061728395,22,2.7160493827160495,Q9P253,Q9P253,,VPS18,False,973,1208.0,-0.9039488146101725,-0.9020305368835291,0.9155629139072847,0.3650662251655629,1775.0,3.4972730755211265,3.5068686,0.9994366197183099,0.7774647887323943
195,169,0.8666666666666667,90.80384615384615,1.8396131075345552,0.336283185840708,0.07079646017699115,9,2,0.20118343195266272,10,5.9171597633136095,Q9UBI1,Q9UBI1,,COMMD3,False,195,1208.0,-0.1994965656459785,-0.173813257483603,0.0728476821192053,0.0016556291390728477,1775.0,5.837279064112676,5.8202558,1.0,0.9977464788732394
1123,354,0.31522707034728403,91.16604519774012,1.2716412303529938,0.31666666666666665,0.05555555555555555,9,3,0.192090395480226,16,4.519774011299435,Q9P275,Q9P275,,USP36,False,1123,1208.0,-1.1416587305546408,-1.1424157209861279,0.9942052980132451,0.7326158940397351,1775.0,4.788343326366197,4.7800894,1.0,0.9943661971830986
410,165,0.4024390243902439,86.4470303030303,1.9825865569150092,0.47244094488188976,0.14173228346456693,20,2,0.23030303030303031,24,14.545454545454545,Q9P2E8,Q9P2E8,,MARCHF4,False,410,1090.0,-0.12493234445579673,-0.11925799116059574,0.010091743119266056,0.0,1775.0,1.1519395951628169,0.22357206,0.363943661971831,0.16788732394366196
1089,638,0.5858585858585859,88.27468652037618,1.6723860304239238,0.24929178470254956,0.08781869688385269,6,2,0.21630094043887146,23,3.605015673981191,Q9P2G1,Q9P2G1,,ANKIB1,False,1089,1208.0,-0.02362999227129398,-0.014760060397780599,0.009933774834437087,0.0008278145695364238,1775.0,4.415250360394366,4.4634,1.0,0.9667605633802817
620,565,0.9112903225806451,95.45706194690266,1.3326149473553472,0.27007299270072993,0.08394160583941605,7,3,0.21061946902654868,36,6.371681415929204,Q9P2G9,Q9P2G9,,KLHL8,False,620,1208.0,0.15545623304534217,0.16018920117396152,0.0008278145695364238,0.0008278145695364238,1775.0,3.2337509248225356,3.2225,0.9966197183098592,0.6253521126760564
617,572,0.9270664505672609,95.60132867132867,1.4175773302282448,0.32,0.09090909090909091,7,2,0.23426573426573427,37,6.468531468531468,Q9P2J3,Q9P2J3,,KLHL9,False,617,1208.0,0.10255096538663051,0.09774059733458525,0.0008278145695364238,0.0,1775.0,3.517830331387606,3.7578766,0.9290140845070423,0.7943661971830986
505,425,0.8415841584158416,91.41385882352941,1.3577011874911975,0.3112244897959184,0.07653061224489796,5,1,0.21176470588235294,17,4.0,Q9P2K6,Q9P2K6,,KLHL42,False,505,1208.0,-0.08353326543306414,-0.0776053059222923,0.0041390728476821195,0.0,1775.0,3.8340812109859157,3.84002,0.9994366197183099,0.8681690140845071
655,573,0.8748091603053435,95.5512739965096,1.4191648087250626,0.31636363636363635,0.09090909090909091,7,2,0.2338568935427574,35,6.108202443280978,Q9P2N7,Q9P2N7,,KLHL13,False,655,1208.0,0.0208413831592992,0.026384909491155302,0.0016556291390728477,0.0,1775.0,1.8535629594940843,1.5797932,0.5994366197183099,0.24112676056338028
1572,743,0.47264631043257,87.54697173620458,1.3155888445018704,0.29095354523227385,0.12469437652811736,8,4,0.2018842530282638,13,1.7496635262449527,Q9P2P5,Q9P2P5,,HECW2,False,1572,1208.0,0.04537609337459669,0.0430255235501691,0.0,0.0,1775.0,1.1555125442005636,0.712513,0.41295774647887323,0.08619718309859155
373,175,0.4691689008042895,88.00028571428572,1.3624870659016997,0.37755102040816324,0.15306122448979592,5,2,0.25142857142857145,10,5.714285714285714,Q9UBF1,Q9UBF1,,MAGEC2,False,373,1208.0,0.04499654918636379,0.0479500999047631,0.0008278145695364238,0.0,1775.0,0.9745713897752113,0.069725536,0.21295774647887325,0.13464788732394367
113,85,0.7522123893805309,90.76517647058823,2.1544391434955528,0.40625,0.078125,8,1,0.18823529411764706,10,11.76470588235294,Q9UBF6,Q9UBF6,,RNF7,False,113,1208.0,0.03540198219452471,0.035484613430131,0.012417218543046357,0.0,1775.0,6.64305086230986,6.630379,0.9994366197183099,0.9994366197183099
542,447,0.8247232472324724,94.82147651006711,1.3481855262519158,0.24107142857142858,0.08035714285714286,5,1,0.18120805369127516,18,4.026845637583892,Q9UKB1,Q9UKB1,,FBXW11,False,542,1208.0,-0.478852036916539,-0.4444778526148382,0.451158940397351,0.07036423841059603,1775.0,4.775810683042253,4.8505692,0.9988732394366198,0.9791549295774647
447,187,0.41834451901565994,87.92524064171126,2.0316847605521464,0.3028169014084507,0.04929577464788732,10,3,0.22459893048128343,15,8.02139037433155,Q9UKT4,Q9UKT4,,FBXO5,False,447,1208.0,-1.2076665915600109,-1.1702928179980852,0.9801324503311258,0.7102649006622517,1775.0,4.666913078084508,4.7274904,0.9988732394366198,0.9391549295774648
234,155,0.6623931623931624,92.40703225806452,2.3728775740251056,0.29411764705882354,0.10784313725490197,8,1,0.23225806451612904,13,8.38709677419355,Q9NXV2,Q9NXV2,,KCTD5,False,234,1208.0,-0.056244151330086166,-0.06869023674175964,0.06788079470198675,0.0173841059602649,1775.0,4.534972281577465,4.527177,0.9994366197183099,0.9892957746478873
387,272,0.7028423772609819,88.92279411764706,1.3265042072653122,0.288,0.08,10,2,0.20955882352941177,11,4.044117647058823,Q9UKT5,Q9UKT5,,FBXO4,False,387,1208.0,-0.004019892817859731,-0.0015725672394531001,0.0,0.0,1775.0,3.4466732929870423,3.5111518,0.9785915492957746,0.7211267605633803
301,242,0.8039867109634552,88.09495867768597,1.874706044410173,0.3485714285714286,0.07428571428571429,8,1,0.17355371900826447,6,2.479338842975207,Q9Y314,Q9Y314,,NOSIP,False,301,1208.0,-0.22175714786708123,-0.21164072152086827,0.04718543046357616,0.0016556291390728477,1775.0,5.664642279605634,5.652687,1.0,1.0
318,210,0.660377358490566,91.85090476190477,1.2943695243672328,0.3898305084745763,0.05084745762711865,19,1,0.1761904761904762,12,5.714285714285714,Q9Y385,Q9Y385,,UBE2J1,False,318,1208.0,0.0037453293269606694,0.0193239246534022,0.01076158940397351,0.0,1775.0,4.848331701611267,4.7902975,0.9983098591549295,0.9825352112676057
154,104,0.6753246753246753,90.14480769230771,1.6912499219470178,0.46835443037974683,0.08860759493670886,8,3,0.22115384615384615,17,16.346153846153847,Q9Y3C5,Q9Y3C5,,RNF11,False,154,1208.0,-0.203509029821643,-0.1983560069125076,0.022350993377483443,0.0016556291390728477,1775.0,5.815033200140845,5.921629,0.9983098591549295,0.9847887323943662
131,121,0.9236641221374046,95.66719008264464,1.705138466574929,0.3563218390804598,0.19540229885057472,5,1,0.23140495867768596,17,14.049586776859504,Q9Y3C7,Q9Y3C7,,MED31,False,131,1208.0,-0.9581146521863938,-0.9485654802311622,0.9586092715231788,0.40894039735099336,1775.0,4.415628926591549,4.4454885,1.0,0.971830985915493
522,283,0.5421455938697318,84.7091519434629,1.7118525468448789,0.3314285714285714,0.06857142857142857,20,3,0.21554770318021202,10,3.53356890459364,Q9Y3I1,Q9Y3I1,,FBXO7,False,522,1208.0,-0.14552881462568532,-0.10356914615917401,0.07367549668874172,0.009933774834437087,1775.0,5.944904413577464,5.902358,1.0,1.0
1467,693,0.4723926380368098,88.46124098124098,1.0889142821088034,0.29874213836477986,0.050314465408805034,10,2,0.17893217893217894,12,1.7316017316017316,Q9Y4B4,Q9Y4B4,,RAD54L2,False,1467,1208.0,-0.16902905853789307,-0.1521033139968747,0.050496688741721855,0.0074503311258278145,1775.0,2.7313515348619712,2.7222147,0.9904225352112676,0.36225352112676057
1321,854,0.6464799394398183,84.52530444964871,1.1092329858291514,0.33611111111111114,0.06388888888888888,9,6,0.22131147540983606,24,2.810304449648712,Q9Y4D8,Q9Y4D8,,HECTD4,False,3996,74.0,0.13119674978699908,0.13521129890787636,0.013513513513513514,0.0,1775.0,3.548373618405634,3.5647926,0.9988732394366198,0.7357746478873239
522,436,0.8352490421455939,93.17511467889908,2.102055897080168,0.34576271186440677,0.10508474576271186,9,5,0.1834862385321101,13,2.981651376146789,Q9Y4K3,Q9Y4K3,,TRAF6,False,522,1208.0,-0.11022113774773744,-0.09320465542464634,0.03228476821192053,0.0008278145695364238,1775.0,2.4747244282760565,2.474444,0.9954929577464788,0.13802816901408452
304,104,0.34210526315789475,83.78548076923076,1.9403636999848688,0.3684210526315789,0.10526315789473684,6,2,0.20192307692307693,8,7.6923076923076925,Q9Y4L5,Q9Y4L5,,RNF115,False,304,1208.0,-0.07174984603909756,-0.061981772610420954,0.020695364238410598,0.0,1775.0,3.3235997377464788,3.342532,0.9994366197183099,0.7143661971830986
557,430,0.7719928186714542,92.30860465116278,1.3951328223402668,0.2625,0.09166666666666666,8,1,0.21395348837209302,19,4.4186046511627906,Q9Y4X5,Q9Y4X5,,ARIH1,False,557,1208.0,-1.4188695630415933,-1.4129961087419045,0.9801324503311258,0.8733443708609272,1775.0,5.286017956450704,5.331956,1.0,0.9960563380281691
584,546,0.934931506849315,92.56479853479854,1.3364244419315623,0.32234432234432236,0.09157509157509157,7,4,0.23076923076923078,59,10.805860805860807,Q9Y573,Q9Y573,,IPP,False,584,1208.0,-0.09690158717534393,-0.09521224037735485,0.027317880794701987,0.0,1775.0,2.985997563650704,3.0600023,0.984225352112676,0.5301408450704226
426,405,0.9507042253521126,94.62977777777778,1.4483027272600948,0.34196891191709844,0.15025906735751296,8,2,0.22469135802469137,18,4.444444444444445,Q9Y574,Q9Y574,,ASB4,False,426,1208.0,0.1756124211443608,0.1692088372865054,0.0,0.0,1775.0,0.32603090822140846,0.02074469,0.08338028169014085,0.03323943661971831
518,494,0.9536679536679536,92.73408906882591,1.7341994865864199,0.2581967213114754,0.0942622950819672,4,0,0.22469635627530365,25,5.060728744939271,Q9Y575,Q9Y575,,ASB3,False,518,1208.0,-0.028216722154583054,-0.0170861719125038,0.014072847682119206,0.0041390728476821195,1775.0,3.7536123289014083,3.7502635,1.0,0.9076056338028169
335,242,0.7223880597014926,91.95053719008264,1.3961363345890974,0.3360655737704918,0.09836065573770492,10,2,0.2231404958677686,32,13.223140495867769,Q9Y576,Q9Y576,,ASB1,False,335,1208.0,0.05980071684850672,0.05304786160500795,0.0033112582781456954,0.0,1775.0,4.0988273799999995,4.0697794,1.0,0.931830985915493
477,408,0.8553459119496856,90.8780637254902,2.591896196742296,0.34519572953736655,0.05693950177935943,9,6,0.18382352941176472,12,2.941176470588235,Q9Y577,Q9Y577,,TRIM17,False,477,1208.0,-0.15281543079772467,-0.145249427390345,0.008278145695364239,0.0,1775.0,0.6031916657498592,0.33493662,0.1752112676056338,0.023098591549295774
815,484,0.5938650306748466,91.3254958677686,1.3174650885842063,0.28440366972477066,0.08256880733944955,7,1,0.21487603305785125,27,5.578512396694215,Q9Y597,Q9Y597,,KCTD3,False,815,1208.0,0.15309300562607855,0.1514553263270294,0.0008278145695364238,0.0,1775.0,4.852802999286197,4.9367557,0.9853521126760564,0.9616901408450704
225,156,0.6933333333333334,88.86429487179488,1.2684814694908912,0.6067415730337079,0.16853932584269662,13,7,0.33974358974358976,29,18.58974358974359,Q9Y5U4,Q9Y5U4,,INSIG2,False,225,1208.0,0.036568526894377534,0.03969393146179255,0.0008278145695364238,0.0008278145695364238,1775.0,4.947995303802817,4.888242,0.9994366197183099,0.9898591549295774
778,219,0.2814910025706941,89.1211415525114,1.3643729620613372,0.3504273504273504,0.07692307692307693,15,2,0.2374429223744292,27,12.32876712328767,Q9Y5V3,Q9Y5V3,,MAGED1,False,778,1208.0,0.05689460749366783,0.05590113746323,0.0,0.0,1775.0,5.958376967708169,6.220028,0.9622535211267605,0.9425352112676056
202,168,0.8316831683168316,89.01529761904762,1.8537559961738213,0.2803738317757009,0.102803738317757,9,2,0.21428571428571427,12,7.142857142857142,Q9Y6G5,Q9Y6G5,,COMMD10,False,202,1208.0,-0.046324197844576046,-0.04149225238727175,0.009933774834437087,0.0,1775.0,4.696247728630985,4.7299933,0.9994366197183099,0.9870422535211267
919,236,0.25680087051142547,89.98983050847458,1.7851160659048724,0.2689655172413793,0.0896551724137931,7,3,0.15677966101694915,6,2.5423728813559325,Q9Y6H5,Q9Y6H5,,SNCAIP,False,919,1208.0,0.018315088145902395,0.0166694282953042,0.0008278145695364238,0.0,1775.0,0.6976386107774648,0.15067925,0.2180281690140845,0.06422535211267606
421,357,0.8479809976247031,91.70504201680671,1.024378636041105,0.37142857142857144,0.10714285714285714,7,1,0.226890756302521,26,7.282913165266107,Q9Y6I7,Q9Y6I7,,WSB1,False,421,1208.0,-0.043449707562992115,-0.029118088652116,0.0173841059602649,0.0024834437086092716,1775.0,6.169606204619718,6.250075,0.9988732394366198,0.9949295774647887
377,180,0.47745358090185674,81.79755555555555,3.6675305528510895,0.4017094017094017,0.07692307692307693,16,2,0.15555555555555556,5,2.7777777777777777,Q9Y6U7,Q9Y6U7,,RNF215,False,377,1208.0,-0.03898568593131992,-0.044458757712130204,0.004966887417218543,0.0,1775.0,3.2922074961464785,3.3222268,0.9949295774647887,0.6580281690140845
642,535,0.8333333333333334,93.36102803738318,1.2121971921086936,0.2669172932330827,0.10902255639097744,8,2,0.21682242990654205,33,6.16822429906542,Q9Y6Y0,Q9Y6Y0,,IVNS1ABP,False,642,1208.0,0.011994149286784389,0.02055357586156245,0.0016556291390728477,0.0,1775.0,5.91902858253521,5.8686447,1.0,0.9983098591549295
147,147,1.0,96.31632653061224,1.269966365282073,0.2962962962962963,0.09876543209876543,7,1,0.2653061224489796,22,14.965986394557824,Q9Y2X8,Q9Y2X8,,UBE2D4,False,147,1208.0,-0.11607954679224311,-0.11329704991984829,0.0016556291390728477,0.0,1775.0,3.4072877743233803,3.4189131,0.9960563380281691,0.7307042253521127
406,365,0.8990147783251231,94.84295890410957,1.0689004403687499,0.2787878787878788,0.08484848484848485,9,2,0.2191780821917808,41,11.232876712328768,Q9Y2U9,Q9Y2U9,,KLHDC2,False,406,1208.0,0.13027184986025195,0.1301423168058208,0.0008278145695364238,0.0,1775.0,4.999180051943662,5.01069,1.0,0.9966197183098592
609,553,0.9080459770114943,93.12976491862567,1.375121520603844,0.2702702702702703,0.06418918918918919,7,2,0.20433996383363473,30,5.424954792043399,Q9Y2M5,Q9Y2M5,,KLHL20,False,609,1208.0,-0.10041211820903607,-0.09099161471041685,0.0024834437086092716,0.0,1775.0,3.732746130388733,3.7589853,0.9994366197183099,0.8766197183098592
496,375,0.7560483870967742,93.35066666666668,1.4065135917445488,0.3407821229050279,0.12849162011173185,5,3,0.18133333333333335,31,8.266666666666666,Q9UM11,Q9UM11,,FZR1,False,496,1208.0,-0.18661442100394904,-0.16744712059869982,0.1316225165562914,0.011589403973509934,1775.0,4.209086933746479,4.2439585,1.0,0.9447887323943662
434,395,0.9101382488479263,94.25384810126582,1.2602373732495162,0.29901960784313725,0.11764705882352941,9,2,0.14936708860759493,13,3.2911392405063293,Q9UKT6,Q9UKT6,,FBXL21P,False,434,,,,,,,,,,
428,390,0.9112149532710281,94.68661538461538,1.2674246156984978,0.3076923076923077,0.1076923076923077,11,2,0.16153846153846155,8,2.051282051282051,Q9UKT7,Q9UKT7,,FBXL3,False,428,1208.0,-0.018727943278525613,-0.01599808239764395,0.0016556291390728477,0.0,1775.0,4.643188031605635,4.6721706,0.9994366197183099,0.9819718309859155
454,429,0.9449339207048458,90.76874125874127,1.4481237568028886,0.3037383177570093,0.08878504672897196,10,2,0.20046620046620048,38,8.857808857808857,Q9UKT8,Q9UKT8,,FBXW2,False,454,1208.0,0.04114348633526994,0.04284095286110195,0.0008278145695364238,0.0,1775.0,4.193865857802817,4.2533693,1.0,0.9656338028169014
643,415,0.645412130637636,87.94510843373494,1.4847072739743459,0.43956043956043955,0.13186813186813187,12,9,0.2819277108433735,87,20.96385542168675,Q9UKV5,Q9UKV5,,AMFR,False,643,1208.0,-0.16802104885561955,-0.16261373776073434,0.052980132450331126,0.0016556291390728477,1775.0,5.473319096901408,5.5245433,1.0,0.9977464788732394
735,650,0.8843537414965986,93.63266153846153,1.2075068633384478,0.24509803921568626,0.08496732026143791,9,2,0.2123076923076923,18,2.769230769230769,Q9UL63,Q9UL63,,MKLN1,False,735,1208.0,-0.12129773364288646,-0.11141155812103809,0.018211920529801324,0.0008278145695364238,1775.0,4.350326934873239,4.376089,1.0,0.9695774647887324
438,296,0.6757990867579908,90.41668918918917,2.9860582280106747,0.3768844221105528,0.11055276381909548,25,2,0.18243243243243243,17,5.743243243243244,Q9ULK6,Q9ULK6,,RNF150,False,438,1208.0,0.04225820962964311,0.0407377857007455,0.0008278145695364238,0.0,1775.0,0.9735104268270424,0.37450203,0.363943661971831,0.07943661971830986
936,243,0.25961538461538464,87.52506172839507,2.945765095883035,0.3375796178343949,0.11464968152866242,19,3,0.15637860082304528,9,3.7037037037037033,Q9ULT6,Q9ULT6,,ZNRF3,False,936,1208.0,-0.011055109377541616,-0.0136946501015115,0.0016556291390728477,0.0,1775.0,2.177827465977465,2.122388,0.9154929577464789,0.15492957746478872
2610,1676,0.6421455938697318,85.30658711217184,1.1859235420852288,0.2349869451697128,0.07049608355091384,5,2,0.19749403341288782,26,1.5513126491646778,Q9ULT8,Q9ULT8,,HECTD1,False,2610,1208.0,-0.40638870326099963,-0.3900812222762787,0.34519867549668876,0.037251655629139076,1775.0,5.879138897239437,5.902971,1.0,1.0
474,372,0.7848101265822784,91.02948924731183,1.1729455930617017,0.3149171270718232,0.08287292817679558,4,0,0.20967741935483872,26,6.989247311827956,Q9ULV8,Q9ULV8,,CBLC,False,474,1208.0,-0.11713225968670528,-0.11562120299027145,0.006622516556291391,0.0,1775.0,1.2537043305092956,0.055845346,0.3228169014084507,0.24619718309859154
631,380,0.6022187004754358,88.89997368421052,1.5465245805515229,0.26881720430107525,0.04838709677419355,5,3,0.19736842105263158,16,4.2105263157894735,Q9ULX5,Q9ULX5,,RNF112,False,631,1208.0,0.18145767446229413,0.1838162277404098,0.0,0.0,1775.0,0.6001982134828169,0.27209607,0.17183098591549295,0.03380281690140845
185,171,0.9243243243243243,92.79146198830412,1.3111831540810701,0.29,0.1,5,1,0.1695906432748538,19,11.11111111111111,Q9UM13,Q9UM13,,ANAPC10,False,185,1208.0,-1.1852187121364133,-1.1926928363219385,0.9817880794701986,0.8509933774834437,1775.0,4.615927649295775,4.608141,1.0,0.9954929577464788
1162,755,0.6497418244406197,92.53923178807946,1.1658024890884686,0.24338624338624337,0.06878306878306878,4,0,0.18543046357615894,10,1.3245033112582782,Q9Y2K7,Q9Y2K7,,KDM2A,False,1162,1208.0,-0.6202547028390102,-0.6028034397454682,0.6415562913907285,0.09602649006622517,1775.0,5.1186937283943665,5.0940585,1.0,0.9983098591549295
504,462,0.9166666666666666,93.38971861471862,1.4038637575248494,0.33070866141732286,0.05905511811023622,16,3,0.18614718614718614,25,5.411255411255411,Q9UMS4,Q9UMS4,,PRPF19,False,504,1208.0,-2.653188864071649,-2.7001361680455354,1.0,0.9983443708609272,1775.0,6.408842342028168,6.4460807,1.0,1.0
303,278,0.9174917491749175,93.50420863309353,1.8165792691758043,0.292817679558011,0.06629834254143646,8,4,0.21223021582733814,12,4.316546762589928,Q9UNE7,Q9UNE7,,STUB1,False,303,1208.0,-0.23358960530948802,-0.22038303982024726,0.08112582781456953,0.0016556291390728477,1775.0,5.809760088169013,5.838591,1.0,1.0
1127,501,0.4445430346051464,88.63744510978044,2.292965629934784,0.37534246575342467,0.08493150684931507,9,11,0.16966067864271456,13,2.5948103792415167,Q9UPN9,Q9UPN9,,TRIM33,False,1127,1208.0,-0.09062106539749587,-0.07434861853037045,0.027317880794701987,0.0,1775.0,4.016912312676056,4.024559,1.0,0.9267605633802817
493,448,0.9087221095334685,92.28875000000001,2.243605353226131,0.37116564417177916,0.09202453987730061,16,8,0.18973214285714285,16,3.571428571428571,Q9UPQ4,Q9UPQ4,,TRIM35,False,493,1208.0,0.10821347120529044,0.1077320391502086,0.0,0.0,1775.0,2.971501214738028,2.9772213,0.9983098591549295,0.48225352112676056
1066,523,0.4906191369606004,87.99317399617591,2.0515551767431064,0.3407960199004975,0.07711442786069651,18,7,0.1586998087954111,14,2.676864244741874,Q9UPQ7,Q9UPQ7,,PDZRN3,False,1066,1208.0,0.003915011715852719,0.00612456204722445,0.0008278145695364238,0.0,1775.0,1.2500710780529578,0.18825406,0.36338028169014086,0.19380281690140846
953,847,0.8887722980062959,90.76918536009445,1.137124013442916,0.23768115942028986,0.07536231884057971,4,0,0.17591499409681227,24,2.833530106257379,Q9Y239,Q9Y239,,NOD1,False,953,1208.0,-0.0967283120030013,-0.09335819466116765,0.0016556291390728477,0.0,1775.0,2.3806427014169014,2.3750117,0.9774647887323944,0.17690140845070423
685,128,0.18686131386861313,87.47046875000001,2.7873002299692593,0.2111111111111111,0.12222222222222222,3,0,0.1640625,9,7.03125,Q9Y252,Q9Y252,,RNF6,False,685,1208.0,-0.16208703589745888,-0.16384387620671143,0.005794701986754967,0.0,1775.0,4.782946807830986,4.8253684,1.0,0.9904225352112676
605,444,0.7338842975206612,94.42635135135136,1.3756986875502335,0.25,0.09821428571428571,6,2,0.18018018018018017,13,2.9279279279279278,Q9Y297,Q9Y297,,BTRC,False,605,1208.0,-0.11589210901363421,-0.1161234028562377,0.014900662251655629,0.0,1775.0,3.0495213899718303,3.0607321,1.0,0.5340845070422535
619,418,0.6752827140549273,90.78698564593302,1.4269183325908033,0.32489451476793246,0.0759493670886076,8,2,0.20574162679425836,29,6.937799043062201,Q9Y2E6,Q9Y2E6,,DTX4,False,619,1208.0,-0.009291973769727901,-0.0104612480565466,0.0,0.0,1775.0,1.987563211910986,1.6351832,0.643943661971831,0.27887323943661974
522,421,0.8065134099616859,94.082351543943,1.377973905190044,0.32195121951219513,0.07804878048780488,6,2,0.20902612826603326,20,4.750593824228028,Q9Y2F9,Q9Y2F9,,BTBD3,False,522,1208.0,-0.02146672895714925,-0.00575899493067045,0.0074503311258278145,0.0,1775.0,3.954882892848451,4.041331,0.9374647887323944,0.819718309859155
384,354,0.921875,95.5402824858757,1.0397813709972648,0.38,0.06,9,3,0.2627118644067797,57,16.101694915254235,Q9NYA1,Q9NYA1,,SPHK1,False,384,1208.0,-0.07752050541938371,-0.0813989716034451,0.0033112582781456954,0.0,1775.0,3.2061161888828167,3.1698143,0.8659154929577465,0.532394366197183
571,560,0.9807355516637478,93.46485714285714,1.3104265926638514,0.32269503546099293,0.11702127659574468,6,2,0.22321428571428573,48,8.571428571428571,Q9NXS3,Q9NXS3,,KLHL28,False,571,1208.0,0.06146941080878848,0.057938071731430854,0.0,0.0,1775.0,2.7647590116507046,2.789769,0.9926760563380281,0.3515492957746479
433,343,0.792147806004619,84.34102040816327,2.950068852189956,0.5679012345679012,0.10185185185185185,127,4,0.10787172011661808,7,2.0408163265306123,Q9BY78,Q9BY78,,RNF26,False,433,1208.0,-0.11796895057307533,-0.11331899297494161,0.01903973509933775,0.0,1775.0,4.883575682050704,4.941923,0.9960563380281691,0.9864788732394366
580,427,0.7362068965517241,90.80290398126463,2.8486305717052187,0.3630573248407643,0.08598726114649681,23,5,0.20374707259953162,19,4.449648711943794,Q9H8W5,Q9H8W5,,TRIM45,False,580,1208.0,-0.15692596640025508,-0.15286987444047,0.01076158940397351,0.0,1775.0,1.98199272784,1.9331912,0.8704225352112676,0.11492957746478873
482,421,0.8734439834024896,93.45959619952495,1.5037862419746109,0.3274336283185841,0.05752212389380531,10,2,0.2209026128266033,25,5.938242280285035,Q9H0C5,Q9H0C5,,BTBD1,False,482,1208.0,-0.012850900592964086,-0.014394547717219802,0.0016556291390728477,0.0,1775.0,5.56206568715493,5.6148305,1.0,0.9966197183098592
515,92,0.1786407766990291,93.36652173913043,1.8453769042376853,0.35384615384615387,0.06153846153846154,7,1,0.16304347826086957,7,7.608695652173914,Q9H0F5,Q9H0F5,,RNF38,False,515,1208.0,-0.03567755892395537,-0.0284631358970476,0.0024834437086092716,0.0,1775.0,3.678316702028169,3.6783423,1.0,0.8394366197183099
387,257,0.6640826873385013,90.53906614785993,1.3289630997841062,0.4350282485875706,0.062146892655367235,9,6,0.26459143968871596,26,10.116731517509727,Q9H0F6,Q9H0F6,,SHARPIN,False,387,1208.0,-0.1535992241556387,-0.14352918112742863,0.03642384105960265,0.0,1775.0,5.263764430647887,5.2595587,1.0,0.9983098591549295
589,548,0.9303904923599321,91.36169708029196,1.2704270569990284,0.2753623188405797,0.10144927536231885,5,1,0.20437956204379562,24,4.37956204379562,Q9H0H3,Q9H0H3,,KLHL25,False,589,1208.0,-0.024148789931038868,-0.020984087263298902,0.0033112582781456954,0.0,1775.0,1.8119362771966196,1.7699367,0.8952112676056339,0.05070422535211268
922,656,0.7114967462039046,89.84068597560976,1.1644094279794945,0.2514792899408284,0.07692307692307693,4,0,0.22560975609756098,52,7.926829268292683,Q9H0M0,Q9H0M0,,WWP1,False,922,1208.0,-0.04651786997055114,-0.04742868953156655,0.0033112582781456954,0.0,1775.0,4.48941259971831,4.4813895,1.0,0.9707042253521126
261,80,0.3065134099616858,83.846,1.3132290010994623,0.35,0.125,2,0,0.1875,5,6.25,Q9H0X6,Q9H0X6,,RNF208,False,261,1208.0,0.04846571328210746,0.0512467870563598,0.0,0.0,1775.0,2.023307215637183,1.881919,0.7701408450704226,0.22140845070422535
1944,1458,0.75,87.90323731138545,1.1966662911228052,0.3026315789473684,0.09046052631578948,6,4,0.21604938271604937,72,4.938271604938271,Q9H1A4,Q9H1A4,,ANAPC1,False,1944,1208.0,-1.4664302340533995,-1.449464598962289,0.9950331125827815,0.9503311258278145,1775.0,4.442968130366197,4.504868,1.0,0.963943661971831
796,309,0.38819095477386933,88.69223300970874,1.4731543860183858,0.32195121951219513,0.07804878048780488,10,4,0.19741100323624594,12,3.8834951456310676,Q9H1B7,Q9H1B7,,IRF2BPL,False,796,1208.0,-0.04375437905962164,-0.03751695532267095,0.005794701986754967,0.0008278145695364238,1775.0,3.63417938352676,3.723362,0.9954929577464788,0.7481690140845071
941,788,0.8374070138150903,84.03997461928934,1.8641474651018093,0.2930648769574944,0.09843400447427293,9,5,0.22842639593908629,43,5.456852791878172,Q9H270,Q9H270,,VPS11,False,941,74.0,-0.31828898218299123,-0.27135992892734506,0.25675675675675674,0.06756756756756757,1775.0,3.9511913113239436,3.9893117,1.0,0.9357746478873239
597,554,0.9279731993299832,92.25714801444045,1.177322245270171,0.28044280442804426,0.09225092250922509,8,2,0.21660649819494585,34,6.137184115523466,Q9H2C0,Q9H2C0,,GAN,False,597,1208.0,-0.059046022134902475,-0.05372708061599115,0.012417218543046357,0.0,1775.0,1.667848140907042,1.5784653,0.9042253521126761,0.030985915492957747
420,234,0.5571428571428572,87.55910256410256,1.3928957028401212,0.3870967741935484,0.016129032258064516,5,1,0.2264957264957265,32,13.675213675213676,Q9H2S5,Q9H2S5,,RNF39,False,420,1090.0,-0.15159676535899064,-0.14854788848803735,0.003669724770642202,0.0,1775.0,0.9983565241290141,0.76059055,0.37014084507042255,0.036619718309859155
1198,371,0.3096828046744574,93.91083557951482,1.145152045400226,0.35,0.10555555555555556,5,1,0.19137466307277629,30,8.086253369272237,Q9H2X6,Q9H2X6,,HIPK2,False,1198,77.0,-0.01355147507806783,-0.0095399800205607,0.0,0.0,1775.0,3.0892041997673236,3.109053,0.9346478873239437,0.532394366197183
313,237,0.7571884984025559,92.79012658227848,1.8095898793623728,0.2878787878787879,0.06818181818181818,3,0,0.1940928270042194,9,3.79746835443038,Q9H3F6,Q9H3F6,,KCTD10,False,313,1208.0,-0.3810695446968497,-0.29381403216415436,0.2996688741721854,0.05132450331125828,1775.0,4.929702705070422,4.966938,1.0,0.992112676056338
300,263,0.8766666666666667,95.61958174904944,1.325733386567459,0.3357142857142857,0.08571428571428572,12,3,0.17490494296577946,14,5.323193916349809,Q9H469,Q9H469,,FBXL15,False,300,1208.0,-0.07750003055248417,-0.08591991684877315,0.0,0.0,1775.0,3.1049414977859153,3.1092267,0.9971830985915493,0.5622535211267605
255,242,0.9490196078431372,94.05433884297521,1.459392041360441,0.3358208955223881,0.11194029850746269,6,3,0.21074380165289255,17,7.024793388429752,Q9H4M3,Q9H4M3,,FBXO44,False,255,1208.0,-0.04737293575720423,-0.044574486032240346,0.0024834437086092716,0.0,1775.0,3.47024094515831,3.6259835,0.9487323943661972,0.7194366197183099
317,305,0.9621451104100947,93.20524590163934,2.4047288685302393,0.33663366336633666,0.06930693069306931,8,4,0.21311475409836064,21,6.885245901639345,Q9H4P4,Q9H4P4,,RNF41,False,317,1208.0,-0.2201039594443451,-0.20975801310300773,0.07119205298013245,0.0033112582781456954,1775.0,4.95188577830986,4.9481616,1.0,0.992112676056338
410,366,0.8926829268292683,93.87469945355191,1.3536184603360062,0.30392156862745096,0.07352941176470588,7,1,0.21584699453551912,31,8.469945355191257,Q9H5I1,Q9H5I1,,SUV39H2,False,410,1208.0,-0.005127929675579812,-0.00186618584428665,0.0016556291390728477,0.0,1775.0,3.992968774873239,4.056826,0.9988732394366198,0.8822535211267606
318,302,0.949685534591195,94.34264900662252,1.4649414272770565,0.2356687898089172,0.07643312101910828,7,2,0.18211920529801323,12,3.9735099337748347,Q9H672,Q9H672,,ASB7,False,318,1208.0,-0.0473915505612648,-0.04639752443152665,0.004966887417218543,0.0,1775.0,3.067174891752112,3.0584152,0.9994366197183099,0.5487323943661971
350,246,0.7028571428571428,91.80369918699188,2.853096202985912,0.41935483870967744,0.1032258064516129,20,3,0.21951219512195122,33,13.414634146341465,Q9H6Y7,Q9H6Y7,,RNF167,False,350,1208.0,0.08800515860649002,0.08237873613812094,0.0,0.0,1775.0,6.191038399774649,6.2229724,1.0,1.0
288,261,0.90625,91.62072796934866,1.3303458774079304,0.3178294573643411,0.06201550387596899,6,2,0.25287356321839083,48,18.39080459770115,Q9H765,Q9H765,,ASB8,False,288,1208.0,-0.0997342403450814,-0.09670689291396475,0.0041390728476821195,0.0,1775.0,4.335161609183099,4.371273,1.0,0.9723943661971831
661,505,0.7639939485627837,92.17849504950495,1.3896744715187213,0.25882352941176473,0.07450980392156863,5,2,0.17425742574257425,18,3.564356435643564,Q9H7D7,Q9H7D7,,WDR26,False,661,1208.0,-0.5206425543141912,-0.4898241558202126,0.48923841059602646,0.0802980132450331,1775.0,5.426713326422536,5.440763,1.0,0.9994366197183099
354,255,0.7203389830508474,95.43427450980391,1.189555137338275,0.3225806451612903,0.11290322580645161,4,0,0.16470588235294117,9,3.5294117647058822,Q9H832,Q9H832,,UBE2Z,False,354,1208.0,-0.4184332642853896,-0.3885675708599572,0.27566225165562913,0.01903973509933775,1775.0,6.023814145971831,6.048853,1.0,0.9994366197183099
391,375,0.959079283887468,90.90037333333333,1.846914355953801,0.34701492537313433,0.0708955223880597,9,3,0.25333333333333335,40,10.666666666666668,Q9H871,Q9H871,,RMND5A,False,391,1208.0,-0.4147914850549827,-0.3837197660880135,0.3170529801324503,0.0347682119205298,1775.0,4.143669303661972,4.137799,1.0,0.9087323943661972
199,171,0.8592964824120602,83.44666666666667,1.9698776539518659,0.39823008849557523,0.07079646017699115,15,3,0.19883040935672514,15,8.771929824561402,Q9H0A8,Q9H0A8,,COMMD4,False,199,1208.0,-0.16142992654431657,-0.16112479601093455,0.028145695364238412,0.0,1775.0,6.677883676338028,6.734249,1.0,1.0
489,235,0.48057259713701433,90.70527659574468,1.6465822975930609,0.38125,0.1375,9,4,0.17872340425531916,8,3.404255319148936,Q9H040,Q9H040,,SPRTN,False,489,1208.0,-0.7181305045178626,-0.7061780085074922,0.8236754966887417,0.12003311258278146,1775.0,3.57718136,3.615428,1.0,0.8636619718309859
416,251,0.6033653846153846,88.11247011952193,1.7113514204783598,0.39893617021276595,0.14893617021276595,14,4,0.19123505976095617,8,3.187250996015936,Q9H000,Q9H000,,MKRN2,False,416,1208.0,-0.01805986384737195,-0.01198745062306115,0.0016556291390728477,0.0,1775.0,4.618271902647887,4.6632705,1.0,0.9915492957746479
710,584,0.8225352112676056,91.3924315068493,2.133372299557035,0.34536082474226804,0.08762886597938144,13,9,0.1695205479452055,35,5.993150684931506,Q9C026,Q9C026,,TRIM9,False,710,1208.0,-0.20716051786122677,-0.203937342736637,0.04718543046357616,0.0008278145695364238,1775.0,1.2860952818197184,0.69622,0.41464788732394364,0.14535211267605633
350,204,0.5828571428571429,89.60612745098038,1.8040642142572814,0.34306569343065696,0.11678832116788321,8,2,0.23039215686274508,11,5.392156862745098,Q9BYE7,Q9BYE7,,PCGF6,False,350,1208.0,-0.1697648366385079,-0.16716530515415118,0.014072847682119206,0.0,1775.0,3.71523285572169,3.7596033,0.9994366197183099,0.8574647887323944
488,432,0.8852459016393442,90.56923611111112,2.5610811203090322,0.3466666666666667,0.09,10,5,0.18055555555555555,29,6.712962962962964,Q9BYJ4,Q9BYJ4,,TRIM34,False,488,1208.0,0.18557658296498616,0.1895883311028683,0.0,0.0,1775.0,2.170699472498028,2.3605301,0.7988732394366197,0.28169014084507044
510,450,0.8823529411764706,89.09177777777778,1.8071232530177768,0.36024844720496896,0.07763975155279502,16,7,0.19555555555555557,15,3.3333333333333335,Q9BYM8,Q9BYM8,,RBCK1,False,510,1208.0,0.07482441514980859,0.07074880189453864,0.0008278145695364238,0.0,1775.0,6.23183202,6.175682,1.0,0.9994366197183099
358,287,0.8016759776536313,91.9061324041812,3.2380830406084633,0.3855932203389831,0.059322033898305086,16,7,0.18466898954703834,9,3.1358885017421603,Q9BYV2,Q9BYV2,,TRIM54,False,358,1208.0,-0.1951044498166926,-0.1894605215822707,0.030629139072847682,0.0,1775.0,0.31876573404225356,0.08460585,0.09126760563380282,0.011267605633802818
548,287,0.5237226277372263,91.99031358885019,3.3031935867287667,0.34615384615384615,0.08547008547008547,10,6,0.17770034843205576,10,3.484320557491289,Q9BYV6,Q9BYV6,,TRIM55,False,548,1208.0,0.012052655175138698,0.01399540433002395,0.0016556291390728477,0.0,1775.0,0.7073698691408451,0.09244561,0.1752112676056338,0.09295774647887324
727,570,0.7840440165061898,93.03412280701754,1.642186008929213,0.3321554770318021,0.12367491166077739,12,1,0.22456140350877193,45,7.894736842105263,Q9BYZ6,Q9BYZ6,,RHOBTB2,False,727,1208.0,-0.050437171743492736,-0.04954186491469395,0.0,0.0,1775.0,2.72965708747831,2.6895251,0.971830985915493,0.3616901408450704
514,458,0.8910505836575876,93.84403930131005,1.0988705695233778,0.3706896551724138,0.07758620689655173,12,4,0.2074235807860262,39,8.51528384279476,Q9BZK7,Q9BZK7,,TBL1XR1,False,514,1208.0,-0.37116100546164216,-0.32895237473768474,0.3079470198675497,0.054635761589403975,1775.0,5.618098494873239,5.5997524,0.9994366197183099,0.9977464788732394
551,341,0.6188747731397459,92.89293255131965,3.5642445734841863,0.35766423357664234,0.072992700729927,14,3,0.17595307917888564,18,5.278592375366569,Q9BZR9,Q9BZR9,,TRIM8,False,551,1208.0,-0.036363691326688694,-0.0186486154451866,0.01903973509933775,0.004966887417218543,1775.0,4.719298315267605,4.6735225,1.0,0.9808450704225352
840,672,0.8,90.08110119047619,1.192250075886506,0.2786377708978328,0.07120743034055728,5,1,0.21577380952380953,38,5.654761904761905,Q8N653,Q8N653,,LZTR1,False,840,1208.0,0.001918919547369559,-0.0068149663905460005,0.008278145695364239,0.0008278145695364238,1775.0,4.224001325157746,4.2445827,0.9994366197183099,0.9149295774647888
465,391,0.8408602150537634,90.22189258312021,2.4440924805485857,0.34782608695652173,0.07971014492753623,16,7,0.1867007672634271,17,4.3478260869565215,Q9C019,Q9C019,,TRIM15,False,465,1208.0,0.01593033681158923,0.0186879005145894,0.0016556291390728477,0.0,1775.0,0.4797957185030986,0.016112596,0.1476056338028169,0.06422535211267606
511,448,0.8767123287671232,91.11982142857141,2.305419422508548,0.3353846153846154,0.07076923076923076,18,7,0.1875,17,3.7946428571428568,Q9C029,Q9C029,,TRIM7,False,511,1208.0,0.0854072292781805,0.08467038717995876,0.0033112582781456954,0.0008278145695364238,1775.0,2.228276640392676,2.1580267,0.727887323943662,0.3369014084507042
305,302,0.9901639344262295,96.8382119205298,0.999970252109603,0.3230769230769231,0.12307692307692308,6,1,0.18543046357615894,37,12.251655629139073,Q9GZS3,Q9GZS3,,SKIC8,False,305,1208.0,-0.7458183882533815,-0.7505233642287892,0.8104304635761589,0.173841059602649,1775.0,6.013695900169013,6.0046453,1.0,1.0
488,427,0.875,91.54620608899296,2.8022994150406935,0.33003300330033003,0.0858085808580858,8,8,0.18501170960187355,22,5.152224824355972,Q9C030,Q9C030,,TRIM6,False,488,1208.0,0.03773250675704133,0.03765465218601155,0.0008278145695364238,0.0,1775.0,1.9513099495892956,1.9219618,0.6445070422535212,0.29126760563380283
493,423,0.8580121703853956,90.93609929078015,2.8867352724577553,0.32666666666666666,0.07333333333333333,10,5,0.1773049645390071,22,5.200945626477541,Q9C035,Q9C035,,TRIM5,False,493,1208.0,0.06256722119818493,0.063341281578513,0.0,0.0,1775.0,3.7180849576625348,3.9008765,0.956056338028169,0.796056338028169
500,422,0.844,88.78632701421802,2.7927989739904175,0.3694915254237288,0.07457627118644068,12,10,0.1966824644549763,13,3.080568720379147,Q9C037,Q9C037,,TRIM4,False,500,1208.0,-0.03128948257018087,-0.028535442266576,0.013245033112582781,0.0,1775.0,4.06151268044676,4.162621,0.9808450704225352,0.923943661971831
744,643,0.864247311827957,90.81811819595646,1.81000277195338,0.3198992443324937,0.08564231738035265,24,5,0.16018662519440124,14,2.177293934681182,Q9C040,Q9C040,,TRIM2,False,744,1208.0,0.05977108491410572,0.06092303194489595,0.0008278145695364238,0.0,1775.0,3.0804305779521126,3.158862,0.8591549295774648,0.5414084507042254
1298,333,0.25654853620955315,90.81444444444445,1.0306499233412705,0.2992125984251969,0.08661417322834646,4,0,0.24624624624624625,60,18.01801801801802,Q9C0C7,Q9C0C7,,AMBRA1,False,1298,1208.0,-0.10990200368206271,-0.1236088722084311,0.1498344370860927,0.0173841059602649,1775.0,3.47429792315493,3.504544,0.9988732394366198,0.780281690140845
1292,666,0.5154798761609907,89.93684684684685,1.2778857587166543,0.2857142857142857,0.059800664451827246,5,1,0.23723723723723725,30,4.504504504504505,Q9C0C9,Q9C0C9,,UBE2O,False,1292,1208.0,-0.3259513804795945,-0.31755020926281435,0.1216887417218543,0.0041390728476821195,1775.0,3.762479678366197,3.7614236,0.9994366197183099,0.8614084507042253
744,710,0.9543010752688172,94.367,1.2881215970359308,0.23404255319148937,0.1094224924012158,6,2,0.14507042253521127,15,2.112676056338028,Q9C0D3,Q9C0D3,,ZYG11B,False,744,1208.0,-0.16872277984242046,-0.16504078751168916,0.02152317880794702,0.0,1775.0,2.8987532667661973,2.9031944,0.9943661971830986,0.4456338028169014
718,554,0.7715877437325905,94.10712996389893,1.3738683685988669,0.28719723183391005,0.07958477508650519,5,3,0.2292418772563177,40,7.2202166064981945,Q9C0H6,Q9C0H6,,KLHL4,False,718,1208.0,0.14297103979706427,0.14517031236709627,0.0008278145695364238,0.0,1775.0,0.8111810457188734,0.12933314,0.27098591549295775,0.0923943661971831
224,187,0.8348214285714286,91.03732620320858,1.7404366823796629,0.3643410852713178,0.06976744186046512,10,3,0.22994652406417113,30,16.0427807486631,Q9GZQ3,Q9GZQ3,,COMMD5,False,224,1208.0,-0.1926940117814916,-0.1815140670963165,0.030629139072847682,0.0,1775.0,4.761028567267605,4.748676,1.0,0.9949295774647887
1112,378,0.33992805755395683,89.73253968253967,1.2386346519246292,0.30857142857142855,0.045714285714285714,5,1,0.1931216931216931,10,2.6455026455026456,Q9GZR1,Q9GZR1,,SENP6,False,1112,1208.0,-1.188236756918912,-1.1765918202940477,0.9793046357615894,0.6978476821192053,1775.0,5.199555709070422,5.22333,1.0,0.9971830985915493
292,200,0.684931506849315,93.74455,1.308287270427296,0.4296875,0.1484375,10,4,0.265,39,19.5,Q9H8T0,Q9H8T0,,AKTIP,False,292,1208.0,-0.22564900523985174,-0.21798058351364125,0.054635761589403975,0.0008278145695364238,1775.0,4.266263621014084,4.3031087,0.9994366197183099,0.923943661971831
327,284,0.8685015290519877,89.26197183098591,1.5118732224319176,0.5290697674418605,0.1686046511627907,23,4,0.3028169014084507,60,21.12676056338028,Q9H920,Q9H920,,RNF121,False,327,1208.0,-0.03221530906761631,-0.02776533391918555,0.004966887417218543,0.0,1775.0,4.691892277352113,4.757039,0.9994366197183099,0.9684507042253521
383,378,0.9869451697127938,92.84539682539682,1.5641719433259578,0.3284313725490196,0.10294117647058823,6,3,0.2222222222222222,19,5.026455026455026,Q9NXR7,Q9NXR7,,BABAM2,False,383,1208.0,0.07024170312250147,0.0717991818396576,0.005794701986754967,0.0,1775.0,4.562740950309859,4.581761,1.0,0.9887323943661972
704,141,0.2002840909090909,86.004609929078,2.599211612311365,0.39655172413793105,0.08620689655172414,15,3,0.1347517730496454,6,4.25531914893617,Q9H992,Q9H992,,MARCHF7,False,704,1090.0,-0.015195475797184865,-0.017999543693611002,0.0009174311926605505,0.0,1775.0,6.247331878591549,6.3187776,1.0,0.9988732394366198
258,150,0.5813953488372093,91.4216,1.2875808060720682,0.4090909090909091,0.06818181818181818,7,3,0.2,10,6.666666666666667,Q9NSE2,Q9NSE2,,CISH,False,258,1208.0,-0.06192154219718727,-0.06003877886037155,0.0008278145695364238,0.0,1775.0,1.6524305598878872,1.3807849,0.6456338028169014,0.10591549295774648
359,152,0.4233983286908078,94.54065789473684,1.2510118228877776,0.3111111111111111,0.07777777777777778,3,0,0.19078947368421054,18,11.842105263157894,Q9NTX7,Q9NTX7,,RNF146,False,359,1208.0,0.0595406301994758,0.0588456644770113,0.0173841059602649,0.0016556291390728477,1775.0,4.620177649343099,4.661744,0.9994366197183099,0.9887323943661972
445,444,0.9977528089887641,92.84180180180181,1.2792026114580837,0.356,0.104,9,2,0.16666666666666666,10,2.2522522522522523,Q9NV06,Q9NV06,,DCAF13,False,445,77.0,-2.496522873938131,-2.605811274134779,1.0,1.0,1775.0,6.317349992281691,6.3300705,1.0,0.9994366197183099
838,288,0.3436754176610978,87.94114583333334,1.862382806559061,0.48484848484848486,0.10101010101010101,50,3,0.2673611111111111,31,10.76388888888889,Q9NV58,Q9NV58,,RNF19A,False,838,1208.0,-0.029188461231371407,-0.0281004771022564,0.0033112582781456954,0.0,1775.0,4.447329003943661,4.4152246,1.0,0.956056338028169
361,283,0.7839335180055401,95.24243816254418,1.148495931110864,0.35766423357664234,0.10218978102189781,10,2,0.1872791519434629,12,4.240282685512367,Q9NV79,Q9NV79,,PCMTD2,False,361,1208.0,-0.1275640996039423,-0.1245915006685962,0.016556291390728478,0.0,1775.0,4.971842709690141,4.9562845,0.9994366197183099,0.9864788732394366
336,104,0.30952380952380953,84.92009615384616,1.9408363271225242,0.6835443037974683,0.22784810126582278,37,3,0.2980769230769231,29,27.884615384615387,Q9NV92,Q9NV92,,NDFIP2,False,336,1208.0,0.021900756404099643,0.02165526065449285,0.004966887417218543,0.0,1775.0,5.177613007625353,5.3212137,0.9712676056338028,0.9425352112676056
651,467,0.717357910906298,88.31871520342612,2.165271109229006,0.3447098976109215,0.09556313993174062,17,4,0.1905781584582441,13,2.7837259100642395,Q9NVC6,Q9NVC6,,MED17,False,651,1208.0,-1.0123743780139034,-0.9914150228043644,0.9809602649006622,0.48758278145695366,1775.0,4.409612749126761,4.4407196,1.0,0.9830985915492958
368,235,0.6385869565217391,92.60974468085107,1.746010668841451,0.31976744186046513,0.03488372093023256,11,3,0.16595744680851063,10,4.25531914893617,Q9NVF7,Q9NVF7,,FBXO28,False,368,1208.0,-0.21116237901096402,-0.2013583022856991,0.056291390728476824,0.0008278145695364238,1775.0,4.208703972901408,4.222024,1.0,0.9684507042253521
582,389,0.6683848797250859,86.41848329048841,1.3353442207672497,0.3056768558951965,0.07860262008733625,8,4,0.17737789203084833,14,3.5989717223650386,Q9NVN8,Q9NVN8,,GNL3L,False,582,1208.0,-0.853208567976817,-0.8413714194546775,0.9048013245033113,0.2731788079470199,1775.0,3.291806053915493,3.3457143,0.9977464788732394,0.6704225352112676
708,567,0.8008474576271186,89.80460317460319,1.3577177174464556,0.27106227106227104,0.08424908424908426,10,2,0.19929453262786595,26,4.5855379188712515,Q9NVR0,Q9NVR0,,KLHL11,False,708,1208.0,-0.3120110797143663,-0.30561628993308776,0.10430463576158941,0.0016556291390728477,1775.0,1.78246069592,1.7489763,0.8974647887323943,0.048450704225352116
624,130,0.20833333333333334,87.05976923076923,2.2808588963875147,0.23404255319148937,0.05319148936170213,2,0,0.17692307692307693,11,8.461538461538462,Q9NVW2,Q9NVW2,,RLIM,False,624,1208.0,-0.02773410297197862,-0.02937075653583595,0.004966887417218543,0.0,1775.0,4.043806983774648,4.09541,1.0,0.9233802816901409
534,392,0.7340823970037453,88.84147959183673,1.4125754709169138,0.2814070351758794,0.10552763819095477,9,2,0.19642857142857142,16,4.081632653061225,Q9NVX7,Q9NVX7,,KBTBD4,False,534,1208.0,-0.02448804466628577,-0.02612261967302965,0.0016556291390728477,0.0,1775.0,3.806746228450704,3.853407,1.0,0.9030985915492957
375,358,0.9546666666666667,93.05175977653631,1.7752530021428776,0.3561643835616438,0.0958904109589041,7,4,0.2569832402234637,49,13.687150837988826,Q9NW38,Q9NW38,,FANCL,False,375,1208.0,-0.26032695757510915,-0.2247534049436813,0.11258278145695365,0.009105960264900662,1775.0,4.8782990583661965,4.9186344,1.0,0.9847887323943662
866,434,0.5011547344110855,86.89532258064516,2.0222584388914115,0.273972602739726,0.0958904109589041,9,3,0.21658986175115208,20,4.6082949308755765,Q9NWF9,Q9NWF9,,RNF216,False,866,1208.0,-0.07769179303292553,-0.0674064042815625,0.01076158940397351,0.0,1775.0,3.9094425781521127,3.9193783,0.9988732394366198,0.9154929577464789
711,105,0.14767932489451477,82.75685714285717,2.0833836359384685,0.5222222222222223,0.13333333333333333,14,4,0.18095238095238095,6,5.714285714285714,Q9NWN3,Q9NWN3,,FBXO34,False,711,1208.0,0.022503541520543794,0.02365569255249625,0.0008278145695364238,0.0,1775.0,4.013945565859155,3.9938464,1.0,0.9622535211267605
228,218,0.956140350877193,93.74477064220184,1.4733061869303803,0.34265734265734266,0.07692307692307693,16,3,0.26605504587155965,27,12.385321100917432,Q9NWU2,Q9NWU2,,GID8,False,228,1208.0,-0.1332085891850871,-0.1261138416659173,0.0173841059602649,0.0,1775.0,4.584900227830986,4.5477953,1.0,0.9949295774647887
421,371,0.8812351543942993,91.81239892183287,1.4705092747161175,0.3048128342245989,0.11764705882352941,11,2,0.22641509433962265,32,8.62533692722372,Q9NWX5,Q9NWX5,,ASB6,False,421,1208.0,-0.2624750150294241,-0.2570242790770457,0.057947019867549666,0.0008278145695364238,1775.0,3.6451608806760563,3.6499028,1.0,0.8715492957746479
460,385,0.8369565217391305,92.24693506493506,1.1372305892797783,0.287292817679558,0.08287292817679558,6,2,0.19480519480519481,36,9.35064935064935,Q9NWZ3,Q9NWZ3,,IRAK4,False,460,1208.0,0.018639584147653588,0.0211025165680623,0.004966887417218543,0.0,1775.0,3.4113713537329575,3.416614,0.9949295774647887,0.7154929577464789
183,160,0.8743169398907104,91.36393749999999,1.8602723145859499,0.35185185185185186,0.09259259259259259,10,2,0.2,12,7.5,Q9NX08,Q9NX08,,COMMD8,False,183,1208.0,-0.24721149522861352,-0.23750613608307336,0.11423841059602649,0.0024834437086092716,1775.0,4.987305296816901,5.0106096,0.9994366197183099,0.9887323943661972
278,235,0.8453237410071942,90.80212765957447,2.354890308954509,0.5,0.12209302325581395,28,4,0.25957446808510637,32,13.617021276595745,Q9NX47,Q9NX47,,MARCHF5,False,278,1090.0,-0.43687550977836076,-0.3194289843971264,0.3440366972477064,0.11192660550458716,1775.0,5.039487865577465,5.1305685,1.0,0.9881690140845071
875,720,0.8228571428571428,90.38469444444443,1.6596934440340587,0.323943661971831,0.10140845070422536,14,3,0.18333333333333332,33,4.583333333333333,Q9NXC5,Q9NXC5,,MIOS,False,875,1208.0,-0.5052175658358253,-0.47318886352088285,0.46357615894039733,0.07119205298013245,1775.0,4.166466610873239,4.154883,1.0,0.96
227,121,0.5330396475770925,86.04710743801654,1.8000051325017756,0.5978260869565217,0.10869565217391304,33,3,0.2231404958677686,12,9.917355371900827,Q9NXI6,Q9NXI6,,RNF186,False,227,1208.0,0.058850808984451435,0.0587221656514363,0.0,0.0,1775.0,0.13802219043042252,0.0,0.044507042253521124,0.011830985915492958
326,303,0.9294478527607362,91.69254125412542,1.2833731777443824,0.29605263157894735,0.07236842105263158,9,1,0.1782178217821782,11,3.6303630363036308,Q9NXK8,Q9NXK8,,FBXL12,False,326,1208.0,-0.10557070106440927,-0.0945813832583997,0.023178807947019868,0.0008278145695364238,1775.0,4.265929391380282,4.2838106,1.0,0.9864788732394366
495,239,0.48282828282828283,91.90899581589959,1.8036026553598423,0.3254437869822485,0.07692307692307693,8,2,0.20502092050209206,17,7.112970711297072,Q9NS91,Q9NS91,,RAD18,False,495,1208.0,-0.04365781767186575,-0.0363870976265698,0.0074503311258278145,0.0,1775.0,3.70760866475493,3.777872,0.9971830985915493,0.8090140845070423
142,75,0.528169014084507,87.7652,3.303663942791863,0.5066666666666667,0.12,25,2,0.05333333333333334,2,2.666666666666667,Q9NS69,Q9NS69,,TOMM22,False,142,1208.0,-1.2458668843572214,-1.2338251464182903,0.9917218543046358,0.8269867549668874,1775.0,6.124069174253521,6.154168,1.0,0.9983098591549295
1045,197,0.18851674641148325,88.92472081218273,1.6993060390830292,0.35537190082644626,0.14049586776859505,5,1,0.2233502538071066,9,4.568527918781726,Q9NS56,Q9NS56,,TOPORS,False,1045,1208.0,0.01060747085300362,0.01618885685265705,0.0024834437086092716,0.0,1775.0,3.7242602310985915,3.7406793,1.0,0.8828169014084507
577,161,0.27902946273830154,88.60509316770187,1.583442191551483,0.2916666666666667,0.07291666666666667,3,0,0.2236024844720497,18,11.180124223602485,Q9HCI7,Q9HCI7,,MSL2,False,577,1208.0,-0.0834279838847449,-0.0745906895270658,0.014072847682119206,0.0,1775.0,3.909286569633803,3.8522086,1.0,0.8985915492957747
155,83,0.535483870967742,87.94602409638554,2.7742001396108766,0.47761194029850745,0.13432835820895522,20,1,0.1566265060240964,7,8.433734939759036,Q9H9V4,Q9H9V4,,RNF122,False,155,1208.0,0.1203179977336639,0.11886322415036404,0.0008278145695364238,0.0,1775.0,1.924088954348169,1.727267,0.7966197183098591,0.1628169014084507
420,375,0.8928571428571429,93.80656,1.1953713078209216,0.2832369942196532,0.09248554913294797,4,0,0.19466666666666665,35,9.333333333333334,Q9HAT8,Q9HAT8,,PELI2,False,420,1208.0,-0.013897864695702585,-0.0156679854904579,0.0008278145695364238,0.0,1775.0,1.5977325728140845,1.3527077,0.5723943661971831,0.18309859154929578
748,558,0.7459893048128342,88.27120071684588,1.2351811706371105,0.2682926829268293,0.08362369337979095,7,1,0.1953405017921147,25,4.480286738351254,Q9HAU4,Q9HAU4,,SMURF2,False,748,1208.0,-0.19697843089392783,-0.1871860002911181,0.04056291390728477,0.0008278145695364238,1775.0,4.1871871466084505,3.9323258,0.9994366197183099,0.8450704225352113
307,232,0.755700325732899,91.6007327586207,1.5083353380103355,0.40540540540540543,0.12162162162162163,17,4,0.22844827586206898,37,15.948275862068966,Q9HAY2,Q9HAY2,,MAGEF1,False,307,1208.0,0.00332454168409667,-0.00575262148164645,0.004966887417218543,0.0,1775.0,5.241944009956056,5.269826,0.9988732394366198,0.984225352112676
1191,417,0.3501259445843829,92.33364508393286,1.4352430605170496,0.2875536480686695,0.06437768240343347,6,1,0.2038369304556355,25,5.995203836930456,Q9HBD1,Q9HBD1,,RC3H2,False,1191,1208.0,0.06720033074829908,0.06662433743622034,0.0,0.0,1775.0,4.245453140225352,4.303006,1.0,0.96
687,300,0.4366812227074236,83.16713333333333,1.6572795384710013,0.319047619047619,0.11428571428571428,8,4,0.19333333333333333,7,2.3333333333333335,Q9HBE1,Q9HBE1,,PATZ1,False,687,1208.0,-0.13291819368251903,-0.123194966097083,0.012417218543046357,0.0,1775.0,3.978679103154929,3.9880848,0.9994366197183099,0.8856338028169014
1040,896,0.8615384615384616,90.2578236607143,1.1323964564519404,0.264,0.08,6,2,0.1796875,17,1.8973214285714284,Q9HC29,Q9HC29,,NOD2,False,1040,1208.0,0.1064273620965792,0.1028776441517801,0.0,0.0,1775.0,0.35551053023211265,0.08379067,0.1115492957746479,0.011830985915492958
741,235,0.31713900134952766,81.89961702127661,1.6817696269532645,0.3,0.1125,7,1,0.20425531914893616,11,4.680851063829787,Q9HC78,Q9HC78,,ZBTB20,False,741,1208.0,0.10618558183795414,0.10807511310888471,0.0008278145695364238,0.0,1775.0,0.5838263442861973,0.4475612,0.1791549295774648,0.0033802816901408453
757,528,0.6974900924702774,88.79274621212122,1.3293430030396889,0.27007299270072993,0.09124087591240876,4,0,0.19128787878787878,15,2.840909090909091,Q9HCE7,Q9HCE7,,SMURF1,False,757,1208.0,-0.13418421780700132,-0.1215844906449656,0.01903973509933775,0.0,1775.0,3.502451131887324,3.5042136,1.0,0.763943661971831
957,350,0.3657262277951933,83.53617142857142,1.3684559801260667,0.3641304347826087,0.11956521739130435,8,3,0.2542857142857143,34,9.714285714285714,Q9HCI5,Q9HCI5,,MAGEE1,False,957,1208.0,0.11904637315876898,0.1264702522695094,0.0033112582781456954,0.0,1775.0,1.168242479778028,1.1212012,0.540281690140845,0.036619718309859155
518,437,0.8436293436293436,90.89324942791764,2.6848600773014475,0.3183279742765273,0.06430868167202572,8,6,0.18077803203661327,12,2.745995423340961,Q9HCM9,Q9HCM9,,TRIM39,False,518,1208.0,0.01944310218437922,0.022644462728203252,0.0041390728476821195,0.0,1775.0,3.225161979887324,3.2290432,1.0,0.691830985915493
184,169,0.9184782608695652,97.39881656804735,1.1102508398202748,0.24096385542168675,0.060240963855421686,3,0,0.16568047337278108,7,4.142011834319527,Q9NRW4,Q9NRW4,,DUSP22,False,184,1208.0,-0.21056072766749118,-0.20055773820419553,0.050496688741721855,0.0008278145695364238,1775.0,3.8248091072338024,3.7076905,0.9971830985915493,0.8309859154929577
277,182,0.6570397111913358,95.45582417582418,3.4768586712601217,0.3783783783783784,0.08783783783783784,17,4,0.17032967032967034,17,9.340659340659341,Q9NPC3,Q9NPC3,,CCNB1IP1,False,277,1208.0,-0.2604483063792387,-0.25043321001220953,0.06870860927152318,0.0,1775.0,5.787142603067042,5.7021284,0.9983098591549295,0.9971830985915493
197,152,0.7715736040609137,96.45151315789474,1.2598075007184435,0.3411764705882353,0.07058823529411765,4,0,0.25,29,19.078947368421055,Q9NPD8,Q9NPD8,,UBE2T,False,197,1208.0,-0.22831210400966934,-0.1885806748778223,0.09105960264900662,0.0074503311258278145,1775.0,6.49748506540845,6.584597,0.9994366197183099,0.9949295774647887
728,563,0.7733516483516484,88.52408525754885,2.2145814380874236,0.31382978723404253,0.08776595744680851,11,9,0.20071047957371227,18,3.197158081705151,Q9NQ86,Q9NQ86,,TRIM36,False,728,1208.0,0.05232221096264996,0.0515553879649855,0.0,0.0,1775.0,1.7382033716552114,1.588296,0.6850704225352112,0.14873239436619717
790,349,0.4417721518987342,87.4470200573066,1.7466961864350967,0.3568281938325991,0.07929515418502203,13,6,0.22063037249283668,26,7.4498567335243555,Q9NQC1,Q9NQC1,,JADE2,False,790,1208.0,-0.0054542620695577386,0.0101961911124771,0.009933774834437087,0.0,1775.0,3.378225432370141,3.4480076,0.9735211267605633,0.6721126760563381
748,553,0.7393048128342246,94.4742314647378,1.3703270222894035,0.3181818181818182,0.0944055944055944,9,2,0.23869801084990958,43,7.775768535262206,Q9NR64,Q9NR64,,KLHL1,False,748,1208.0,0.052335419054442424,0.0510950864842227,0.0,0.0,1775.0,0.03724586288112676,0.0,0.009577464788732394,0.0028169014084507044
400,353,0.8825,93.36841359773372,1.400250435995563,0.25824175824175827,0.04945054945054945,5,1,0.17563739376770537,11,3.1161473087818696,Q9NRC8,Q9NRC8,,SIRT7,False,400,1208.0,-0.1269108559376999,-0.12921550657610287,0.0347682119205298,0.0008278145695364238,1775.0,4.427514531830986,4.4744687,1.0,0.9492957746478873
319,251,0.786833855799373,92.05932270916334,1.462371613299222,0.2986111111111111,0.1111111111111111,8,2,0.2151394422310757,21,8.366533864541832,Q9NRD0,Q9NRD0,,FBXO8,False,319,1208.0,0.1547316379630894,0.15929000889888,0.0016556291390728477,0.0,1775.0,3.7153559116732393,3.6920588,0.9994366197183099,0.8529577464788732
293,252,0.8600682593856656,96.20869047619048,1.4408792541144892,0.36619718309859156,0.11267605633802817,7,3,0.23412698412698413,21,8.333333333333332,Q9NRD1,Q9NRD1,,FBXO6,False,293,1208.0,-0.014715298119382977,-0.013921508676167451,0.0,0.0,1775.0,2.232522743266479,2.2994175,0.828169014084507,0.2563380281690141
1543,529,0.34283862605314325,90.1763327032136,1.1396249688189963,0.35,0.08636363636363636,6,5,0.21928166351606806,57,10.775047258979207,Q9NRJ4,Q9NRJ4,,TULP4,False,1543,1208.0,-0.050942865996822594,-0.032971020485253,0.012417218543046357,0.0008278145695364238,1775.0,2.918763154749296,2.9309626,0.9870422535211267,0.4676056338028169
190,165,0.868421052631579,90.5998181818182,1.9354639455015212,0.29365079365079366,0.05555555555555555,10,2,0.15151515151515152,11,6.666666666666667,Q8N668,Q8N668,,COMMD1,False,190,1208.0,-0.0709745127870838,-0.06344028471780895,0.009933774834437087,0.0,1775.0,5.022597047323943,5.024488,1.0,0.9960563380281691
474,342,0.7215189873417721,87.70377192982457,1.5094618127068338,0.2795031055900621,0.11801242236024845,4,0,0.2134502923976608,23,6.725146198830409,A0A0G2JMD5,A0A0G2JMD5,,PRAMEF33,False,474,,,,,,1775.0,0.00444773613971831,0.0,0.0011267605633802818,0.0
314,147,0.4681528662420382,92.69190476190475,2.4593135894620173,0.24731182795698925,0.07526881720430108,8,1,0.21768707482993196,12,8.16326530612245,Q8N5Z5,Q8N5Z5,,KCTD17,False,314,1208.0,0.04255943119144505,0.041984572924702604,0.0,0.0,1775.0,3.6952147494630982,3.8689928,0.9594366197183098,0.7532394366197183
619,527,0.851373182552504,92.3260531309298,1.18806280820916,0.3004115226337449,0.06172839506172839,5,1,0.222011385199241,30,5.692599620493358,P43403,P43403,,ZAP70,False,619,1208.0,-0.02833432367152826,-0.0228853747955738,0.004966887417218543,0.0008278145695364238,1775.0,0.5280335212985915,0.11025231,0.09352112676056339,0.06084507042253521
824,481,0.5837378640776699,92.87779625779626,1.2609254012853905,0.3103448275862069,0.11206896551724138,7,2,0.25571725571725573,51,10.602910602910603,P30260,P30260,,CDC27,False,824,1208.0,-2.54239465350059,-2.5318191273343538,0.9983443708609272,0.9975165562913907,1775.0,5.730918383380281,5.826093,1.0,0.9966197183098592
326,202,0.6196319018404908,94.10638613861386,1.6160735975436666,0.3656716417910448,0.12686567164179105,8,3,0.24257425742574257,24,11.881188118811881,P35226,P35226,,BMI1,False,326,1208.0,0.059123537680288774,0.0750260248479341,0.014072847682119206,0.0024834437086092716,1775.0,5.396264647042254,5.3899245,1.0,0.9881690140845071
344,192,0.5581395348837209,94.00703125,1.6811539259685757,0.4076923076923077,0.13846153846153847,8,4,0.234375,13,6.770833333333333,P35227,P35227,,PCGF2,False,344,1208.0,-0.18217407719558154,-0.17284243192056514,0.02566225165562914,0.0008278145695364238,1775.0,3.8111422252636618,3.9698412,0.9577464788732394,0.8495774647887324
595,538,0.9042016806722689,91.69204460966542,2.109872247619661,0.24778761061946902,0.035398230088495575,11,3,0.22304832713754646,41,7.6208178438661704,P35240,P35240,,NF2,False,595,1208.0,0.2586694510755097,0.21292462023884173,0.037251655629139076,0.004966887417218543,1775.0,3.7558849059543657,3.6961274,0.9898591549295774,0.811830985915493
574,506,0.8815331010452961,87.13464426877471,2.4615782633248027,0.3409090909090909,0.10511363636363637,24,5,0.17391304347826086,13,2.5691699604743086,P36406,P36406,,TRIM23,False,574,1208.0,-0.06984857081509861,-0.06301087799897759,0.004966887417218543,0.0,1775.0,2.983494921594366,3.0098827,0.9954929577464788,0.5064788732394366
1863,324,0.17391304347826086,90.70787037037037,1.560762299431695,0.3096446700507614,0.07106598984771574,10,4,0.21296296296296297,14,4.320987654320987,P38398,P38398,,BRCA1,False,1863,1208.0,-0.49217197442945415,-0.46457778570351904,0.4478476821192053,0.048013245033112585,1775.0,4.195356995346478,4.321387,0.9949295774647887,0.8794366197183099
786,501,0.6374045801526718,92.7063872255489,1.1071990515475358,0.3,0.0875,8,3,0.21756487025948104,29,5.788423153692615,P41002,P41002,,CCNF,False,786,1208.0,-0.08562244496527281,-0.062013105235844995,0.06291390728476821,0.0041390728476821195,1775.0,3.491736655177465,3.5957663,0.9892957746478873,0.7352112676056338
1012,924,0.9130434782608695,92.57514069264069,1.065577974267897,0.31143552311435524,0.07542579075425791,11,2,0.20346320346320346,24,2.5974025974025974,P41226,P41226,,UBA7,False,1012,1208.0,-0.09705590028107103,-0.09840288043086051,0.0024834437086092716,0.0,1775.0,3.034091924387605,3.1236231,0.8202816901408451,0.5211267605633803
314,177,0.5636942675159236,91.7332768361582,1.4103517575255113,0.4387755102040816,0.10204081632653061,9,2,0.2598870056497175,14,7.909604519774012,P43356,P43356,,MAGEA2,False,314,,,,,,1775.0,1.4898030159876057,0.09380083,0.30140845070422534,0.2535211267605634
314,181,0.5764331210191083,92.09502762430938,1.4024646936046055,0.4077669902912621,0.1262135922330097,8,3,0.2596685082872928,20,11.049723756906078,P43357,P43357,,MAGEA3,False,314,,,,,,1775.0,2.2780999135763382,0.28244454,0.39154929577464787,0.3261971830985915
314,191,0.60828025477707,91.46471204188482,1.3426778549292395,0.3611111111111111,0.07407407407407407,7,3,0.23036649214659685,10,5.2356020942408374,P43360,P43360,,MAGEA6,False,314,1047.0,-0.04601702196339464,-0.0370819601672508,0.007640878701050621,0.0009551098376313276,1775.0,2.058560882162817,0.22775093,0.3628169014084507,0.30253521126760563
294,282,0.9591836734693877,94.28929078014185,1.2477780314365887,0.3942307692307692,0.12980769230769232,64,2,0.24468085106382978,67,23.75886524822695,P45880,P45880,,VDAC2,False,294,1208.0,-0.18454207599773753,-0.1574574179588095,0.06374172185430464,0.0074503311258278145,1775.0,7.694430634929577,7.677762,1.0,1.0
603,502,0.8325041459369817,93.08627490039842,1.105696798773115,0.24152542372881355,0.11440677966101695,6,1,0.199203187250996,28,5.577689243027888,P53350,P53350,,PLK1,False,603,1208.0,-2.753743496032642,-2.7779014162976283,0.9991721854304636,0.9975165562913907,1775.0,5.7579378926028175,5.9922633,0.9960563380281691,0.9695774647887324
858,664,0.7738927738927739,90.46073795180723,1.2729108148628268,0.29393939393939394,0.03939393939393939,8,6,0.20180722891566266,13,1.957831325301205,P45974,P45974,,USP5,False,858,1208.0,-1.2556664652255947,-1.2613282194456423,0.9817880794701986,0.8327814569536424,1775.0,5.4741081710422534,5.510367,1.0,0.9977464788732394
1132,466,0.411660777385159,86.72377682403433,1.56519349054187,0.3223684210526316,0.08552631578947369,12,5,0.2575107296137339,60,12.875536480686694,P46379,P46379,,BAG6,False,1132,1208.0,-0.1491695455802051,-0.14608068035743155,0.03145695364238411,0.0,1775.0,7.1149053668169016,7.1326694,1.0,1.0
1319,468,0.354814253222138,86.3115811965812,1.4465049434257624,0.2608695652173913,0.16205533596837945,4,0,0.23931623931623933,20,4.273504273504273,P46934,P46934,,NEDD4,False,1319,1208.0,0.042946571296630986,0.04284597565188725,0.0,0.0,1775.0,3.422274647152112,3.4873834,0.963943661971831,0.6805633802816902
415,304,0.7325301204819277,95.3351644736842,1.2008485289484545,0.27631578947368424,0.10526315789473684,4,0,0.18092105263157895,18,5.921052631578947,P48730,P48730,,CSNK1D,False,415,1208.0,-0.08621858318251947,-0.0712815053067318,0.020695364238410598,0.0008278145695364238,1775.0,6.430722207211267,6.4760675,1.0,1.0
236,188,0.7966101694915254,94.52601063829788,1.2371605547057558,0.2962962962962963,0.046296296296296294,5,1,0.21808510638297873,31,16.48936170212766,P49427,P49427,,CDC34,False,236,1208.0,0.06420867126600839,0.06140589494318345,0.0,0.0,1775.0,5.074940741915492,5.0766573,1.0,0.9977464788732394
152,149,0.9802631578947368,94.83268456375839,1.2675392320967909,0.25,0.05952380952380952,3,0,0.2214765100671141,27,18.120805369127517,P49459,P49459,,UBE2A,False,152,1208.0,-0.16166009607855533,-0.148191422519945,0.0869205298013245,0.005794701986754967,1775.0,6.449534276676055,6.4711957,1.0,1.0
126,125,0.9920634920634921,96.45048000000001,1.247297541682134,0.38961038961038963,0.07792207792207792,6,1,0.208,12,9.6,P49773,P49773,,HINT1,False,126,1208.0,0.07694429941348988,0.0760562228455999,0.0,0.0,1775.0,8.82658615256338,8.865133,1.0,0.9994366197183099
561,486,0.8663101604278075,94.08609053497942,1.1811543903873074,0.30158730158730157,0.11904761904761904,9,4,0.1831275720164609,22,4.526748971193416,P49902,P49902,,NT5C2,False,561,1208.0,0.004621187716347501,0.00400945230195455,0.0,0.0,1775.0,5.374058694309858,5.426362,1.0,0.9966197183098592
292,237,0.8116438356164384,88.96135021097048,1.7050150485086142,0.43452380952380953,0.09523809523809523,22,2,0.18143459915611815,7,2.9535864978902953,P50876,P50876,,RNF144A,False,292,1208.0,0.1773917568280539,0.17542826169939463,0.0,0.0,1775.0,2.070336193012958,1.907656,0.6957746478873239,0.27549295774647886
712,399,0.5603932584269663,91.28817042606515,1.213693530928962,0.34951456310679613,0.08737864077669903,9,3,0.22556390977443608,24,6.015037593984962,P51617,P51617,,IRAK1,False,712,1208.0,0.08403193572787875,0.08216849222415834,0.0024834437086092716,0.0008278145695364238,1775.0,6.271770353684507,6.321369,0.9988732394366198,0.9949295774647887
147,147,1.0,96.36897959183675,1.268442686357448,0.30864197530864196,0.08641975308641975,6,1,0.2585034013605442,21,14.285714285714285,P51668,P51668,,UBE2D1,False,147,1208.0,0.022511179495950516,0.025282167327267152,0.0016556291390728477,0.0,1775.0,4.555024869830986,4.5643353,0.9994366197183099,0.9802816901408451
882,541,0.6133786848072562,89.93231053604437,2.227661918185609,0.32951289398280803,0.07449856733524356,14,8,0.22920517560073936,24,4.436229205175601,P29590,P29590,,PML,False,882,1208.0,0.03114365460396724,0.028752594799035747,0.0008278145695364238,0.0008278145695364238,1775.0,4.2229608811267605,4.270768,1.0,0.9104225352112676
305,242,0.7934426229508197,87.4622727272727,2.4270228690996984,0.5085714285714286,0.17142857142857143,20,8,0.23553719008264462,31,12.8099173553719,P28328,P28328,,PEX2,False,305,1208.0,-0.06940853783835449,-0.041164279589764305,0.029801324503311258,0.0,1775.0,5.40128782112676,5.4279647,1.0,0.9988732394366198
906,420,0.46357615894039733,92.00157142857144,1.2729048312011992,0.2680851063829787,0.08085106382978724,5,1,0.22857142857142856,20,4.761904761904762,P22681,P22681,,CBL,False,906,1208.0,0.02591801212491548,0.02437509349333265,0.0016556291390728477,0.0,1775.0,3.3321700728000003,3.357397,0.9988732394366198,0.6783098591549296
1893,826,0.4363444268357105,88.6436440677966,1.5661887923276272,0.325187969924812,0.08082706766917293,10,10,0.21307506053268765,25,3.026634382566586,P21675,P21675,,TAF1,False,1893,1208.0,-0.6265549554508284,-0.6248281927368666,0.7086092715231788,0.04966887417218543,1775.0,4.237388361577465,4.273165,1.0,0.9509859154929577
483,405,0.8385093167701864,92.06555555555555,1.3366403564354439,0.26063829787234044,0.06914893617021277,4,0,0.1925925925925926,31,7.654320987654321,O95522,O95522,,PRAMEF12,False,483,1208.0,-0.12344386667453275,-0.11444069298456935,0.014072847682119206,0.0,1775.0,0.015586378247323944,0.0,0.003943661971830986,0.0
575,239,0.4156521739130435,88.5073640167364,2.0444486468970227,0.31137724550898205,0.07784431137724551,9,3,0.19665271966527198,20,8.368200836820083,O95628,O95628,,CNOT4,False,575,1208.0,-0.039335121785539,-0.028769054981692348,0.0347682119205298,0.0008278145695364238,1775.0,3.2925192089126756,3.308773,0.9994366197183099,0.7487323943661972
925,835,0.9027027027027027,89.82032335329342,1.1729026152301836,0.2566585956416465,0.0847457627118644,4,0,0.18083832335329342,19,2.2754491017964074,O95786,O95786,,RIGI,False,925,1208.0,-0.04830302327775836,-0.048332264595431954,0.0024834437086092716,0.0,1775.0,2.49958160996169,2.371043,0.8816901408450705,0.30140845070422534
361,284,0.7867036011080333,92.23890845070422,1.2406387391889229,0.494949494949495,0.13131313131313133,90,1,0.33098591549295775,94,33.098591549295776,O96008,O96008,,TOMM40,False,361,1208.0,-1.4901628271629714,-1.4878914191750252,0.9958609271523179,0.9172185430463576,1775.0,6.042254087323943,6.1012635,1.0,0.9994366197183099
543,366,0.6740331491712708,91.80622950819672,1.4873285878686235,0.2391304347826087,0.043478260869565216,5,1,0.1994535519125683,20,5.46448087431694,O96017,O96017,,CHEK2,False,543,1208.0,0.21951236553845363,0.2021183754514822,0.0,0.0,1775.0,4.271303701352113,4.3102164,0.9994366197183099,0.9436619718309859
1130,523,0.46283185840707963,92.85931166347991,1.1634925172095247,0.26848249027237353,0.07782101167315175,6,1,0.23518164435946462,44,8.413001912045889,P00519,P00519,,ABL1,False,1130,1208.0,-0.027580957237029708,-0.0126854687121672,0.011589403973509934,0.005794701986754967,1775.0,4.489933115774647,4.5351696,1.0,0.9661971830985916
165,152,0.9212121212121213,88.71684210526317,1.503301610018427,0.3157894736842105,0.06315789473684211,6,2,0.20394736842105263,13,8.552631578947368,P05161,P05161,,ISG15,False,165,1208.0,-0.053754983995077193,-0.0335641805850187,0.022350993377483443,0.006622516556291391,1775.0,5.318329059267605,5.376565,0.9752112676056338,0.8709859154929578
532,473,0.8890977443609023,92.9685623678647,2.8380630271834812,0.2935153583617747,0.040955631399317405,16,2,0.19661733615221988,21,4.439746300211417,P05362,P05362,,ICAM1,False,532,1208.0,0.051834563908088424,0.049668486132353445,0.0008278145695364238,0.0008278145695364238,1775.0,3.381314143980845,3.4106193,0.7842253521126761,0.5515492957746478
278,182,0.6546762589928058,89.90082417582417,1.2606386105028964,0.35106382978723405,0.10638297872340426,10,1,0.2032967032967033,11,6.043956043956044,P0C0E4,P0C0E4,,RAB40AL,False,278,1165.0,0.036098007618778044,0.0374548926944858,0.0,0.0,1775.0,0.1660126956709859,0.11839029,0.004507042253521127,0.0
286,246,0.8601398601398601,95.87813008130081,1.2163079927024762,0.3130434782608696,0.08695652173913043,6,1,0.1910569105691057,12,4.878048780487805,P0C2W1,P0C2W1,,FBXO45,False,286,1208.0,0.0383670038943939,0.03949298910741105,0.0008278145695364238,0.0,1775.0,3.9992166348732394,4.0131674,1.0,0.9228169014084507
685,653,0.9532846715328467,90.13384379785604,1.3379498267168528,0.1731266149870801,0.04392764857881137,3,0,0.1439509954058193,4,0.6125574272588056,P0CG48,P0CG48,,UBC,False,685,382.0,-0.33428078072306777,-0.3384464982345773,0.3010471204188482,0.05235602094240838,1775.0,9.660970168788733,9.701067,1.0,1.0
452,379,0.838495575221239,91.70641160949867,1.6667595353906897,0.2613065326633166,0.1407035175879397,6,1,0.18997361477572558,17,4.485488126649076,P0CI25,P0CI25,,TRIM49,False,452,,,,,,1775.0,0.0552767406456338,0.0,0.012957746478873239,0.003943661971830986
452,374,0.827433628318584,91.71542780748663,1.6738881480434429,0.26262626262626265,0.13131313131313133,6,1,0.1925133689839572,25,6.684491978609626,P0CI26,P0CI26,,TRIM49C,False,452,,,,,,1775.0,0.03484972158535211,0.0,0.009014084507042254,0.0011267605633802818
641,594,0.9266770670826833,92.4325925925926,1.1685188752452995,0.21014492753623187,0.043478260869565216,4,0,0.1750841750841751,40,6.7340067340067336,P0DMV8,P0DMV8,,HSPA1A,False,641,,,,,,1775.0,4.57390668898986,5.19086,0.8895774647887323,0.7453521126760564
641,585,0.9126365054602185,92.80242735042735,1.1676434583241941,0.21509433962264152,0.045283018867924525,4,0,0.17606837606837608,39,6.666666666666667,P0DMV9,P0DMV9,,HSPA1B,False,641,,,,,,1775.0,5.525374681864788,5.6629233,0.9915492957746479,0.9543661971830986
478,399,0.8347280334728033,91.11719298245616,1.343518236361331,0.2631578947368421,0.08947368421052632,3,0,0.18045112781954886,11,2.756892230576441,P0DUQ1,P0DUQ1,,PRAMEF15,False,478,,,,,,1775.0,0.01346243653915493,0.0,0.0016901408450704226,0.0
478,397,0.8305439330543933,91.55861460957178,1.3409016258090922,0.27225130890052357,0.09424083769633508,4,0,0.17884130982367757,11,2.770780856423174,P0DUQ2,P0DUQ2,,PRAMEF9,False,478,,,,,,1775.0,0.007610563250140844,0.0,0.0005633802816901409,0.0
449,322,0.7171492204899778,89.26826086956521,1.8895843646044472,0.14285714285714285,0.05142857142857143,4,0,0.15217391304347827,6,1.8633540372670807,P10909,P10909,,CLU,False,449,1208.0,0.026985464459388552,0.0288965771509669,0.0,0.0,1775.0,5.866159857338592,6.3091617,0.9261971830985916,0.8084507042253521
513,469,0.9142300194931774,92.61744136460555,2.444481587468808,0.36764705882352944,0.08529411764705883,14,9,0.21748400852878466,17,3.624733475479744,P14373,P14373,,TRIM27,False,513,1208.0,0.03546416389309818,0.03549260957510795,0.0024834437086092716,0.0,1775.0,5.309624453971831,5.330691,1.0,0.9977464788732394
1043,829,0.7948226270373921,92.21668275030157,1.674271445104656,0.27927927927927926,0.09234234234234234,8,5,0.195416164053076,24,2.8950542822677927,P15918,P15918,,RAG1,False,1043,1208.0,-0.05651265050052836,-0.0525611752614045,0.0016556291390728477,0.0,1775.0,0.69220432816,0.38995552,0.17971830985915493,0.031549295774647886
475,449,0.9452631578947368,92.89953229398664,2.660615779064534,0.34448160535117056,0.07023411371237458,12,3,0.19599109131403117,17,3.78619153674833,P19474,P19474,,TRIM21,False,475,1208.0,0.0609920530962525,0.06403000415981175,0.0,0.0,1775.0,3.2576383229166197,3.3719046,0.9690140845070423,0.6552112676056338
790,518,0.6556962025316456,89.16679536679537,1.2901027526969933,0.250936329588015,0.0898876404494382,4,0,0.16602316602316602,10,1.9305019305019304,P21580,P21580,,TNFAIP3,False,790,1208.0,0.03497650309300231,0.059748351850972894,0.012417218543046357,0.0008278145695364238,1775.0,2.9360313797785915,2.7723482,0.8777464788732394,0.4326760563380282
193,150,0.7772020725388601,97.05419999999998,1.2894461144136784,0.35294117647058826,0.058823529411764705,5,2,0.25333333333333335,27,18.0,P51965,P51965,,UBE2E1,False,193,1208.0,-0.007236575899597677,-0.0105600425755491,0.0033112582781456954,0.0,1775.0,6.8412560326309855,6.8812976,0.9988732394366198,0.9971830985915493
331,326,0.9848942598187311,97.19978527607363,1.0401058546105468,0.25757575757575757,0.09848484848484848,3,0,0.21779141104294478,27,8.282208588957054,P53611,P53611,,RABGGTB,False,331,1208.0,-1.5174553580043495,-1.5069615879072404,0.9892384105960265,0.9081125827814569,1775.0,6.892050525239436,6.9135356,1.0,1.0
493,422,0.8559837728194726,93.57765402843603,1.4272067315695258,0.24774774774774774,0.0945945945945946,5,1,0.19194312796208532,26,6.161137440758294,O95376,O95376,,ARIH2,False,493,1208.0,0.04810122505381485,0.041974755094249,0.013245033112582781,0.0008278145695364238,1775.0,5.702030466816902,5.7712965,1.0,0.9988732394366198
507,231,0.4556213017751479,86.2600432900433,1.6821223141940287,0.38235294117647056,0.1588235294117647,8,3,0.19047619047619047,6,2.5974025974025974,Q13064,Q13064,,MKRN3,False,507,1208.0,-0.029251823197888764,-0.01881324990883805,0.0024834437086092716,0.0,1775.0,1.7398083709729577,1.4688022,0.5352112676056338,0.30309859154929575
1052,697,0.6625475285171103,91.44028694404591,1.2759994156989387,0.28023598820059,0.038348082595870206,8,1,0.19799139167862267,18,2.582496413199426,Q05397,Q05397,,PTK2,False,1052,1208.0,-0.602097889448357,-0.5354469450734802,0.5248344370860927,0.173841059602649,1775.0,5.739664073852394,6.10976,0.9476056338028169,0.9267605633802817
673,239,0.3551263001485884,81.66535564853557,1.9903628970814056,0.24390243902439024,0.12195121951219512,4,0,0.18828451882845187,8,3.3472803347280333,Q05516,Q05516,,ZBTB16,False,673,1208.0,0.0830617395516184,0.08343218049713345,0.0033112582781456954,0.0008278145695364238,1775.0,0.3448690969295775,0.007049071,0.10704225352112676,0.04056338028169014
406,229,0.5640394088669951,88.00615720524017,1.6699585864355901,0.3411764705882353,0.07058823529411765,11,3,0.1703056768558952,7,3.056768558951965,Q06587,Q06587,,RING1,False,406,1208.0,-0.17482790736104153,-0.16336455092009344,0.033112582781456956,0.0033112582781456954,1775.0,4.9981893018028165,5.0279856,1.0,0.9971830985915493
578,519,0.8979238754325259,90.75556840077071,1.2042259785633311,0.3511450381679389,0.09923664122137404,9,3,0.22736030828516376,65,12.524084778420038,Q0D2K2,Q0D2K2,,KLHL30,False,578,1208.0,-0.026591091945345487,-0.02881266007466755,0.0024834437086092716,0.0,1775.0,0.2601139663256338,0.0667092,0.07211267605633803,0.0033802816901408453
278,185,0.6654676258992805,90.8511891891892,1.1954439876287928,0.37362637362637363,0.08791208791208792,8,2,0.21621621621621623,9,4.864864864864865,Q12829,Q12829,,RAB40B,False,278,1208.0,-0.05882026333365384,-0.05170714550556805,0.004966887417218543,0.0,1775.0,2.759662212416338,2.7427695,0.956056338028169,0.40056338028169014
499,373,0.7474949899799599,94.73833780160857,1.3535556855340982,0.3089887640449438,0.09550561797752809,8,3,0.18230563002680966,32,8.579088471849866,Q12834,Q12834,,CDC20,False,499,1208.0,-2.1227526640628724,-2.086917848403691,1.0,1.0,1775.0,6.534451495076057,6.7249503,0.9988732394366198,0.9825352112676057
539,449,0.8330241187384044,91.1863697104677,2.3153364606634836,0.3234323432343234,0.07920792079207921,10,7,0.17817371937639198,10,2.2271714922048997,Q12899,Q12899,,TRIM26,False,539,1208.0,-0.007331335134907618,-0.007825214377809649,0.0008278145695364238,0.0,1775.0,4.551415916512676,4.557024,0.9988732394366198,0.9819718309859155
501,471,0.9401197604790419,93.01371549893844,2.1794905397708813,0.36607142857142855,0.0625,18,6,0.1740976645435244,9,1.910828025477707,Q12933,Q12933,,TRAF2,False,501,1208.0,-0.31341962106307975,-0.2543772964785661,0.24420529801324503,0.04718543046357616,1775.0,4.019349655543662,4.063175,0.9994366197183099,0.9154929577464789
1120,645,0.5758928571428571,82.96722480620156,2.4393906493808695,0.30699774266365687,0.07674943566591422,12,4,0.15658914728682172,15,2.3255813953488373,Q12986,Q12986,,NFX1,False,1120,1208.0,-0.00793519755788942,-0.005472509639540201,0.0016556291390728477,0.0,1775.0,4.207272427774648,4.22438,1.0,0.9707042253521126
620,479,0.7725806451612903,90.23720250521922,1.3379098867910149,0.31004366812227074,0.13100436681222707,7,1,0.26931106471816285,28,5.845511482254697,Q13042,Q13042,,CDC16,False,620,1208.0,-2.4288181032137803,-2.448315980284388,1.0,0.9958609271523179,1775.0,5.372299921126761,5.378848,1.0,0.9994366197183099
653,509,0.77947932618683,87.64671905697445,2.5010061251121423,0.3503184713375796,0.07961783439490445,16,8,0.18467583497053044,19,3.732809430255403,Q13049,Q13049,,TRIM32,False,653,1208.0,0.010625767756416233,0.012259269338481149,0.0,0.0,1775.0,3.47392967710986,3.5714705,0.9825352112676057,0.8016901408450704
416,285,0.6850961538461539,94.25621052631578,2.5125967289717077,0.3842364532019704,0.08374384236453201,23,5,0.14736842105263157,13,4.56140350877193,Q13077,Q13077,,TRAF1,False,416,1208.0,0.014862106570497724,0.01538305180797635,0.0,0.0,1775.0,1.4467114330529578,1.0567846,0.523943661971831,0.10535211267605633
2025,1066,0.5264197530864198,85.10232645403379,1.3845919907647346,0.2872503840245776,0.06758832565284179,9,5,0.19324577861163228,26,2.4390243902439024,P53804,P53804,,TTC3,False,2025,1208.0,0.05200552766099922,0.05774192292161155,0.0,0.0,1775.0,5.547531205070423,5.560599,1.0,0.9915492957746479
568,520,0.9154929577464789,92.1633846153846,1.8289030473244312,0.32620320855614976,0.0748663101604278,22,6,0.18461538461538463,11,2.1153846153846154,Q13114,Q13114,,TRAF3,False,568,1208.0,-0.011840671572330054,-0.0046545792523823,0.022350993377483443,0.0008278145695364238,1775.0,3.5246665767994365,3.5489175,0.9971830985915493,0.7718309859154929
982,420,0.42769857433808556,90.95799999999998,1.306850011093414,0.27586206896551724,0.10344827586206896,6,2,0.24285714285714285,50,11.904761904761903,Q13191,Q13191,,CBLB,False,982,1208.0,-0.008992301541743975,-0.014410589824431351,0.0,0.0,1775.0,3.3105150601470426,3.2875595,0.9926760563380281,0.611830985915493
396,365,0.9217171717171717,95.7609315068493,1.0505433445850676,0.25157232704402516,0.06918238993710692,4,0,0.1589041095890411,27,7.397260273972603,Q13216,Q13216,,ERCC8,False,396,1208.0,-0.02175848797638671,-0.0230852588177838,0.0024834437086092716,0.0,1775.0,3.856497970366197,3.901398,0.9994366197183099,0.9143661971830986
1512,659,0.43584656084656087,87.19203338391503,1.2086460584508312,0.30333333333333334,0.07,5,2,0.2276176024279211,43,6.525037936267071,Q13233,Q13233,,MAP3K1,False,1512,1208.0,-0.10283607577419608,-0.10233751560931564,0.0074503311258278145,0.0008278145695364238,1775.0,2.9677472615774647,2.9177258,0.9870422535211267,0.4732394366197183
835,427,0.511377245508982,88.5772131147541,2.6183142905312606,0.3498452012383901,0.08978328173374613,25,4,0.17798594847775176,12,2.810304449648712,Q13263,Q13263,,TRIM28,False,835,1208.0,-0.24960238886315605,-0.22664608764339295,0.17963576158940397,0.016556291390728478,1775.0,8.534556627830986,8.574484,1.0,1.0
424,321,0.7570754716981132,95.68763239875389,1.2828720818592463,0.2709677419354839,0.12903225806451613,3,0,0.1308411214953271,10,3.115264797507788,Q13309,Q13309,,SKP2,False,424,1208.0,-0.7489721062128921,-0.6635788485421797,0.6887417218543046,0.22102649006622516,1775.0,4.857207448394366,4.7967896,1.0,0.9622535211267605
520,422,0.8115384615384615,88.09556872037915,2.2524138212184415,0.31954887218045114,0.12030075187969924,7,4,0.19194312796208532,16,3.7914691943127963,Q13356,Q13356,,PPIL2,False,520,1208.0,-1.1466197336013995,-1.1439136454737713,0.9776490066225165,0.7384105960264901,1775.0,4.437100926478872,4.4537153,1.0,0.9769014084507043
147,140,0.9523809523809523,96.29464285714286,1.244041374067624,0.3333333333333333,0.03571428571428571,5,2,0.19285714285714287,9,6.428571428571428,Q13404,Q13404,,UBE2V1,False,147,1208.0,-0.5119499960879942,-0.5086612087022906,0.5149006622516556,0.019867549668874173,1775.0,7.110968078760564,7.091097,1.0,1.0
485,227,0.46804123711340206,86.60383259911895,1.7270245445387313,0.3619631901840491,0.17177914110429449,5,2,0.20704845814977973,8,3.524229074889868,Q13434,Q13434,,MKRN4P,False,485,,,,,,,,,,
144,115,0.7986111111111112,92.05721739130432,3.184862986285019,0.46153846153846156,0.057692307692307696,16,3,0.17391304347826086,15,13.043478260869565,Q13503,Q13503,,MED21,False,144,1208.0,-0.687880308725949,-0.6789548275863677,0.8336092715231788,0.07533112582781457,1775.0,5.062559718535211,5.0677633,1.0,0.992112676056338
163,147,0.901840490797546,96.74598639455782,1.2547724444997093,0.23255813953488372,0.05813953488372093,3,0,0.19047619047619047,8,5.442176870748299,Q13526,Q13526,,PIN1,False,163,1208.0,-0.03876931911116444,-0.03808132588690975,0.0041390728476821195,0.0,1775.0,5.867790646197182,5.903048,1.0,0.9988732394366198
875,712,0.8137142857142857,90.51431179775281,1.2535464595396635,0.2714285714285714,0.08857142857142856,13,5,0.20365168539325842,24,3.3707865168539324,Q05086,Q05086,,UBE3A,False,875,1208.0,-0.09166467231706783,-0.07961788120420875,0.023178807947019868,0.0041390728476821195,1775.0,5.1332683027042245,5.200689,1.0,0.9938028169014085
297,208,0.7003367003367004,89.626875,3.0635545652160787,0.2804878048780488,0.03048780487804878,6,1,0.17307692307692307,14,6.730769230769231,Q04323,Q04323,,UBXN1,False,297,1208.0,-0.041890590830059804,-0.04066930585510375,0.0008278145695364238,0.0,1775.0,6.635377007098592,6.642498,1.0,0.9994366197183099
205,114,0.5560975609756098,89.59499999999998,2.487451998392629,0.4482758620689655,0.06896551724137931,21,1,0.21052631578947367,9,7.894736842105263,Q01151,Q01151,,CD83,False,205,1208.0,-0.04998822240946152,-0.04900067364454665,0.0016556291390728477,0.0,1775.0,2.6753819641943664,2.6172044,0.8946478873239436,0.38422535211267606
904,644,0.7123893805309734,85.89723602484472,1.4122571758814109,0.36548223350253806,0.12944162436548223,10,8,0.2204968944099379,17,2.639751552795031,Q008S8,Q008S8,,ECT2L,False,904,1208.0,-0.21408607076860456,-0.20954451693816678,0.024006622516556293,0.0,1775.0,0.08604255251492958,0.05646006,0.003943661971830986,0.0
806,690,0.8560794044665012,87.87713043478261,1.2359599175806484,0.2773109243697479,0.0700280112044818,8,3,0.21159420289855072,35,5.072463768115942,P55072,P55072,,VCP,False,806,1208.0,-2.625575388698835,-2.6712190771053113,1.0,0.9966887417218543,1775.0,7.458539928338029,7.4839125,1.0,1.0
322,286,0.8881987577639752,94.79853146853148,1.078514322388868,0.2867132867132867,0.0979020979020979,6,1,0.19230769230769232,37,12.937062937062937,P55735,P55735,,SEC13,False,322,1208.0,-1.6216032497424533,-1.6086263573159618,0.9966887417218543,0.9793046357615894,1775.0,6.649432681971831,6.6277924,1.0,1.0
925,794,0.8583783783783784,92.99061712846348,1.1507274745667342,0.3524590163934426,0.03551912568306011,13,5,0.20277078085642317,47,5.919395465994962,P57737,P57737,,CORO7,False,925,1208.0,-0.1164926202311012,-0.1144069439350286,0.0041390728476821195,0.0,1775.0,3.779976955391549,3.7289653,0.9983098591549295,0.7645070422535212
412,383,0.9296116504854369,93.50848563968668,1.1404235648508254,0.3446327683615819,0.1016949152542373,12,3,0.18276762402088773,22,5.7441253263707575,P57775,P57775,,FBXW4,False,412,1208.0,-0.0773918082082649,-0.07330715109264785,0.009105960264900662,0.0,1775.0,4.060479162125634,4.112859,0.9960563380281691,0.9312676056338028
1061,847,0.7983034872761545,89.26010625737898,1.3075668035532606,0.25071225071225073,0.09116809116809117,5,1,0.17237308146399055,13,1.5348288075560803,P59046,P59046,,NLRP12,False,1061,1208.0,0.09621049905956915,0.10027892046108036,0.0008278145695364238,0.0,1775.0,0.09364791507380282,0.006206091,0.029859154929577466,0.003943661971830986
121,56,0.4628099173553719,84.78571428571429,3.759230355814711,0.44642857142857145,0.10714285714285714,7,2,0.017857142857142856,0,0.0,P60006,P60006,,ANAPC15,False,121,1208.0,-0.5516373792189718,-0.5405745734693487,0.5538079470198676,0.0869205298013245,1775.0,5.732484343661972,5.765548,1.0,0.9983098591549295
165,164,0.9939393939393939,94.6194512195122,1.2477452883047477,0.33695652173913043,0.05434782608695652,7,2,0.21341463414634146,25,15.24390243902439,P60604,P60604,,UBE2G2,False,165,1208.0,-0.3269788693792702,-0.27223478026721926,0.19950331125827814,0.028973509933774833,1775.0,5.91920080371831,5.9754148,1.0,0.9988732394366198
191,178,0.9319371727748691,96.09314606741574,1.154003856873276,0.3333333333333333,0.0967741935483871,5,1,0.20786516853932585,12,6.741573033707865,P60953,P60953,,CDC42,False,191,1208.0,-1.2265918096947537,-1.2248224644288577,0.9354304635761589,0.6945364238410596,1775.0,7.635012710197183,7.6579256,1.0,1.0
147,147,1.0,96.37918367346937,1.269862222445038,0.3,0.0875,6,1,0.2653061224489796,21,14.285714285714285,P61077,P61077,,UBE2D3,False,147,1208.0,-0.8255726545178428,-0.7694709185170386,0.7508278145695364,0.298841059602649,1775.0,7.912481144957747,7.9590282,1.0,1.0
183,158,0.8633879781420765,97.39670886075949,1.2864892735075137,0.25,0.07142857142857142,3,0,0.2088607594936709,20,12.658227848101266,P61081,P61081,,UBE2M,False,183,1208.0,-1.6225832600260561,-1.6207604042780124,0.9685430463576159,0.8725165562913907,1775.0,6.3237745173295785,6.355115,0.9988732394366198,0.9988732394366198
200,200,1.0,96.68615000000001,1.2901117960405006,0.32710280373831774,0.028037383177570093,5,1,0.21,19,9.5,P61086,P61086,,UBE2K,False,200,1208.0,-0.16437888200135303,-0.16138311491113805,0.08195364238410596,0.0041390728476821195,1775.0,6.0914903975211265,6.1481814,1.0,0.9994366197183099
152,150,0.9868421052631579,96.154,1.2678381271801082,0.3793103448275862,0.05747126436781609,5,2,0.2866666666666667,43,28.666666666666668,P61088,P61088,,UBE2N,False,152,1208.0,-1.1852883059427077,-1.1821151477523166,0.9039735099337748,0.652317880794702,1775.0,7.1554561655774656,7.204532,1.0,1.0
342,322,0.9415204678362573,95.55009316770186,1.0233089843294776,0.2867132867132867,0.0979020979020979,6,2,0.20186335403726707,11,3.4161490683229814,P61962,P61962,,DCAF7,False,342,74.0,-0.7802052249166377,-0.6708906106263912,0.6621621621621622,0.32432432432432434,1775.0,5.465763167267607,5.486547,1.0,0.9943661971830986
170,168,0.9882352941176471,94.44928571428571,1.2399284889829985,0.2857142857142857,0.05102040816326531,6,1,0.21428571428571427,29,17.261904761904763,P62253,P62253,,UBE2G1,False,170,1208.0,-0.04086369139188683,-0.0300084680634478,0.014900662251655629,0.0,1775.0,5.178557078309859,5.211838,1.0,0.992112676056338
183,158,0.8633879781420765,96.24765822784808,1.2738702292290596,0.28888888888888886,0.05555555555555555,4,0,0.18354430379746836,13,8.227848101265822,P62256,P62256,,UBE2H,False,183,1208.0,-0.47974017927486684,-0.44414203489065596,0.4147350993377483,0.0695364238410596,1775.0,5.499338504,5.509791,1.0,0.9938028169014085
121,111,0.9173553719008265,96.07891891891894,1.2900822422931861,0.26153846153846155,0.09230769230769231,3,0,0.15315315315315314,5,4.504504504504505,P62699,P62699,,YPEL5,False,121,1208.0,-0.8394733212646331,-0.7623603856457508,0.7475165562913907,0.31539735099337746,1775.0,5.55191686828169,5.6026497,1.0,0.9943661971830986
147,147,1.0,96.47306122448978,1.2678200317517316,0.28205128205128205,0.10256410256410256,6,1,0.272108843537415,22,14.965986394557824,P62837,P62837,,UBE2D2,False,147,1208.0,0.007004299020451087,0.009229790342554601,0.0033112582781456954,0.0,1775.0,6.372475158197183,6.3683634,1.0,1.0
108,78,0.7222222222222222,87.24410256410258,2.1934682057148307,0.45614035087719296,0.14035087719298245,9,1,0.16666666666666666,12,15.384615384615385,P62877,P62877,,RBX1,False,108,1208.0,-1.0323828163416366,-1.0153153306671285,0.9685430463576159,0.5322847682119205,1775.0,6.30292380484507,6.3278437,1.0,0.9994366197183099
152,150,0.9868421052631579,96.22633333333334,1.2641722959922004,0.25842696629213485,0.06741573033707865,5,1,0.21333333333333335,23,15.333333333333332,P63146,P63146,,UBE2B,False,152,1208.0,0.04917516388907246,0.055697826027526,0.0,0.0,1775.0,6.585754704563381,6.603469,1.0,1.0
163,148,0.9079754601226994,92.7945945945946,1.5964232940382612,0.28431372549019607,0.058823529411764705,5,1,0.19594594594594594,13,8.783783783783784,P63208,P63208,,SKP1,False,163,1208.0,-1.2813074867452217,-1.281363056764934,0.9942052980132451,0.8584437086092715,1775.0,8.856969663380282,8.902315,1.0,1.0
154,154,1.0,95.54246753246754,1.2695931476619748,0.25,0.045454545454545456,4,0,0.18831168831168832,12,7.792207792207792,P68036,P68036,,UBE2L3,False,154,1208.0,-1.213920603286567,-1.2211124040734862,0.9503311258278145,0.6846026490066225,1775.0,5.859790497971832,5.87476,1.0,0.9994366197183099
509,412,0.8094302554027505,89.92235436893205,1.3694201922574938,0.29292929292929293,0.09595959595959595,13,2,0.2087378640776699,25,6.067961165048544,P78395,P78395,,PRAME,False,509,1208.0,0.02124623871160805,0.020794428280483848,0.0008278145695364238,0.0,1775.0,2.868195159169578,1.5487276,0.5363380281690141,0.4315492957746479
292,271,0.928082191780822,93.76118081180812,1.1796269999797178,0.2857142857142857,0.045112781954887216,8,1,0.1881918819188192,12,4.428044280442804,Q00535,Q00535,,CDK5,False,292,1208.0,-0.08425251687248698,-0.0764417336187259,0.006622516556291391,0.0,1775.0,4.476402718478873,4.488875,1.0,0.96
474,380,0.8016877637130801,89.59263157894738,1.3776715467477028,0.2737430167597765,0.1340782122905028,7,2,0.20526315789473684,9,2.368421052631579,O95521,O95521,,PRAMEF1,False,474,1047.0,0.007330575864339622,0.0118704664666792,0.0038204393505253103,0.0,1775.0,0.036795646685070425,0.0,0.007323943661971831,0.0022535211267605635
564,438,0.776595744680851,89.41109589041095,2.312139001086795,0.37216828478964403,0.08414239482200647,22,7,0.1872146118721461,11,2.5114155251141552,O95361,O95361,,TRIM16,False,564,1208.0,-0.02940987696085791,-0.030835881166136947,0.0033112582781456954,0.0,1775.0,4.744196090845071,4.693325,0.9994366197183099,0.8935211267605634
811,372,0.45869297163995065,90.87653225806451,1.5256703227278532,0.33755274261603374,0.10548523206751055,9,4,0.20698924731182797,18,4.838709677419355,Q8N5U6,Q8N5U6,,RNF10,False,811,1208.0,0.025333377310148838,0.0307029801980985,0.0024834437086092716,0.0,1775.0,6.682171587323943,6.726164,1.0,1.0
581,167,0.2874354561101549,87.01065868263473,1.471443278816797,0.44329896907216493,0.13402061855670103,8,2,0.16766467065868262,6,3.592814371257485,O14512,O14512,,SOCS7,False,581,1208.0,-0.038362004772977396,-0.03762674290072355,0.004966887417218543,0.0,1775.0,3.1805516337239434,3.1746268,0.9943661971830986,0.5932394366197183
287,267,0.9303135888501742,93.8670786516854,1.5603922108583785,0.29333333333333333,0.04666666666666667,11,2,0.18726591760299627,29,10.861423220973784,F8VTS6,F8VTS6,,RFPL4AL1,False,287,,,,,,1775.0,0.16530700412338029,0.0,0.03718309859154929,0.012394366197183098
478,399,0.8347280334728033,91.23751879699249,1.3420570963544127,0.2578947368421053,0.07894736842105263,4,0,0.18546365914786966,13,3.258145363408521,H0Y7S4,H0Y7S4,,PRAMEF26,False,478,,,,,,1775.0,0.0059240516664788734,0.0,0.0016901408450704226,0.0
450,360,0.8,89.48841666666667,2.558429845538456,0.3765182186234818,0.10526315789473684,16,6,0.19444444444444445,13,3.6111111111111107,I1YAP6,I1YAP6,,TRIM77,False,450,1208.0,0.002376148931661598,0.0014653575744573,0.0016556291390728477,0.0,1775.0,0.0026592550360563377,0.0,0.0,0.0
329,130,0.3951367781155015,87.01723076923076,2.307047949750661,0.5934065934065934,0.06593406593406594,25,4,0.25384615384615383,24,18.461538461538463,M0QZC1,M0QZC1,,RNF225,False,329,74.0,0.25464857508083893,0.25069957060839737,0.0,0.0,1775.0,0.10282622238985915,0.029006138,0.012394366197183098,0.0
685,487,0.710948905109489,84.62328542094454,1.5228489054998702,0.4295774647887324,0.1443661971830986,20,6,0.24229979466119098,29,5.95482546201232,O00237,O00237,,RNF103,False,685,1208.0,-0.20896178731068688,-0.2057574353369402,0.0173841059602649,0.0,1775.0,4.071387610084507,4.0578575,1.0,0.9284507042253521
870,635,0.7298850574712644,89.67829921259843,1.1888206328999205,0.24925816023738873,0.09495548961424333,6,3,0.22992125984251968,70,11.023622047244094,O00308,O00308,,WWP2,False,870,1208.0,-0.1007748923448834,-0.09409372130010515,0.004966887417218543,0.0,1775.0,4.12340398912676,4.130461,1.0,0.9554929577464789
557,499,0.895870736086176,91.39787575150301,1.9709166601431363,0.3267605633802817,0.08450704225352113,12,8,0.17635270541082165,14,2.80561122244489,O00463,O00463,,TRAF5,False,557,1208.0,0.080504121704091,0.081807854582253,0.0008278145695364238,0.0008278145695364238,1775.0,3.1021178751363383,3.2176402,0.927887323943662,0.5605633802816902
359,290,0.807799442896936,86.78455172413793,1.5579533004384924,0.5119617224880383,0.15311004784688995,29,6,0.2620689655172414,33,11.379310344827587,O00623,O00623,,PEX12,False,359,1208.0,-0.006741066018425182,-0.00079679317780635,0.0074503311258278145,0.0,1775.0,2.6085436457802818,2.6226282,0.9938028169014085,0.25014084507042256
465,422,0.9075268817204301,90.12914691943128,2.4555341009363487,0.2857142857142857,0.09407665505226481,9,6,0.18009478672985782,11,2.6066350710900474,O00635,O00635,,TRIM38,False,465,1208.0,-0.021109086874561377,-0.0188319621888684,0.0016556291390728477,0.0,1775.0,2.24785369044,2.3963788,0.8715492957746479,0.2123943661971831
179,148,0.8268156424581006,96.5727027027027,1.2752486620934496,0.3,0.07777777777777778,5,2,0.25675675675675674,22,14.864864864864865,O00762,O00762,,UBE2C,False,179,1208.0,-0.6701514881919802,-0.6523160469986342,0.7044701986754967,0.1316225165562914,1775.0,7.390149115684507,7.6546144,0.9932394366197184,0.9802816901408451
198,148,0.7474747474747475,94.27466216216216,1.2888426184626633,0.3409090909090909,0.10227272727272728,6,2,0.19594594594594594,9,6.081081081081082,O14508,O14508,,SOCS2,False,198,1208.0,0.0007108695546291001,0.00644808723753115,0.0008278145695364238,0.0,1775.0,3.1568509979549293,3.131387,0.8687323943661972,0.5335211267605634
225,146,0.6488888888888888,83.8913698630137,1.301178247052743,0.30952380952380953,0.09523809523809523,5,2,0.19863013698630136,7,4.794520547945205,O14543,O14543,,SOCS3,False,225,1208.0,-0.1902616374478147,-0.1341386583959408,0.12003311258278146,0.018211920529801324,1775.0,2.8663056394247883,2.9883049,0.8304225352112676,0.49577464788732395
211,159,0.7535545023696683,93.54452830188679,1.27174442527193,0.35051546391752575,0.10309278350515463,6,2,0.18238993710691823,6,3.7735849056603774,O15524,O15524,,SOCS1,False,211,1208.0,-0.020026029731239268,-0.0205451448929225,0.0016556291390728477,0.0,1775.0,1.3936898723391549,1.0169098,0.5036619718309859,0.10422535211267606
535,141,0.2635514018691589,89.05014184397163,1.5209884874024693,0.32926829268292684,0.10975609756097561,6,2,0.15602836879432624,4,2.8368794326241136,O14544,O14544,,SOCS6,False,535,1208.0,0.015842887201265875,0.0173057740518962,0.0016556291390728477,0.0,1775.0,3.3720749101138026,3.4844346,0.96,0.6957746478873239
419,401,0.9570405727923628,94.26508728179552,1.3102101834230455,0.27601809954751133,0.08597285067873303,7,2,0.22942643391521197,21,5.236907730673317,O14929,O14929,,HAT1,False,419,1208.0,-0.0664116273299286,-0.0572708778208561,0.014900662251655629,0.0,1775.0,6.154516663154929,6.242521,1.0,0.9966197183098592
153,152,0.9934640522875817,95.36953947368423,1.2648531726959342,0.3409090909090909,0.056818181818181816,5,3,0.23026315789473684,18,11.842105263157894,O14933,O14933,,UBE2L6,False,153,1208.0,0.005165447073504636,0.006683908340682949,0.0,0.0,1775.0,5.3892021270281685,5.69971,0.9701408450704225,0.9064788732394367
403,254,0.630272952853598,95.13421259842521,1.1758682012790114,0.2644628099173554,0.1322314049586777,5,1,0.19291338582677164,18,7.086614173228346,O14965,O14965,,AURKA,False,403,1208.0,-1.209496480979796,-1.184886132887006,0.9942052980132451,0.7640728476821192,1775.0,6.117413007661972,6.242753,0.9994366197183099,0.9853521126760564
2357,383,0.16249469664828173,90.07483028720628,1.563675180404367,0.3380281690140845,0.08450704225352113,16,1,0.2454308093994778,30,7.83289817232376,O15027,O15027,,SEC16A,False,2357,1208.0,-0.6225469399574065,-0.5964738607916155,0.6730132450331126,0.0728476821192053,1775.0,5.01839818315493,5.00191,1.0,0.9988732394366198
823,717,0.8712029161603888,89.36140864714088,1.2206114052396084,0.3108108108108108,0.11621621621621622,17,4,0.2217573221757322,34,4.741980474198047,O15033,O15033,,AREL1,False,823,1208.0,-0.09901228917922068,-0.101062415761482,0.009933774834437087,0.0,1775.0,4.216653529126761,4.267146,1.0,0.9549295774647887
426,260,0.6103286384976526,92.61323076923078,1.2154895584734815,0.2748091603053435,0.09923664122137404,6,1,0.20384615384615384,10,3.8461538461538463,O15105,O15105,,SMAD7,False,426,1208.0,-0.10455060477524827,-0.0621313182018717,0.048013245033112585,0.01076158940397351,1775.0,3.2791134683414085,3.3611085,0.9509859154929577,0.5966197183098592
490,169,0.3448979591836735,92.0112426035503,1.8815555572509766,0.30097087378640774,0.11650485436893204,6,1,0.20118343195266272,10,5.9171597633136095,O15151,O15151,,MDM4,False,490,1208.0,-0.15729994678412884,-0.06257688362063296,0.11754966887417219,0.03559602649006623,1775.0,3.422578577459155,3.3934011,0.9949295774647887,0.6563380281690141
1050,488,0.46476190476190476,89.09643442622951,2.351938359447038,0.36752136752136755,0.10541310541310542,10,9,0.18237704918032788,12,2.459016393442623,O15164,O15164,,TRIM24,False,1050,1208.0,0.08358843073784429,0.0852161364972653,0.0016556291390728477,0.0,1775.0,3.5597064087943666,3.507097,0.9988732394366198,0.7312676056338028
862,332,0.3851508120649652,89.99930722891567,1.7975400768858376,0.32270916334661354,0.04780876494023904,12,7,0.1566265060240964,12,3.614457831325301,O15169,O15169,,AXIN1,False,862,1208.0,0.027683936557916632,0.043995569574315746,0.023178807947019868,0.0008278145695364238,1775.0,3.64167562195493,3.668641,0.9983098591549295,0.8445070422535211
667,587,0.8800599700149925,91.29078364565588,2.274353840219602,0.330749354005168,0.08527131782945736,8,6,0.18739352640545145,21,3.577512776831346,O15344,O15344,,MID1,False,667,1208.0,0.15980147581095475,0.15253195692441116,0.0,0.0,1775.0,2.932186779525634,3.128135,0.8230985915492958,0.5307042253521127
249,131,0.5261044176706827,91.01900763358779,2.227136445656943,0.5714285714285714,0.0989010989010989,20,3,0.22137404580152673,16,12.213740458015266,E7ERA6,E7ERA6,,RNF223,False,249,1208.0,-0.1146577758410931,-0.11255056695752849,0.009105960264900662,0.0,1775.0,0.6421195420845071,0.04784267,0.24338028169014084,0.05577464788732395
458,430,0.9388646288209607,92.87453488372094,1.1056683821883067,0.38571428571428573,0.09047619047619047,7,2,0.26976744186046514,51,11.86046511627907,C9JR72,C9JR72,,KBTBD13,False,458,1208.0,0.03656127434518598,0.03758218384366105,0.0,0.0,1775.0,0.016861954374647888,0.0,0.0022535211267605635,0.0
291,269,0.9243986254295533,94.6372118959108,1.517460847321496,0.3904109589041096,0.0821917808219178,7,5,0.21561338289962825,21,7.806691449814126,C9JJ37,C9JJ37,,BTBD19,False,291,77.0,0.030771198696643992,0.0083476178093931,0.0,0.0,1775.0,1.5570177807070422,1.1553477,0.5363380281690141,0.18647887323943663
452,387,0.8561946902654868,91.39868217054264,1.6444383792133954,0.2669902912621359,0.13106796116504854,5,1,0.1937984496124031,13,3.359173126614987,C9J1S8,C9J1S8,,TRIM49D1,False,452,1090.0,-0.11045216334843244,-0.10033949339386455,0.015596330275229359,0.0,1775.0,0.04133393773802816,0.0,0.010140845070422535,0.0022535211267605635
452,401,0.8871681415929203,90.76870324189527,2.7210076781117145,0.34814814814814815,0.1259259259259259,18,3,0.2119700748129676,18,4.488778054862843,A0A3B3IT33,A0A3B3IT33,,TRIM51G,False,452,,,,,,1775.0,0.026549650990422537,0.0,0.0050704225352112674,0.0011267605633802818
345,128,0.3710144927536232,82.95015624999999,2.073771617768804,0.5894736842105263,0.10526315789473684,18,3,0.2109375,6,4.6875,A0A7I2V3R4,A0A7I2V3R4,,RNF228,False,345,,,,,,1775.0,0.4069871900907042,0.06688276,0.13352112676056338,0.021971830985915493
362,341,0.9419889502762431,90.3082991202346,1.6381940009868272,0.4413145539906103,0.07981220657276995,33,4,0.24633431085043989,25,7.331378299120235,A0AVI4,A0AVI4,,TMEM129,False,362,1208.0,-0.02402596059565569,-0.02306948020241345,0.0033112582781456954,0.0,1775.0,4.40465323543662,4.444243,1.0,0.9712676056338028
161,148,0.9192546583850931,94.09729729729729,1.212031759676399,0.275,0.1,4,0,0.2635135135135135,24,16.216216216216218,A1L167,A1L167,,UBE2QL1,False,161,1208.0,-0.006597653396327788,-0.00628145981189375,0.0024834437086092716,0.0,1775.0,0.4046187753098591,0.013880983,0.11887323943661972,0.049014084507042255
481,409,0.8503118503118503,89.89929095354523,1.3751621852927323,0.2617801047120419,0.06806282722513089,6,1,0.18581907090464547,25,6.112469437652812,A3QJZ6,A3QJZ6,,PRAMEF22,False,481,,,,,,,,,,
478,392,0.8200836820083682,90.43576530612243,1.340747511153323,0.2737430167597765,0.09497206703910614,4,0,0.18877551020408162,12,3.061224489795918,A3QJZ7,A3QJZ7,,PRAMEF27,False,478,,,,,,1775.0,0.009905289945915493,0.0,0.0016901408450704226,0.0005633802816901409
446,407,0.9125560538116592,91.15186732186731,1.6080082398745141,0.2669902912621359,0.12135922330097088,7,1,0.1941031941031941,27,6.6339066339066335,A6NCK2,A6NCK2,,TRIM43B,False,446,,,,,,1775.0,0.04934293791661972,0.0,0.009577464788732394,0.0028169014084507044
452,389,0.8606194690265486,90.88017994858612,1.6399320978321144,0.2731707317073171,0.13170731707317074,8,1,0.18251928020565553,16,4.113110539845758,A6NDI0,A6NDI0,,TRIM49B,False,452,1047.0,-0.006824926172295644,-0.0034319345648705,0.0009551098376313276,0.0,1775.0,0.042427017966760565,0.0,0.010704225352112675,0.0022535211267605635
478,399,0.8347280334728033,91.94997493734336,1.3432311073585337,0.31100478468899523,0.07655502392344497,10,2,0.22305764411027568,42,10.526315789473683,A6NE02,A6NE02,,BTBD17,False,478,1208.0,-0.17962251264615448,-0.18170017906969443,0.07201986754966887,0.0,1775.0,0.16742357150704226,0.0,0.041690140845070424,0.024788732394366197
449,387,0.8619153674832962,90.65550387596902,2.6905581101050706,0.3745173745173745,0.0888030888030888,14,6,0.2041343669250646,30,7.751937984496124,A6NGJ6,A6NGJ6,,TRIM64,False,449,,,,,,1775.0,0.0035727966197183097,0.0,0.0,0.0
478,400,0.8368200836820083,91.17835,1.3458346366882323,0.25263157894736843,0.08947368421052632,3,0,0.1925,14,3.5000000000000004,A6NGN4,A6NGN4,,PRAMEF25,False,478,,,,,,1775.0,0.00850872186140845,0.0,0.0005633802816901409,0.0
449,376,0.8374164810690423,90.725,2.766012660226261,0.375,0.0967741935483871,14,6,0.2074468085106383,22,5.851063829787234,A6NI03,A6NI03,,TRIM64B,False,449,,,,,,1775.0,0.014624341665915492,0.0,0.0028169014084507044,0.0
190,96,0.5052631578947369,85.97322916666667,1.6442073987199006,0.373134328358209,0.07462686567164178,6,1,0.19791666666666666,9,9.375,A6NIN4,A6NIN4,,RNF227,False,190,70.0,0.17122833593763664,0.1550787199621822,0.0,0.0,1775.0,1.778231850293521,1.7061282,0.8856338028169014,0.04563380281690141
468,417,0.8910256410256411,89.87244604316548,2.4573681527418456,0.3460207612456747,0.07958477508650519,15,9,0.17985611510791366,12,2.877697841726619,A6NK02,A6NK02,,TRIM75,False,468,,,,,,1775.0,0.013213489206760562,0.0,0.0005633802816901409,0.0
587,511,0.8705281090289608,92.02802348336596,1.644984488403354,0.31020408163265306,0.12653061224489795,9,2,0.22309197651663404,20,3.9138943248532287,A6NK59,A6NK59,,ASB14,False,587,1208.0,0.03622478915031468,0.0357339088129432,0.0,0.0,1775.0,0.33068654377014084,0.27846655,0.02028169014084507,0.0
450,375,0.8333333333333334,89.34184,2.775560647664924,0.390625,0.11328125,16,5,0.18666666666666668,18,4.8,A6NLI5,A6NLI5,,TRIM64C,False,450,77.0,0.0811109886710063,0.0921535913116423,0.0,0.0,1775.0,9.052275492957745e-05,0.0,0.0,0.0
287,268,0.9337979094076655,94.077723880597,1.548396017409198,0.3076923076923077,0.05128205128205128,11,2,0.1791044776119403,18,6.7164179104477615,A6NLU0,A6NLU0,,RFPL4A,False,287,,,,,,1775.0,0.2662991256878873,0.05204439,0.06535211267605634,0.017464788732394366
402,172,0.42786069651741293,87.00488372093024,2.2141417305022806,0.53125,0.1328125,20,3,0.2616279069767442,35,20.348837209302324,A6NNE9,A6NNE9,,MARCHF11,False,402,1090.0,0.04891725090056611,0.045447544915699745,0.0009174311926605505,0.0,1775.0,0.26937272325971834,0.0,0.061971830985915494,0.036056338028169016
1104,732,0.6630434782608695,88.39893442622949,1.352493442893733,0.3268608414239482,0.07766990291262135,7,5,0.21174863387978143,28,3.825136612021858,A6QL63,A6QL63,,ABTB3,False,1104,1208.0,-0.03479015768777905,-0.031634030864175,0.0008278145695364238,0.0,1775.0,1.073273814755493,0.49266642,0.4028169014084507,0.09352112676056339
1837,942,0.5127925966249319,88.88160297239915,1.5643069488376402,0.30248306997742663,0.07674943566591422,14,5,0.2208067940552017,50,5.3078556263269645,A7E2V4,A7E2V4,,ZSWIM8,False,1837,1208.0,-0.19926462896449723,-0.1922726629299277,0.04470198675496689,0.0,1775.0,4.885113284788732,4.908068,1.0,0.9780281690140845
555,343,0.618018018018018,88.66253644314868,1.3036987280677748,0.3181818181818182,0.05194805194805195,7,1,0.19825072886297376,23,6.705539358600583,A8MQ27,A8MQ27,,NEURL1B,False,555,1208.0,-0.00933003239517212,-0.00698526871696445,0.0024834437086092716,0.0,1775.0,1.9624338611126761,1.8276199,0.7104225352112676,0.23211267605633804
300,130,0.43333333333333335,93.35092307692308,3.7540976597064946,0.39473684210526316,0.13157894736842105,14,3,0.11538461538461539,9,6.923076923076923,A8MTL3,A8MTL3,,RNF212B,False,300,1208.0,-0.23057360747883193,-0.22344315002308074,0.048013245033112585,0.0024834437086092716,1775.0,0.0363672991228169,0.0,0.0011267605633802818,0.0
712,132,0.1853932584269663,93.11439393939393,1.5283561191251531,0.3225806451612903,0.07526881720430108,8,2,0.1893939393939394,5,3.787878787878788,B2RXH4,B2RXH4,,BTBD18,False,712,1208.0,-0.025905908359701885,-0.02359902685009215,0.0016556291390728477,0.0,1775.0,0.055201564459154924,0.038523275,0.0,0.0
319,187,0.5862068965517241,86.5318181818182,1.5051353633522448,0.25688073394495414,0.07339449541284404,8,1,0.19786096256684493,18,9.62566844919786,O15479,O15479,,MAGEB2,False,319,1208.0,0.14853484883208826,0.14587886933119254,0.0,0.0,1775.0,0.6951444801830986,0.023111964,0.14591549295774647,0.09915492957746479
343,189,0.5510204081632653,83.98783068783068,3.11811325593164,0.34415584415584416,0.14285714285714285,15,1,0.13756613756613756,12,6.349206349206349,O15541,O15541,,RNF113A,False,343,1208.0,-1.0114571366629408,-0.9808327610150879,0.9652317880794702,0.48013245033112584,1775.0,4.005069037802817,4.009634,1.0,0.9380281690140845
331,317,0.9577039274924471,97.44160883280756,1.1616207679710173,0.31543624161073824,0.10738255033557047,4,0,0.22397476340694006,31,9.779179810725552,O95278,O95278,,EPM2A,False,331,1208.0,-0.0566237197023102,-0.057220805208701,0.004966887417218543,0.0,1775.0,2.1477233685070423,2.0749507,0.9385915492957746,0.1504225352112676
574,358,0.6236933797909407,88.19346368715084,1.167289358015131,0.3559322033898305,0.0847457627118644,5,1,0.2206703910614525,17,4.748603351955307,O76050,O76050,,NEURL1,False,574,1208.0,-0.008098493724258275,-0.01340819915045355,0.0033112582781456954,0.0,1775.0,0.8768440656518309,0.2375784,0.27211267605633804,0.09690140845070423
536,216,0.40298507462686567,90.93342592592592,1.8043164056193326,0.3560606060606061,0.12121212121212122,7,2,0.18518518518518517,8,3.7037037037037033,O75159,O75159,,SOCS5,False,536,1208.0,-0.2312863246327612,-0.22136311243760082,0.06705298013245033,0.0,1775.0,3.5220685381380283,3.416325,0.9983098591549295,0.7340845070422535
191,170,0.8900523560209425,93.72188235294118,1.3706592453706057,0.29411764705882354,0.11764705882352941,12,2,0.21764705882352942,12,7.0588235294117645,O75340,O75340,,PDCD6,False,191,1208.0,-0.36831699775451626,-0.3493375874013401,0.23344370860927152,0.009105960264900662,1775.0,6.984636346478874,6.9410357,1.0,1.0
114,113,0.9912280701754386,95.32530973451325,1.3496941378535177,0.29333333333333333,0.05333333333333334,4,0,0.23008849557522124,17,15.04424778761062,O75368,O75368,,SH3BGRL,False,114,1208.0,0.04592811174803334,0.0399958057492163,0.0,0.0,1775.0,5.550980834851831,6.017913,0.9369014084507042,0.8873239436619719
744,642,0.8629032258064516,89.9867601246106,1.7671167612981393,0.34517766497461927,0.06852791878172589,18,7,0.16822429906542055,21,3.2710280373831773,O75382,O75382,,TRIM3,False,744,1208.0,0.09476036062142594,0.09782611893207875,0.0008278145695364238,0.0,1775.0,3.0796460234929577,3.043264,0.9814084507042253,0.5138028169014085
580,426,0.7344827586206897,87.60014084507043,1.1960371363597297,0.3712871287128713,0.12871287128712872,10,2,0.2300469483568075,18,4.225352112676056,O75426,O75426,,FBXO24,False,580,1208.0,0.00938586645452034,0.0121407062033645,0.0041390728476821195,0.0,1775.0,0.4788034646715493,0.4182137,0.07154929577464789,0.0
802,486,0.6059850374064838,87.0008024691358,1.3550969563705382,0.2602040816326531,0.061224489795918366,5,1,0.18106995884773663,22,4.526748971193416,O75582,O75582,,RPS6KA5,False,802,1208.0,0.03693397490473818,0.03372650195999755,0.0,0.0,1775.0,2.1360046440653524,2.098332,0.8777464788732394,0.1847887323943662
246,162,0.6585365853658537,91.73253086419751,1.9888205423018424,0.4921875,0.125,33,3,0.17901234567901234,16,9.876543209876543,O75586,O75586,,MED6,False,246,1208.0,-1.4607092007284888,-1.4601779525440253,0.9875827814569537,0.9478476821192053,1775.0,5.325665931098592,5.344232,1.0,0.9960563380281691
317,265,0.8359621451104101,92.7840754716981,1.5832206224887133,0.28,0.08,6,2,0.1660377358490566,9,3.3962264150943398,O75677,O75677,,RFPL1,False,317,1208.0,-0.02272523965024278,-0.0178843011736378,0.0016556291390728477,0.0,1775.0,0.07767682037971832,0.0,0.008450704225352112,0.0
378,257,0.6798941798941799,90.73832684824903,1.5390310397105689,0.28169014084507044,0.04929577464788732,5,2,0.1828793774319066,9,3.501945525291829,O75678,O75678,,RFPL2,False,378,1208.0,-0.0033494603062485975,0.00452426505053985,0.005794701986754967,0.0,1775.0,0.1887612051284507,0.041028455,0.041690140845070424,0.0022535211267605635
317,266,0.8391167192429022,92.53860902255639,1.518471580302639,0.2937062937062937,0.055944055944055944,6,2,0.16165413533834586,7,2.631578947368421,O75679,O75679,,RFPL3,False,317,1208.0,-0.11584466234436049,-0.11715874404088715,0.0033112582781456954,0.0,1775.0,0.09400273018422535,0.038993765,0.0028169014084507044,0.0
485,359,0.7402061855670103,90.24637883008357,2.8700346729464097,0.3155893536121673,0.07224334600760456,10,5,0.1615598885793872,13,3.6211699164345403,O76064,O76064,,RNF8,False,485,1208.0,-0.4996491927930123,-0.4776308177317093,0.4652317880794702,0.04056291390728477,1775.0,4.377995217183099,4.419087,1.0,0.9780281690140845
781,491,0.6286811779769527,92.60979633401223,2.069114324569688,0.32432432432432434,0.08408408408408409,11,5,0.19144602851323828,24,4.887983706720977,O15553,O15553,,MEFV,False,781,1208.0,0.015952606056089155,0.01509634346547065,0.0,0.0,1775.0,0.1184065287684507,0.037879787,0.01915492957746479,0.0022535211267605635
1766,1448,0.8199320498301246,87.11078038674033,1.3396492577595727,0.2523364485981308,0.06697819314641744,5,1,0.20096685082872928,27,1.8646408839779007,O94822,O94822,,LTN1,False,1766,1208.0,-0.17598982397993235,-0.16597800074897215,0.023178807947019868,0.0,1775.0,3.5749390490366193,3.6086674,0.9971830985915493,0.8259154929577465
574,561,0.9773519163763066,94.39522281639928,1.237967537168091,0.29136690647482016,0.08273381294964029,7,2,0.20855614973262032,55,9.803921568627452,O94889,O94889,,KLHL18,False,574,1208.0,0.042122038480559405,0.0456650115302666,0.0016556291390728477,0.0,1775.0,3.659492559887324,3.6924272,0.9994366197183099,0.8276056338028169
339,292,0.8613569321533924,92.06506849315069,3.557456793072691,0.4222222222222222,0.08444444444444445,27,5,0.15753424657534246,10,3.4246575342465753,O94905,O94905,,ERLIN2,False,339,1208.0,-0.026970446076648804,-0.0162402309538289,0.004966887417218543,0.0,1775.0,4.807181930929577,4.860143,1.0,0.9774647887323944
541,327,0.6044362292051756,89.65886850152904,1.6372043048283664,0.34054054054054056,0.0972972972972973,7,3,0.1926605504587156,13,3.9755351681957185,O94941,O94941,,UBOX5,False,541,1208.0,-0.016387346117488114,-0.0084999524291118,0.006622516556291391,0.0,1775.0,2.0262254607549295,2.021533,0.9814084507042253,0.03323943661971831
628,543,0.8646496815286624,90.67465930018416,1.3106725150303562,0.3111888111888112,0.09090909090909091,8,4,0.22283609576427257,19,3.4990791896869244,O94952,O94952,,FBXO21,False,628,1208.0,-0.11950617928866326,-0.11700543879178579,0.0033112582781456954,0.0,1775.0,4.263513680090141,4.3147182,0.9983098591549295,0.9447887323943662
964,451,0.4678423236514523,92.54554323725056,2.3158187614097665,0.3520710059171598,0.09171597633136094,19,5,0.18403547671840353,19,4.212860310421286,O94972,O94972,,TRIM37,False,964,1208.0,-0.379708595747114,-0.34366498382907235,0.27483443708609273,0.028145695364238412,1775.0,4.035993079098592,4.0290904,1.0,0.9273239436619718
1302,950,0.7296466973886329,91.48330526315789,1.3258190210668626,0.2657952069716776,0.04357298474945534,5,1,0.20526315789473684,31,3.263157894736842,O95155,O95155,,UBE4B,False,1302,1208.0,-0.2681877044192819,-0.2640266274828536,0.15811258278145696,0.006622516556291391,1775.0,4.2972225229295775,4.3312535,1.0,0.963943661971831
117,115,0.9829059829059829,95.52373913043478,1.2630895976442298,0.3088235294117647,0.1323529411764706,3,0,0.20869565217391303,7,6.086956521739131,O95166,O95166,,GABARAP,False,117,1208.0,-0.1591098854480344,-0.14746447704931503,0.02566225165562914,0.0,1775.0,8.069421161633803,8.104143,1.0,1.0
752,447,0.5944148936170213,87.66288590604026,2.1238671628629686,0.3287671232876712,0.1004566210045662,8,2,0.203579418344519,31,6.935123042505594,O95170,O95170,,FBXW10B,False,752,1047.0,-0.07945342357758008,-0.0767406805039454,0.004775549188156638,0.0,1775.0,1.1138942486405634,0.75115603,0.39267605633802816,0.06422535211267606
593,558,0.9409780775716695,95.19125448028674,1.3496797872313249,0.29432624113475175,0.07446808510638298,13,1,0.2222222222222222,53,9.498207885304659,O95198,O95198,,KLHL2,False,593,1208.0,-0.06561817402337361,-0.06168132700030875,0.0033112582781456954,0.0,1775.0,3.806167769753239,3.821945,0.9949295774647887,0.864225352112676
1236,1144,0.9255663430420712,90.16764860139861,1.1349591625355546,0.30812854442344045,0.06427221172022685,8,4,0.1888111888111888,25,2.1853146853146854,O75155,O75155,,CAND2,False,1236,1208.0,-0.06730710978498325,-0.06000121976646345,0.004966887417218543,0.0008278145695364238,1775.0,0.9542428409459156,0.5072324,0.37408450704225354,0.0552112676056338
1001,705,0.7042957042957043,85.78486524822694,3.873300167805976,0.3528550512445095,0.05417276720351391,24,18,0.08085106382978724,8,1.1347517730496455,O75150,O75150,,RNF40,False,1001,1208.0,-0.49020970040890577,-0.4863717894517011,0.46605960264900664,0.004966887417218543,1775.0,5.454889396901407,5.470534,1.0,0.9988732394366198
1896,1590,0.8386075949367089,83.10967295597484,1.409553015589003,0.32383966244725737,0.07067510548523206,13,10,0.21823899371069183,19,1.1949685534591197,O75147,O75147,,OBSL1,False,1896,1208.0,-0.17346211314771257,-0.16610906230320294,0.030629139072847682,0.0008278145695364238,1775.0,3.943776825202817,4.435255,0.8580281690140845,0.7690140845070422
896,463,0.5167410714285714,93.27518358531319,1.4369179788262414,0.30633802816901406,0.06338028169014084,10,4,0.21814254859611232,21,4.535637149028078,O75113,O75113,,N4BP1,False,896,1208.0,0.05419824045096044,0.0543929677576244,0.0008278145695364238,0.0,1775.0,4.098684064167887,4.1360354,0.9994366197183099,0.9340845070422535
708,105,0.1483050847457627,85.68171428571428,2.4421798438650537,0.43209876543209874,0.08641975308641975,17,1,0.17142857142857143,4,3.8095238095238098,O43164,O43164,,PJA2,False,708,1208.0,0.054632879042680486,0.055796225573678304,0.0016556291390728477,0.0,1775.0,5.275524226681689,5.3211308,0.9988732394366198,0.9904225352112676
324,255,0.7870370370370371,94.06933333333333,1.4814104052846524,0.32450331125827814,0.09271523178807947,6,1,0.19215686274509805,17,6.666666666666667,O43255,O43255,,SIAH2,False,324,1208.0,0.05403087241214684,0.058936150820633346,0.0016556291390728477,0.0008278145695364238,1775.0,4.569267905171832,4.5522356,0.9971830985915493,0.9830985915492958
540,375,0.6944444444444444,92.27768000000002,1.259169709941019,0.3282051282051282,0.08205128205128205,8,2,0.19466666666666665,21,5.6000000000000005,O43353,O43353,,RIPK2,False,540,1208.0,0.07209079484144584,0.07207582937064891,0.0016556291390728477,0.0008278145695364238,1775.0,4.032013876837183,4.075661,0.9847887323943662,0.8839436619718309
233,178,0.7639484978540773,88.81994382022471,2.3198448098306064,0.4658385093167702,0.08695652173913043,19,6,0.16853932584269662,13,7.303370786516854,O43513,O43513,,MED7,False,233,1208.0,-0.7071801723910804,-0.6812810112031187,0.8004966887417219,0.125,1775.0,3.9255293089577465,3.9113753,1.0,0.9543661971830986
381,255,0.6692913385826772,88.64494117647058,2.7740359636192564,0.40476190476190477,0.09523809523809523,22,4,0.21568627450980393,15,5.88235294117647,O43567,O43567,,RNF13,False,381,1208.0,0.015592972877315214,0.016865220575199402,0.0008278145695364238,0.0,1775.0,5.276426236619717,5.243943,1.0,0.9988732394366198
1085,524,0.48294930875576036,89.79948473282442,1.2378055174470337,0.29152542372881357,0.12203389830508475,10,1,0.22137404580152673,25,4.770992366412214,O43683,O43683,,BUB1,False,1085,1208.0,-0.6352900048453508,-0.6383920947900926,0.7491721854304636,0.048841059602649006,1775.0,5.228193667312676,5.3841014,0.9960563380281691,0.9594366197183098
328,322,0.9817073170731707,96.84503105590062,1.023992869526108,0.2692307692307692,0.09230769230769231,3,0,0.1956521739130435,29,9.006211180124224,O43684,O43684,,BUB3,False,328,1208.0,-2.6109403485707174,-2.669487380395874,0.9975165562913907,0.9875827814569537,1775.0,7.335279212732394,7.407727,1.0,1.0
574,153,0.2665505226480836,88.69967320261438,1.6120590487840731,0.36904761904761907,0.05952380952380952,8,3,0.1830065359477124,8,5.228758169934641,O43734,O43734,,TRAF3IP2,False,574,1208.0,0.07173278982639182,0.0701396532919144,0.0,0.0,1775.0,3.906237123701972,4.065159,0.9616901408450704,0.8095774647887324
374,332,0.8877005347593583,94.75250000000001,1.6428834471660192,0.3058252427184466,0.06796116504854369,9,3,0.20481927710843373,24,7.228915662650602,O43791,O43791,,SPOP,False,374,1208.0,-0.07727365709209556,-0.0644213779300808,0.011589403973509934,0.0008278145695364238,1775.0,5.201681669859155,5.251011,1.0,0.9971830985915493
465,370,0.7956989247311828,88.28548648648648,1.3331390770111056,0.26,0.055,4,0,0.1945945945945946,13,3.5135135135135136,O60260,O60260,,PRKN,False,465,1208.0,0.04216202026398128,0.042514700473661154,0.0,0.0,1775.0,0.4597268718901409,0.28585434,0.13633802816901408,0.0050704225352112674
552,295,0.5344202898550725,89.85816949152543,1.2473881400692737,0.36257309941520466,0.09941520467836257,10,1,0.2745762711864407,32,10.847457627118644,O60291,O60291,,MGRN1,False,552,1208.0,-0.019771541243108755,-0.0001829893310425172,0.014900662251655629,0.0008278145695364238,1775.0,4.065769432242254,4.132569,0.9983098591549295,0.916056338028169
910,706,0.7758241758241758,87.96039660056657,1.3483848655700352,0.5932539682539683,0.16071428571428573,45,16,0.358356940509915,202,28.611898016997166,O60337,O60337,,MARCHF6,False,910,1090.0,-0.2138375803372463,-0.1927455677624775,0.07889908256880734,0.001834862385321101,1775.0,6.525610992619718,6.463477,1.0,1.0
1076,669,0.6217472118959108,86.8437817638266,1.602028550840388,0.29213483146067415,0.07303370786516854,9,4,0.2077727952167414,23,3.43796711509716,O60524,O60524,,NEMF,False,1076,1208.0,-0.2476721525901306,-0.23479784269297882,0.09850993377483444,0.0,1775.0,5.135866336394367,5.2123632,1.0,0.9943661971830986
606,583,0.9620462046204621,95.26126929674099,1.3022147079395399,0.31210191082802546,0.041401273885350316,13,4,0.22126929674099485,44,7.547169811320755,O60662,O60662,,KLHL41,False,606,1208.0,0.0012535469685371306,0.00410337023406115,0.0033112582781456954,0.0008278145695364238,1775.0,0.44284805931943666,0.18989539,0.07211267605633803,0.02873239436619718
326,271,0.8312883435582822,88.7081180811808,1.7156005611195881,0.4973821989528796,0.13612565445026178,35,4,0.2767527675276753,55,20.29520295202952,O60683,O60683,,PEX10,False,326,1208.0,-0.1614778612224714,-0.1445934539481711,0.04718543046357616,0.0016556291390728477,1775.0,3.709479910535211,3.734417,0.9994366197183099,0.8692957746478873
474,339,0.7151898734177216,88.3947197640118,1.487539762562953,0.2848101265822785,0.12658227848101267,4,0,0.20648967551622419,26,7.669616519174041,O60809,O60809,,PRAMEF10,False,474,,,,,,1775.0,0.00696922884,0.0,0.0033802816901408453,0.0
478,397,0.8305439330543933,91.54272040302267,1.3425572257237932,0.26842105263157895,0.09473684210526316,4,0,0.18387909319899245,11,2.770780856423174,O60810,O60810,,PRAMEF4,False,478,1090.0,0.17220256862928282,0.16968087378687075,0.0,0.0,1775.0,0.015337453032676057,0.0,0.0028169014084507044,0.0011267605633802818
474,390,0.8227848101265823,88.5573846153846,1.3986334798620652,0.27956989247311825,0.13440860215053763,9,1,0.1641025641025641,12,3.076923076923077,O60811,O60811,,PRAMEF2,False,474,1090.0,0.027613775720682084,0.0301612025447157,0.0,0.0,1775.0,0.023457116130140846,0.0,0.004507042253521127,0.0
478,393,0.8221757322175732,91.32508905852416,1.3533209590060706,0.26063829787234044,0.0797872340425532,4,0,0.178117048346056,11,2.7989821882951653,O60813,O60813,,PRAMEF11,False,478,1047.0,0.01912027976013215,0.0228501777470623,0.0009551098376313276,0.0,1775.0,0.008787253259154928,0.0,0.0011267605633802818,0.0
627,486,0.7751196172248804,87.62154320987655,2.2668745896409375,0.411214953271028,0.0630841121495327,17,15,0.16049382716049382,23,4.732510288065844,O60826,O60826,,CCDC22,False,627,1208.0,-0.23777310151501205,-0.20304193180702357,0.10927152317880795,0.009933774834437087,1775.0,3.0894654326647886,3.0905588,0.9966197183098592,0.5571830985915492
407,294,0.7223587223587223,89.42496598639455,3.416176989050197,0.37916666666666665,0.0875,11,6,0.20748299319727892,16,5.442176870748299,O60858,O60858,,TRIM13,False,407,1208.0,0.030084756791144796,0.02925276621119485,0.0,0.0,1775.0,4.0029441007667605,4.033529,0.9892957746478873,0.9104225352112676
577,465,0.8058925476603119,93.13952688172043,1.1246527967603925,0.341991341991342,0.06926406926406926,14,4,0.1956989247311828,27,5.806451612903226,O60907,O60907,,TBL1X,False,577,1208.0,0.09833890828174989,0.10339695537675234,0.0016556291390728477,0.0,1775.0,3.1550024087977464,3.2248552,0.9538028169014084,0.6045070422535211
126,54,0.42857142857142855,78.86648148148149,5.71094367739491,0.3888888888888889,0.05555555555555555,5,1,0.0,0,0.0,O60927,O60927,,PPP1R11,False,126,1208.0,-0.9591165832418659,-0.9456621333483561,0.9213576158940397,0.43460264900662254,1775.0,5.228561181183099,5.235237,1.0,0.9966197183098592
776,721,0.9291237113402062,91.98042995839113,1.7728286699219065,0.22305764411027568,0.045112781954887216,6,2,0.1900138696255201,43,5.9639389736477115,Q13616,Q13616,,CUL1,False,776,1208.0,-0.7984632795999407,-0.7830834517878769,0.8485099337748344,0.21937086092715233,1775.0,5.147266367211269,5.173775,1.0,0.9966197183098592
745,685,0.9194630872483222,88.17893430656936,1.7929046265603863,0.25203252032520324,0.08943089430894309,11,2,0.22627737226277372,51,7.445255474452554,Q13617,Q13617,,CUL2,False,745,1208.0,-0.6199446899584895,-0.6098023442681894,0.6399006622516556,0.1216887417218543,1775.0,4.357805271134648,4.409235,0.9994366197183099,0.9695774647887324
768,709,0.9231770833333334,93.60428772919606,1.8116713773923858,0.20984455958549222,0.05699481865284974,5,1,0.17489421720733428,32,4.513399153737659,Q13618,Q13618,,CUL3,False,768,1208.0,-0.5331317628622169,-0.5352254568956524,0.5579470198675497,0.052152317880794705,1775.0,5.575367151380282,5.603282,1.0,1.0
555,426,0.7675675675675676,93.41298122065726,1.1839384584834243,0.296875,0.08854166666666667,13,3,0.16901408450704225,12,2.8169014084507045,Q7Z6M2,Q7Z6M2,,FBXO33,False,555,1208.0,-0.05249376319501484,-0.04893843579829385,0.006622516556291391,0.0,1775.0,3.0173623643430987,2.9962585,0.9983098591549295,0.49690140845070424
396,381,0.9621212121212122,93.12167979002625,1.724927760339588,0.3426294820717131,0.07569721115537849,9,5,0.2335958005249344,18,4.724409448818897,Q7L5Y9,Q7L5Y9,,MAEA,False,396,1208.0,-0.38242757993867893,-0.37062310301790524,0.320364238410596,0.014900662251655629,1775.0,5.522254897239437,5.6185617,1.0,0.9983098591549295
706,613,0.8682719546742209,92.55329526916802,1.297579545539594,0.2693498452012384,0.10835913312693499,5,1,0.20228384991843393,46,7.504078303425775,Q7L622,Q7L622,,G2E3,False,706,1208.0,-0.019210067575809085,-0.0146399273411472,0.0024834437086092716,0.0,1775.0,4.034399929886198,4.1129503,0.9926760563380281,0.9042253521126761
1068,941,0.8810861423220974,90.14249734325186,1.4326722475612865,0.2713347921225383,0.08096280087527352,9,3,0.19341126461211477,17,1.8065887353878853,Q7Z3V4,Q7Z3V4,,UBE3B,False,1068,1208.0,0.08400647303053244,0.08129934234098946,0.0008278145695364238,0.0008278145695364238,1775.0,4.167543704225352,4.215228,1.0,0.9673239436619718
303,244,0.8052805280528053,89.8661475409836,1.6492283420774592,0.4431818181818182,0.07386363636363637,21,5,0.1680327868852459,9,3.6885245901639343,Q7Z419,Q7Z419,,RNF144B,False,303,1208.0,0.06801002261307589,0.0674514483359602,0.0,0.0,1775.0,1.9160698551014084,1.6178768,0.6208450704225352,0.24901408450704227
85,69,0.8117647058823529,91.30884057971012,1.8751994179544063,0.423728813559322,0.15254237288135594,9,2,0.2463768115942029,17,24.637681159420293,Q7Z4G1,Q7Z4G1,,COMMD6,False,85,1208.0,-0.17609539850557585,-0.1674329362240802,0.014900662251655629,0.0016556291390728477,1775.0,6.809256135887324,6.8273234,1.0,1.0
592,427,0.7212837837837838,87.80470725995316,2.5075434071540643,0.33774834437086093,0.0728476821192053,9,7,0.1451990632318501,14,3.278688524590164,Q7Z569,Q7Z569,,BRAP,False,592,1208.0,-0.2371250496259368,-0.2100638556275204,0.1498344370860927,0.008278145695364239,1775.0,3.5069256451267603,3.516696,1.0,0.8935211267605634
419,233,0.5560859188544153,93.06948497854077,1.7098672514479871,0.2676056338028169,0.09154929577464789,6,2,0.20600858369098712,10,4.291845493562231,Q7Z5Y7,Q7Z5Y7,,KCTD20,False,419,1208.0,0.03664866832834731,0.03986708645028155,0.0008278145695364238,0.0,1775.0,4.902377671661972,4.978347,1.0,0.979718309859155
1792,313,0.17466517857142858,86.31801916932908,2.2712834087897806,0.31196581196581197,0.10256410256410256,8,5,0.17252396166134185,13,4.15335463258786,Q7Z6E9,Q7Z6E9,,RBBP6,False,1792,1208.0,-0.9964150193750678,-1.0124060725053932,0.9139072847682119,0.5140728476821192,1775.0,4.780813253352113,4.7802105,1.0,0.9966197183098592
888,321,0.3614864864864865,91.05554517133957,1.5696674246294549,0.3611111111111111,0.08333333333333333,14,3,0.24610591900311526,21,6.5420560747663545,Q7Z6J0,Q7Z6J0,,SH3RF1,False,888,1208.0,0.08505753026957845,0.08514081415279551,0.0,0.0,1775.0,2.7202614937977465,2.8547397,0.9216901408450704,0.4332394366197183
389,281,0.7223650385604113,91.1006049822064,1.3012004218021125,0.33587786259541985,0.04580152671755725,6,1,0.2277580071174377,15,5.338078291814947,Q7Z6J8,Q7Z6J8,,UBE3D,False,389,1208.0,-0.2189811827590176,-0.1805928206254904,0.11506622516556292,0.008278145695364239,1775.0,2.232558656146479,2.2007554,0.979718309859155,0.11492957746478873
402,321,0.7985074626865671,94.37975077881619,1.382346800597499,0.28402366863905326,0.11834319526627218,4,0,0.23052959501557632,14,4.361370716510903,Q7Z6K3,Q7Z6K3,,PTAR1,False,402,1208.0,-0.3328766989833991,-0.2939628382392374,0.2433774834437086,0.027317880794701987,1775.0,3.955143885256338,4.0020094,0.9988732394366198,0.8895774647887323
674,524,0.7774480712166172,91.44221374045802,1.3240669784786903,0.34328358208955223,0.07462686567164178,11,4,0.20801526717557253,42,8.015267175572518,Q86V97,Q86V97,,KBTBD6,False,674,1208.0,0.02529469195845499,0.027637741586454448,0.0016556291390728477,0.0,1775.0,2.727401312028169,2.687587,0.9949295774647887,0.3312676056338028
422,309,0.7322274881516587,90.6577993527508,1.1607623892362393,0.26744186046511625,0.06976744186046512,5,1,0.21359223300970873,22,7.119741100323624,Q7Z7E8,Q7Z7E8,,UBE2Q1,False,422,1208.0,-0.2826090747479778,-0.2453472305838175,0.1564569536423841,0.019867549668874173,1775.0,5.880931539605634,5.878306,1.0,0.9994366197183099
766,725,0.9464751958224543,93.01875862068964,1.3125807938766267,0.22981366459627328,0.07763975155279502,5,2,0.19034482758620688,18,2.4827586206896552,Q7Z7L7,Q7Z7L7,,ZER1,False,766,1208.0,-0.14092790599940005,-0.11826845635208569,0.027317880794701987,0.009933774834437087,1775.0,3.688585371042254,3.7031672,0.9994366197183099,0.8377464788732394
256,188,0.734375,92.48781914893617,1.5671013351922363,0.3125,0.140625,8,2,0.18617021276595744,8,4.25531914893617,Q86SE9,Q86SE9,,PCGF5,False,256,1208.0,-0.03551435032038455,-0.0275795838721872,0.01076158940397351,0.0,1775.0,4.610076366507042,4.7042856,0.9926760563380281,0.9419718309859155
592,229,0.38682432432432434,86.73270742358079,2.0674458498808312,0.391304347826087,0.14906832298136646,21,3,0.2096069868995633,17,7.423580786026202,Q86T96,Q86T96,,RNF180,False,592,1208.0,0.0004845459795418016,0.00044149329542095,0.005794701986754967,0.0,1775.0,0.46047073394140847,0.1350633,0.1808450704225352,0.005633802816901409
617,383,0.6207455429497569,89.23177545691907,1.471467363921057,0.5303030303030303,0.14772727272727273,27,9,0.2558746736292428,46,12.010443864229766,Q86TM6,Q86TM6,,SYVN1,False,617,1208.0,-0.43850448538513803,-0.39854411623552555,0.33774834437086093,0.03394039735099338,1775.0,4.9316630628732385,4.8606896,1.0,0.9966197183098592
253,156,0.616600790513834,88.75852564102563,2.2183339102783797,0.43478260869565216,0.14782608695652175,34,2,0.16025641025641027,5,3.205128205128205,Q86UD3,Q86UD3,,MARCHF3,False,253,1090.0,-0.07694685565289446,-0.07810726469643406,0.001834862385321101,0.0,1775.0,2.4516338857064786,2.309185,0.8225352112676056,0.3391549295774648
904,401,0.4435840707964602,88.74546134663342,1.718127462106958,0.29457364341085274,0.08527131782945736,9,2,0.20947630922693267,16,3.99002493765586,Q86UK7,Q86UK7,,ZNF598,False,904,,,,,,1775.0,4.686621160422535,4.7152452,0.9994366197183099,0.9853521126760564
332,208,0.6265060240963856,89.89317307692308,2.1271649764894893,0.33116883116883117,0.09090909090909091,7,2,0.18269230769230768,20,9.615384615384617,Q86UT8,Q86UT8,,CENATAC,False,332,1208.0,-1.3311032252009363,-1.30037427728773,0.9925496688741722,0.8534768211920529,1775.0,4.084789988225352,4.177607,0.9994366197183099,0.8270422535211268
250,227,0.908,91.36215859030837,4.2110682341055,0.39690721649484534,0.0979381443298969,9,8,0.14537444933920704,9,3.9647577092511015,Q86UV6,Q86UV6,,TRIM74,False,250,,,,,,1775.0,0.2680578703633803,0.13998675,0.05126760563380282,0.0011267605633802818
250,232,0.928,90.85771551724137,4.141060146891346,0.3969849246231156,0.09045226130653267,9,8,0.13793103448275862,9,3.8793103448275863,Q86UV7,Q86UV7,,TRIM73,False,250,,,,,,1775.0,1.0179429064788732,0.7996452,0.4056338028169014,0.030422535211267605
622,387,0.6221864951768489,92.5729715762274,1.4898652417793716,0.3108108108108108,0.08558558558558559,5,2,0.19638242894056848,23,5.943152454780361,Q86UW9,Q86UW9,,DTX2,False,622,1208.0,-0.23992189659343313,-0.23127006571040548,0.07036423841059603,0.0008278145695364238,1775.0,3.6518264654647887,3.5468204,1.0,0.7459154929577465
550,506,0.92,91.63762845849803,1.125233534490427,0.3441295546558704,0.13360323886639677,8,2,0.20553359683794467,33,6.521739130434782,Q7L5Y6,Q7L5Y6,,DET1,False,550,1208.0,-0.29409520423675284,-0.2601184915149617,0.20281456953642385,0.02566225165562914,1775.0,2.154852590267606,2.2020571,0.9397183098591549,0.10591549295774648
389,356,0.9151670951156813,93.23407303370787,2.2796624290525043,0.25365853658536586,0.07804878048780488,6,3,0.14606741573033707,18,5.056179775280898,Q7L273,Q7L273,,KCTD9,False,389,1208.0,-0.22375554850232945,-0.23070143252165876,0.0695364238410596,0.0024834437086092716,1775.0,4.838889201847887,4.8813806,0.9977464788732394,0.9774647887323944
432,100,0.23148148148148148,91.65320000000001,2.140301322937012,0.4342105263157895,0.07894736842105263,8,2,0.16,8,8.0,Q7L0R7,Q7L0R7,,RNF44,False,432,1208.0,-0.019481906421107364,-0.01672494776125765,0.0074503311258278145,0.0,1775.0,4.460286928957747,4.531425,1.0,0.9312676056338028
1606,781,0.4863013698630137,88.48984635083228,1.3175179895388118,0.2827102803738318,0.09813084112149532,5,2,0.19718309859154928,17,2.176696542893726,Q76N89,Q76N89,,HECW1,False,1606,1208.0,0.044314744371294346,0.041813015899539646,0.0,0.0,1775.0,0.7753850228540844,0.22199336,0.3036619718309859,0.049014084507042255
974,644,0.6611909650924025,88.99448757763975,1.4203217005671411,0.30994152046783624,0.1023391812865497,13,1,0.2096273291925466,21,3.260869565217391,Q6PJI9,Q6PJI9,,WDR59,False,974,1208.0,-0.33169136777495806,-0.30491379604053703,0.2259933774834437,0.01076158940397351,1775.0,4.787084994197183,4.8159237,1.0,0.9802816901408451
670,536,0.8,92.13307835820896,1.8677747263194275,0.31456953642384106,0.08609271523178808,14,4,0.15111940298507462,25,4.664179104477612,Q6Q0C0,Q6Q0C0,,TRAF7,False,670,1208.0,-0.13146284417204573,-0.12956715458981388,0.048841059602649006,0.0024834437086092716,1775.0,5.462402711380283,5.508102,1.0,0.9983098591549295
311,279,0.8971061093247589,95.33347670250896,1.2095299125964651,0.5763888888888888,0.20833333333333334,24,4,0.3333333333333333,84,30.107526881720432,Q6TCH7,Q6TCH7,,PAQR3,False,311,1208.0,-0.16539775627562242,-0.16295747474470457,0.013245033112582781,0.0,1775.0,4.097256662852395,4.097139,0.9994366197183099,0.9143661971830986
642,556,0.8660436137071651,94.05744604316547,1.3452134576722183,0.2826086956521739,0.08695652173913043,9,2,0.22302158273381295,44,7.913669064748201,Q6TDP4,Q6TDP4,,KLHL17,False,642,1208.0,0.033479905882680495,0.0332364250427078,0.0024834437086092716,0.0,1775.0,3.2383061106873243,3.3251517,0.9684507042253521,0.6292957746478873
600,544,0.9066666666666666,92.19985294117647,1.4513338612770903,0.30337078651685395,0.10112359550561797,8,2,0.20404411764705882,33,6.0661764705882355,Q6TFL4,Q6TFL4,,KLHL24,False,600,1208.0,0.03183948268057196,0.035878225488594595,0.0,0.0,1775.0,3.6106649768450705,3.6013517,0.9960563380281691,0.7307042253521127
723,573,0.7925311203319502,85.84856893542756,2.3969059267510553,0.3125,0.05803571428571429,23,9,0.12390924956369982,11,1.9197207678883073,Q6UWE0,Q6UWE0,,LRSAM1,False,723,1208.0,0.004873088758045613,0.00975879655739325,0.0,0.0,1775.0,2.8957493286197185,2.9118872,0.9994366197183099,0.4309859154929577
489,386,0.7893660531697342,87.1119689119171,1.3955982500330715,0.5916666666666667,0.14166666666666666,29,8,0.30569948186528495,88,22.797927461139896,Q6UX01,Q6UX01,,LMBR1L,False,489,1208.0,-0.14751393945081542,-0.14852713913433963,0.009105960264900662,0.0,1775.0,4.321598633295775,4.358502,1.0,0.9611267605633803
620,436,0.7032258064516129,94.11279816513762,1.4749158812803946,0.3493975903614458,0.0963855421686747,22,2,0.2018348623853211,32,7.339449541284404,Q6VN20,Q6VN20,,RANBP10,False,620,1208.0,-0.15886372455626757,-0.159059092622785,0.013245033112582781,0.0,1775.0,3.132762571661972,3.144146,0.9988732394366198,0.5915492957746479
395,343,0.8683544303797468,90.68883381924198,1.0797908727446799,0.32298136645962733,0.12422360248447205,6,2,0.20408163265306123,33,9.620991253644315,Q6VVB1,Q6VVB1,,NHLRC1,False,395,1208.0,-0.0668223569452647,-0.058392798814029145,0.009933774834437087,0.0,1775.0,1.1016787739030987,1.0456457,0.5138028169014085,0.038873239436619716
759,710,0.9354413702239789,93.65839436619719,1.286832843374085,0.2652439024390244,0.07621951219512195,11,1,0.1647887323943662,14,1.971830985915493,Q6WRX3,Q6WRX3,,ZYG11A,False,759,1208.0,-0.018445134197337138,-0.02005780428177635,0.0,0.0,1775.0,0.9850112350822534,0.5140566,0.41746478873239434,0.03380281690140845
464,428,0.9224137931034483,90.23521028037383,1.0824416193581337,0.3673469387755102,0.12755102040816327,7,4,0.22429906542056074,33,7.710280373831775,Q6X9E4,Q6X9E4,,FBXW12,False,464,1208.0,-0.18133931327953423,-0.17351224766816437,0.022350993377483443,0.0,1775.0,0.08919181617690142,0.04052496,0.004507042253521127,0.0
477,457,0.9580712788259959,92.36868708971555,2.350441144410022,0.375,0.05448717948717949,37,5,0.2188183807439825,38,8.315098468271334,Q6ZMU5,Q6ZMU5,,TRIM72,False,477,1208.0,-0.11566589566400336,-0.1127459065126728,0.009933774834437087,0.0,1775.0,0.26411594000000005,0.016780123,0.07154929577464789,0.038873239436619716
732,285,0.38934426229508196,88.67971929824562,1.803813212901221,0.47572815533980584,0.10679611650485436,50,3,0.2631578947368421,29,10.175438596491228,Q6ZMZ0,Q6ZMZ0,,RNF19B,False,732,1208.0,-0.02278957900835195,-0.02397242732231135,0.0016556291390728477,0.0,1775.0,3.592973705239437,3.5448687,0.9994366197183099,0.7729577464788733
994,119,0.11971830985915492,89.10512605042017,1.8429116085646289,0.32989690721649484,0.09278350515463918,5,2,0.10084033613445378,3,2.5210084033613445,Q6ZNA4,Q6ZNA4,,RNF111,False,994,1208.0,0.034254512125645536,0.03215778567343365,0.0008278145695364238,0.0,1775.0,4.417035927830986,4.496194,1.0,0.9628169014084507
346,99,0.2861271676300578,88.94525252525254,2.287383086273583,0.3684210526315789,0.11842105263157894,7,2,0.13131313131313133,3,3.0303030303030303,Q6ZSG1,Q6ZSG1,,ARK2C,False,346,1208.0,0.09316772759851459,0.08943004056950304,0.0016556291390728477,0.0,1775.0,0.8497127619588732,0.3609081,0.3267605633802817,0.05746478873239436
1888,1429,0.756885593220339,87.70736878936319,1.1889014081043692,0.24077328646748683,0.09314586994727592,7,2,0.1819454163750875,38,2.6592022393282013,Q6ZT12,Q6ZT12,,UBR3,False,1888,1208.0,-0.04543478878526056,-0.042140947022778055,0.004966887417218543,0.0,1775.0,3.800928681842253,3.821547,0.9994366197183099,0.9053521126760563
275,217,0.7890909090909091,93.35304147465438,1.5673412876802368,0.3793103448275862,0.0603448275862069,7,1,0.2304147465437788,15,6.912442396313365,Q6ZVX7,Q6ZVX7,,NCCRP1,False,275,1208.0,-0.08714637507040654,-0.08141339849452231,0.009105960264900662,0.0,1775.0,0.3895119668140845,0.051962286,0.10873239436619718,0.03492957746478873
466,381,0.8175965665236051,89.32325459317586,1.422857349341983,0.28342245989304815,0.08021390374331551,10,2,0.2283464566929134,21,5.511811023622047,Q6ZVZ8,Q6ZVZ8,,ASB18,False,466,1208.0,0.04053186968062111,0.038404918356810494,0.0008278145695364238,0.0,1775.0,0.030039576387605633,0.0,0.0016901408450704226,0.0
473,229,0.48414376321353064,90.42510917030567,1.7980847044744959,0.3561643835616438,0.11643835616438356,8,2,0.1703056768558952,5,2.1834061135371177,Q6ZWB6,Q6ZWB6,,KCTD8,False,473,1208.0,0.004879348610500558,0.0056869282521572005,0.0016556291390728477,0.0,1775.0,0.18982119420112678,0.0,0.06253521126760564,0.005633802816901409
263,219,0.8326996197718631,88.53557077625571,1.5704606955709204,0.3524590163934426,0.09016393442622951,8,2,0.2146118721461187,14,6.392694063926941,Q6ZWI9,Q6ZWI9,,RFPL4B,False,263,1208.0,-0.012980624165959473,-0.0127289737135133,0.0008278145695364238,0.0,1775.0,0.14336600788394366,0.0,0.02873239436619718,0.011830985915492958
238,189,0.7941176470588235,94.37904761904761,1.2390425970096999,0.28703703703703703,0.06481481481481481,5,1,0.21693121693121692,31,16.402116402116402,Q712K3,Q712K3,,UBE2R2,False,238,1208.0,-0.041556950214474975,-0.033938900754058005,0.022350993377483443,0.0016556291390728477,1775.0,4.725677617915492,4.7428417,1.0,0.9960563380281691
257,215,0.8365758754863813,93.42990697674419,2.0508359165938366,0.2827586206896552,0.08275862068965517,6,3,0.15813953488372093,9,4.186046511627907,Q719H9,Q719H9,,KCTD1,False,257,1165.0,-0.0002559370541683736,-0.001878902991311,0.0,0.0,1775.0,3.2224976278281687,3.2715483,0.9532394366197183,0.6067605633802817
491,98,0.19959266802443992,90.03071428571427,1.6146748598197795,0.42028985507246375,0.07246376811594203,7,2,0.17346938775510204,8,8.16326530612245,Q75N03,Q75N03,,CBLL1,False,491,1208.0,-0.3870564442835373,-0.3836241711157481,0.30960264900662254,0.014900662251655629,1775.0,4.568707732056338,4.6117864,1.0,0.9791549295774647
589,176,0.298811544991511,85.14517045454545,1.8325094864424243,0.3252032520325203,0.13821138211382114,8,1,0.1875,20,11.363636363636363,Q86UZ6,Q86UZ6,,ZBTB46,False,589,1208.0,0.03682744228227431,0.03827350380657045,0.0,0.0,1775.0,1.1377297614095774,0.95473087,0.4788732394366197,0.023661971830985916
789,550,0.697084917617237,91.23807272727274,3.9007991766535417,0.357429718875502,0.08433734939759036,18,15,0.10363636363636364,18,3.272727272727273,Q86VP1,Q86VP1,,TAX1BP1,False,789,1208.0,-0.04124823882284486,-0.02535062184349615,0.016556291390728478,0.0016556291390728477,1775.0,6.351611300957747,6.3966904,1.0,0.9983098591549295
759,697,0.9183135704874835,92.52634146341464,1.839527315987262,0.23846153846153847,0.07435897435897436,4,0,0.17216642754662842,28,4.017216642754662,Q13619,Q13619,,CUL4A,False,759,1208.0,-0.03781773771418019,-0.03241776908297875,0.011589403973509934,0.0024834437086092716,1775.0,5.472467808788733,5.504102,1.0,0.9994366197183099
469,357,0.7611940298507462,92.43439775910365,1.227788846452042,0.30303030303030304,0.10303030303030303,4,0,0.20168067226890757,41,11.484593837535014,Q8N2H9,Q8N2H9,,PELI3,False,469,1208.0,-0.021440150763070584,-0.0208161596120923,0.0024834437086092716,0.0,1775.0,2.523881606574648,2.5436766,0.9769014084507043,0.26366197183098594
586,551,0.9402730375426621,93.56805807622504,1.386050431280789,0.2967032967032967,0.08058608058608059,12,1,0.20508166969147004,44,7.985480943738657,Q8IXQ5,Q8IXQ5,,KLHL7,False,586,1208.0,-0.041246734489306186,-0.03213799996672065,0.0074503311258278145,0.0,1775.0,4.908986407718309,4.953861,1.0,0.9909859154929578
132,128,0.9696969696969697,95.601015625,4.703154687038293,0.4251968503937008,0.07086614173228346,14,5,0.1015625,5,3.90625,Q8IY31,Q8IY31,,IFT20,False,132,1208.0,0.08799988605570376,0.0789620584244594,0.0,0.0,1775.0,5.191502010422536,5.1919613,1.0,0.9983098591549295
623,532,0.8539325842696629,92.0876879699248,1.2508868569708789,0.3076923076923077,0.09615384615384616,10,1,0.2424812030075188,54,10.150375939849624,Q8IY47,Q8IY47,,KBTBD2,False,623,1208.0,-0.20024387545199235,-0.17668742498368895,0.06374172185430464,0.0041390728476821195,1775.0,4.88912926428169,4.8846416,1.0,0.9960563380281691
1834,386,0.21046892039258452,86.7435751295337,1.85159951920567,0.4,0.07241379310344828,11,9,0.20984455958549222,15,3.8860103626943006,Q8IY92,Q8IY92,,SLX4,False,1834,1208.0,-0.2699568842599652,-0.2549604542775534,0.11506622516556292,0.0008278145695364238,1775.0,1.927547032169014,1.9279798,0.9188732394366197,0.056901408450704224
498,433,0.8694779116465864,90.30224018475751,2.497693213438256,0.33993399339933994,0.0627062706270627,12,8,0.18937644341801385,32,7.390300230946882,Q8IYM9,Q8IYM9,,TRIM22,False,498,1208.0,0.0168717966643392,0.016440286027971547,0.0,0.0,1775.0,2.9415612211402817,2.5528197,0.6585915492957747,0.4608450704225352
909,767,0.8437843784378438,90.71956975228161,1.4622103259717651,0.254957507082153,0.0821529745042493,6,2,0.21773142112125163,47,6.127770534550195,Q8IYU2,Q8IYU2,,HACE1,False,909,1208.0,-0.05605186365151337,-0.05201609899021565,0.006622516556291391,0.0,1775.0,2.9684581488056336,2.9744668,0.9915492957746479,0.48619718309859156
571,211,0.36952714535901926,92.85023696682464,3.08729633224966,0.3163841807909605,0.05649717514124294,7,5,0.12322274881516587,12,5.687203791469194,Q8IYW5,Q8IYW5,,RNF168,False,571,1208.0,-0.5406784775712687,-0.5015654829416375,0.5008278145695364,0.08940397350993377,1775.0,3.2311542468676056,3.2089465,0.9983098591549295,0.6219718309859155
440,423,0.9613636363636363,95.0981560283688,1.3172898798485393,0.20297029702970298,0.04950495049504951,6,1,0.18912529550827423,13,3.0732860520094563,Q8N0Z6,Q8N0Z6,,TTC5,False,440,1208.0,-0.17602647715337566,-0.1683510913885107,0.03559602649006623,0.0008278145695364238,1775.0,3.638730213369014,3.67832,0.9994366197183099,0.8163380281690141
415,413,0.9951807228915662,96.75559322033898,1.0312943530484324,0.25274725274725274,0.08241758241758242,4,0,0.1791767554479419,53,12.832929782082324,Q8N136,Q8N136,,DAW1,False,415,1208.0,0.05689370385980019,0.05784395252315925,0.0,0.0,1775.0,0.4651929898287324,0.07809059,0.15098591549295776,0.03492957746478873
923,507,0.5492957746478874,90.59100591715976,1.7376642589600473,0.36245954692556637,0.06796116504854369,14,7,0.1814595660749507,14,2.7613412228796843,Q8N163,Q8N163,,CCAR2,False,923,1208.0,-0.014981325924279454,-0.0105386340113171,0.0033112582781456954,0.0,1775.0,6.28198401002817,6.3197174,1.0,0.9988732394366198
418,390,0.9330143540669856,95.22969230769232,1.2566468944162796,0.23809523809523808,0.10582010582010581,10,1,0.11025641025641025,6,1.5384615384615385,Q8N1E6,Q8N1E6,,FBXL14,False,418,1208.0,-0.01447015210395754,-0.0041746753396798,0.016556291390728478,0.0008278145695364238,1775.0,2.653696525639437,2.6609993,0.9695774647887324,0.3464788732394366
259,200,0.7722007722007722,95.88345,1.4207993952039284,0.42063492063492064,0.1111111111111111,20,1,0.195,21,10.5,Q8N2K1,Q8N2K1,,UBE2J2,False,259,1208.0,-0.3172988213553007,-0.28349979191242747,0.14735099337748345,0.01076158940397351,1775.0,5.340145509239437,5.38521,1.0,0.9994366197183099
1230,1149,0.9341463414634147,89.49993907745865,1.1404637297162545,0.2611218568665377,0.07156673114119923,6,2,0.1731940818102698,14,1.2184508268059182,Q86VP6,Q86VP6,,CAND1,False,1230,1208.0,-0.3841652006242234,-0.38353197642947057,0.3302980132450331,0.018211920529801324,1775.0,6.128354646907042,6.199103,0.9994366197183099,0.9983098591549295
510,325,0.6372549019607843,93.78483076923077,1.369922788820935,0.3622448979591837,0.07653061224489796,10,2,0.23692307692307693,48,14.76923076923077,Q8N2W9,Q8N2W9,,PIAS4,False,510,1208.0,-0.16379332151869475,-0.14354518409304884,0.030629139072847682,0.004966887417218543,1775.0,3.6082072519436617,3.627315,0.9994366197183099,0.8185915492957746
598,425,0.7107023411371237,91.0164,1.2477346002776586,0.31840796019900497,0.0845771144278607,7,3,0.21176470588235294,40,9.411764705882353,Q8N3Y1,Q8N3Y1,,FBXW8,False,598,1208.0,-0.02316713324514781,-0.023632134936794398,0.0008278145695364238,0.0,1775.0,2.837136029042253,2.8483496,0.9938028169014085,0.40619718309859154
690,501,0.7260869565217392,88.43007984031937,1.3393057694789747,0.31365313653136534,0.11808118081180811,9,2,0.2275449101796407,21,4.191616766467066,Q8N448,Q8N448,,LNX2,False,690,1208.0,0.08881497056406161,0.08162443873823035,0.0,0.0,1775.0,2.7380267249014083,2.6974535,0.992112676056338,0.3453521126760563
479,386,0.8058455114822547,95.4173316062176,1.2352908875421122,0.32323232323232326,0.11616161616161616,8,2,0.15544041450777202,14,3.6269430051813467,Q8N461,Q8N461,,FBXL16,False,479,1208.0,-0.04863014910287085,-0.046551501314502794,0.0033112582781456954,0.0,1775.0,1.7855365086377464,1.5008581,0.6005633802816901,0.23211267605633804
442,421,0.9524886877828054,94.48491686460808,1.2272010998352219,0.27184466019417475,0.1407766990291262,6,4,0.15914489311163896,18,4.275534441805226,Q8N4B4,Q8N4B4,,FBXO39,False,442,1208.0,0.04595033358559692,0.04793775207993235,0.0,0.0,1775.0,0.1824325999740845,0.0,0.04732394366197183,0.0022535211267605635
328,283,0.8628048780487805,88.70844522968197,1.490900454512105,0.5161290322580645,0.17204301075268819,26,5,0.27208480565371024,27,9.540636042402827,Q8N4F7,Q8N4F7,,RNF175,False,328,1208.0,0.044639400664818446,0.041788124568207505,0.0,0.0,1775.0,0.577756702494648,0.06465388,0.18985915492957747,0.056338028169014086
51,41,0.803921568627451,94.44463414634146,2.768804936699043,0.5365853658536586,0.07317073170731707,22,1,0.12195121951219512,2,4.878048780487805,Q8N4H5,Q8N4H5,,TOMM5,False,51,1208.0,-0.10961969761046116,-0.1097714740515805,0.0041390728476821195,0.0,1775.0,7.654195186647887,7.681801,1.0,1.0
616,578,0.9383116883116883,94.255,1.423259208252653,0.298932384341637,0.10320284697508897,4,0,0.1903114186851211,25,4.325259515570934,Q8N4N3,Q8N4N3,,KLHL36,False,616,1208.0,0.12295102597855866,0.12139404024156505,0.0,0.0,1775.0,3.462079234868169,3.5017831,0.9909859154929578,0.763943661971831
154,152,0.987012987012987,93.96644736842104,1.2630983379678016,0.25,0.045454545454545456,5,1,0.19736842105263158,12,7.894736842105263,A0A1B0GUS4,A0A1B0GUS4,,UBE2L5,False,154,70.0,-0.12886236653030245,-0.10958052592460095,0.07142857142857142,0.014285714285714285,1775.0,0.36548680729183103,0.27090564,0.048450704225352116,0.0005633802816901409
677,530,0.7828655834564254,93.62837735849057,1.058127661585462,0.3181818181818182,0.10454545454545454,6,1,0.19245283018867926,21,3.9622641509433962,Q8N5D0,Q8N5D0,,WDTC1,False,677,1208.0,-0.2991638894992446,-0.29228091777834087,0.09105960264900662,0.0,1775.0,3.6411783786478877,3.6806056,0.9988732394366198,0.8146478873239437
433,294,0.6789838337182448,94.75979591836735,1.5655798716322535,0.3375,0.1,7,4,0.23469387755102042,22,7.482993197278912,Q8N5I2,Q8N5I2,,ARRDC1,False,433,1208.0,-0.08181531954541604,-0.0825786161861015,0.004966887417218543,0.0,1775.0,4.834759828056337,4.770787,1.0,0.9419718309859155
389,289,0.7429305912596401,93.71595155709342,1.162169849171358,0.24285714285714285,0.08571428571428572,3,0,0.22145328719723184,28,9.688581314878892,Q8IXJ6,Q8IXJ6,,SIRT2,False,389,1208.0,-0.1107742417627045,-0.10387422005569069,0.012417218543046357,0.0008278145695364238,1775.0,4.405549483323943,4.4301915,1.0,0.9656338028169014
292,145,0.4965753424657534,93.25324137931035,2.192831000245643,0.39655172413793105,0.13793103448275862,14,3,0.2,10,6.896551724137931,Q8IX29,Q8IX29,,FBXO16,False,292,1208.0,0.11645598567296375,0.12124411977435359,0.0,0.0,1775.0,1.901400794870986,2.0020509,0.8028169014084507,0.13070422535211268
1150,642,0.5582608695652174,90.37104361370716,1.77880623266476,0.2964824120603015,0.06281407035175879,18,5,0.16510903426791276,24,3.7383177570093453,Q8IX12,Q8IX12,,CCAR1,False,1150,1208.0,-0.7510803180534483,-0.7409281140906954,0.7731788079470199,0.20943708609271522,1775.0,5.841485302704225,5.9254227,1.0,0.9988732394366198
723,397,0.5491009681881052,86.21390428211586,2.6935275219363635,0.4166666666666667,0.11,20,9,0.21158690176322417,14,3.5264483627204033,Q8IWZ5,Q8IWZ5,,TRIM42,False,723,1208.0,0.05255549511917587,0.052849876781869545,0.0,0.0,1775.0,0.008309391189859155,0.0,0.0022535211267605635,0.0
200,178,0.89,87.75752808988764,1.7188049943450294,0.3135593220338983,0.1016949152542373,13,1,0.21910112359550563,14,7.865168539325842,Q86VX2,Q86VX2,,COMMD7,False,200,1208.0,-0.14441477748863604,-0.1328435981714743,0.012417218543046357,0.0,1775.0,5.2266416918253515,5.2733517,0.9988732394366198,0.992112676056338
330,303,0.9181818181818182,97.71198019801982,1.0002221878913384,0.2396694214876033,0.0743801652892562,3,0,0.1485148514851485,20,6.6006600660066,Q86VZ2,Q86VZ2,,WDR5B,False,330,1208.0,-0.14881614345363117,-0.14165832836864614,0.009105960264900662,0.0,1775.0,2.5317908591492957,2.5042086,0.9943661971830986,0.2112676056338028
500,458,0.916,92.57897379912663,2.6558509444510543,0.32608695652173914,0.07763975155279502,9,8,0.17685589519650655,17,3.711790393013101,Q86WT6,Q86WT6,,TRIM69,False,500,1208.0,0.0016421521640419498,0.00146232715495495,0.0,0.0,1775.0,3.881424933340282,3.8914678,0.992112676056338,0.8315492957746479
199,193,0.9698492462311558,89.84917098445595,1.9254150090063986,0.34782608695652173,0.07246376811594203,22,3,0.19170984455958548,11,5.699481865284974,Q86X83,Q86X83,,COMMD2,False,199,1208.0,-0.12300318986849092,-0.11174533884904819,0.020695364238410598,0.0,1775.0,5.13101607656338,5.148861,1.0,0.9938028169014085
927,731,0.7885652642934197,94.93694938440493,1.5856030592003854,0.2445141065830721,0.12852664576802508,6,1,0.16415868673050615,18,2.462380300957592,Q86XK2,Q86XK2,,FBXO11,False,927,1208.0,-0.19589214338594815,-0.15867815605897484,0.15314569536423842,0.014072847682119206,1775.0,5.249237646535211,5.277185,0.9983098591549295,0.9971830985915493
419,282,0.6730310262529833,89.23152482269504,2.90655421203886,0.4293193717277487,0.09424083769633508,23,5,0.19148936170212766,13,4.609929078014184,Q86XS8,Q86XS8,,RNF130,False,419,1208.0,0.05661700042590999,0.05560728710096615,0.0,0.0,1775.0,4.702792705864226,5.065361,0.9188732394366197,0.8828169014084507
487,433,0.8891170431211499,90.13378752886837,2.6260799325508626,0.3724832214765101,0.087248322147651,20,9,0.17551963048498845,14,3.233256351039261,Q86XT4,Q86XT4,,TRIM50,False,487,1208.0,-0.08582927000642605,-0.08531906872909745,0.0033112582781456954,0.0,1775.0,0.03481233974197183,0.0,0.004507042253521127,0.0016901408450704226
620,404,0.6516129032258065,90.6171287128713,1.3341267901520157,0.30701754385964913,0.08771929824561403,13,1,0.1806930693069307,11,2.722772277227723,Q86Y01,Q86Y01,,DTX1,False,620,1208.0,-0.03586633898364096,-0.03626584985785335,0.0,0.0,1775.0,1.0582204214005635,0.30129966,0.27098591549295775,0.10591549295774648
1208,584,0.48344370860927155,84.68363013698631,1.971758464472779,0.30831099195710454,0.0777479892761394,12,6,0.17636986301369864,9,1.5410958904109588,Q86Y13,Q86Y13,,DZIP3,False,1208,1208.0,0.017811259744751277,0.01979575157561175,0.0016556291390728477,0.0,1775.0,2.8948265530929573,2.9400916,0.979718309859155,0.46816901408450706
346,151,0.43641618497109824,85.92615894039737,2.126126034050377,0.49107142857142855,0.15178571428571427,18,3,0.23841059602649006,23,15.2317880794702,Q86YJ5,Q86YJ5,,MARCHF9,False,346,1090.0,-0.385326554603029,-0.3669822365038323,0.20825688073394497,0.011009174311926606,1775.0,3.510967502912676,3.5329902,0.9819718309859155,0.7109859154929578
1006,847,0.841948310139165,91.76639905548998,1.296053608371254,0.2560706401766004,0.05518763796909492,7,4,0.1770956316410862,12,1.4167650531286895,Q86YT6,Q86YT6,,MIB1,False,1006,1208.0,-0.22237164595979936,-0.16547354062482938,0.15562913907284767,0.027317880794701987,1775.0,4.065447423414084,4.0827026,0.9994366197183099,0.9194366197183098
584,265,0.4537671232876712,90.78501886792453,1.4789868956492658,0.35119047619047616,0.08928571428571429,8,2,0.23018867924528302,17,6.415094339622642,Q8IU81,Q8IU81,,IRF2BP1,False,584,1208.0,-0.13199306204619987,-0.12784322535502457,0.014900662251655629,0.0,1775.0,3.4773922690140844,3.477548,0.9994366197183099,0.763943661971831
432,305,0.7060185185185185,90.23032786885246,1.3276428180760704,0.32954545454545453,0.09090909090909091,9,3,0.1901639344262295,16,5.245901639344262,Q8IUD6,Q8IUD6,,RNF135,False,432,1208.0,-0.02933462243509485,-0.0316474650672338,0.006622516556291391,0.0,1775.0,3.2483574761915492,3.5532622,0.9047887323943662,0.7183098591549296
282,251,0.8900709219858156,94.66139442231075,1.4901963299518945,0.3161290322580645,0.07741935483870968,5,2,0.20717131474103587,29,11.553784860557768,Q8IUQ4,Q8IUQ4,,SIAH1,False,282,1208.0,0.026588592208789976,0.031667981101801454,0.022350993377483443,0.0016556291390728477,1775.0,4.389438934253521,4.3590713,1.0,0.9853521126760564
673,646,0.9598811292719168,95.88298761609907,1.3434796612127027,0.26223776223776224,0.0979020979020979,5,1,0.1826625386996904,26,4.024767801857585,Q8IUR7,Q8IUR7,,ARMC8,False,673,1208.0,0.06999332998727392,0.0754287664132959,0.0,0.0,1775.0,4.7055619418591546,4.7308245,1.0,0.9949295774647887
1022,909,0.8894324853228963,90.35113311331132,1.353792841766157,0.24427480916030533,0.08142493638676845,6,1,0.1925192519251925,12,1.3201320132013201,Q8IVU3,Q8IVU3,,HERC6,False,1022,1208.0,0.03241711992277721,0.025268968676251502,0.0016556291390728477,0.0,1775.0,2.120845489659155,2.0393384,0.775774647887324,0.23211267605633804
300,173,0.5766666666666667,93.81242774566476,1.2003724110859497,0.2553191489361702,0.13829787234042554,3,0,0.21965317919075145,15,8.670520231213873,Q8IVV7,Q8IVV7,,GID4,False,300,1208.0,-0.1665413777175766,-0.1622500479700679,0.009105960264900662,0.0,1775.0,2.752630937949296,2.7543766,0.9994366197183099,0.331830985915493
269,158,0.587360594795539,93.63664556962026,1.1857529218956224,0.27906976744186046,0.10465116279069768,5,1,0.1962025316455696,26,16.455696202531644,Q8IW03,Q8IW03,,SIAH3,False,269,1208.0,-0.04861867405359627,-0.04710469967778915,0.0008278145695364238,0.0,1775.0,0.11536245837408451,0.0,0.03774647887323944,0.004507042253521127
403,335,0.8312655086848635,90.22955223880598,3.667629354997372,0.40074906367041196,0.0898876404494382,19,10,0.1701492537313433,21,6.26865671641791,Q8IWR1,Q8IWR1,,TRIM59,False,403,1208.0,0.11059987154175636,0.11351158444610521,0.0008278145695364238,0.0,1775.0,3.7946086690366196,3.8971243,0.9949295774647887,0.7808450704225353
2517,1480,0.5880015891934843,80.78653378378378,1.3641094968697494,0.26732673267326734,0.08345120226308345,5,5,0.23513513513513515,45,3.040540540540541,Q8IWT3,Q8IWT3,,CUL9,False,2517,1208.0,-0.15968354521726552,-0.15622060916306407,0.01903973509933775,0.0,1775.0,3.6082228819774644,3.6809206,0.9887323943661972,0.7656338028169014
1749,1536,0.8782161234991424,89.56328125,1.116460140270745,0.2535885167464115,0.07017543859649122,7,1,0.20572916666666666,47,3.059895833333333,Q8IWV7,Q8IWV7,,UBR1,False,1749,1208.0,-0.019749250819152527,-0.018225138335559048,0.0041390728476821195,0.0008278145695364238,1775.0,3.3421418587267606,3.381959,0.9983098591549295,0.7369014084507042
1755,1531,0.8723646723646724,89.19983017635532,1.0976858078582679,0.26127527216174184,0.08864696734059098,7,2,0.20052253429131286,32,2.0901371652514698,Q8IWV8,Q8IWV8,,UBR2,False,1755,1208.0,-0.17868669191840944,-0.1770025182717136,0.02566225165562914,0.0,1775.0,3.106753402253521,3.1205344,1.0,0.5932394366197183
224,174,0.7767857142857143,88.43086206896552,2.027571165254291,0.3488372093023256,0.13953488372093023,8,4,0.16666666666666666,22,12.643678160919542,Q8IWZ4,Q8IWZ4,,TRIM48,False,224,74.0,-0.09081300018442418,-0.07858420751864276,0.02702702702702703,0.0,1775.0,0.09362021031943661,0.0,0.0276056338028169,0.0067605633802816905
517,447,0.8646034816247582,90.34789709172259,2.2005640980846515,0.36807817589576547,0.05211726384364821,18,6,0.15659955257270694,14,3.131991051454139,Q6PJ69,Q6PJ69,,TRIM65,False,517,1208.0,-0.1265330600544018,-0.12744142599864317,0.0033112582781456954,0.0,1775.0,3.806057409406197,3.8213327,0.9949295774647887,0.8845070422535212
603,76,0.12603648424543948,81.5311842105263,2.5525799714529027,0.5384615384615384,0.15384615384615385,13,2,0.25,11,14.473684210526317,Q6PJ61,Q6PJ61,,FBXO46,False,603,1208.0,-0.01887564078105841,-0.0118266292471303,0.0033112582781456954,0.0,1775.0,3.070926426535211,3.0629575,0.9994366197183099,0.5261971830985915
355,241,0.6788732394366197,95.08543568464731,1.1266902506263776,0.2782608695652174,0.08695652173913043,6,2,0.13278008298755187,8,3.319502074688797,Q6PJ21,Q6PJ21,,SPSB3,False,355,1208.0,-0.026160601394188868,-0.027881131872522752,0.0,0.0,1775.0,4.080617738985915,4.0461154,1.0,0.9323943661971831
663,144,0.2171945701357466,89.71062500000001,2.405879497528076,0.3464566929133858,0.05511811023622047,9,4,0.1875,10,6.944444444444445,Q3KP66,Q3KP66,,INAVA,False,663,1208.0,-0.06943779824690045,-0.0657736009334145,0.0033112582781456954,0.0,1775.0,2.17242471804338,1.73654,0.592112676056338,0.37633802816901407
450,175,0.3888888888888889,83.30994285714287,2.6824023765243936,0.6,0.09655172413793103,49,5,0.2571428571428571,21,12.0,Q15884,Q15884,,ENTREP1,False,450,1208.0,-0.07003186793889697,-0.06368656110374141,0.0008278145695364238,0.0,1775.0,0.6927521896315493,0.2298426,0.2647887323943662,0.03211267605633803
1140,1097,0.962280701754386,93.36840474020055,1.0252806103335346,0.2681912681912682,0.079002079002079,6,5,0.18778486782133091,32,2.917046490428441,Q16531,Q16531,,DDB1,False,1140,1208.0,-2.1009838257575977,-2.1069090797016585,1.0,0.9917218543046358,1775.0,7.114398879830986,7.1558704,1.0,1.0
360,331,0.9194444444444444,93.25528700906344,1.1949593194409351,0.325,0.08125,11,2,0.21450151057401812,18,5.438066465256798,Q16539,Q16539,,MAPK14,False,360,1208.0,-0.18234846189940215,-0.1513403831325966,0.0902317880794702,0.008278145695364239,1775.0,4.701912577521127,4.7231054,1.0,0.9898591549295774
222,151,0.6801801801801802,95.59602649006622,1.2528956653758656,0.35294117647058826,0.09411764705882353,5,1,0.2251655629139073,21,13.90728476821192,Q16763,Q16763,,UBE2S,False,222,1208.0,-0.48952344345124515,-0.4354490110293008,0.41887417218543044,0.062086092715231786,1775.0,6.370874573915493,6.4173565,0.9994366197183099,0.9960563380281691
926,516,0.5572354211663066,88.92001937984496,1.2516408287673715,0.2875536480686695,0.055793991416309016,4,0,0.2364341085271318,26,5.038759689922481,Q17RG1,Q17RG1,,KCTD19,False,926,1208.0,-0.0032767167506790747,-0.0008733009269475999,0.0,0.0,1775.0,0.31761697632169017,0.08981947,0.0895774647887324,0.0067605633802816905
754,579,0.7679045092838196,90.73559585492228,1.8381760020279057,0.3311897106109325,0.06430868167202572,8,4,0.24179620034542315,37,6.390328151986183,Q1L5Z9,Q1L5Z9,,LONRF2,False,754,1208.0,-0.013457613246630048,-0.0096443835886923,0.0041390728476821195,0.0,1775.0,0.8821294807983098,0.2300136,0.30704225352112674,0.0771830985915493
868,672,0.7741935483870968,90.50196428571428,1.7975740760536036,0.34523809523809523,0.0880952380952381,16,8,0.16666666666666666,23,3.422619047619048,Q2Q1W2,Q2Q1W2,,TRIM71,False,868,1208.0,-0.0737200102847603,-0.0645688432716463,0.012417218543046357,0.0008278145695364238,1775.0,0.3128356330580282,0.014440995,0.0895774647887324,0.03380281690140845
621,584,0.9404186795491143,92.6689212328767,1.3105110863995872,0.343042071197411,0.06796116504854369,8,5,0.2226027397260274,36,6.164383561643835,Q2TBA0,Q2TBA0,,KLHL40,False,621,1208.0,-0.14436247850262016,-0.1358772611558425,0.011589403973509934,0.0,1775.0,0.026489977053521126,0.0,0.009014084507042254,0.0022535211267605635
581,552,0.9500860585197934,92.59990942028986,1.4601762285203717,0.27636363636363637,0.06545454545454546,7,1,0.22826086956521738,42,7.608695652173914,Q2WGJ6,Q2WGJ6,,KLHL38,False,581,1208.0,-0.09439361046811538,-0.0827447083254878,0.004966887417218543,0.0008278145695364238,1775.0,0.1732245828315493,0.024069987,0.04507042253521127,0.003943661971830986
506,385,0.7608695652173914,89.2571168831169,1.3418632374543775,0.2925531914893617,0.11170212765957446,6,3,0.21558441558441557,16,4.1558441558441555,Q32M84,Q32M84,,BTBD16,False,506,1208.0,0.04055572806965467,0.0435983687592347,0.0,0.0,1775.0,0.33121695499887327,0.049095407,0.09971830985915493,0.016901408450704224
242,198,0.8181818181818182,94.64742424242424,1.5708632912626022,0.27205882352941174,0.13970588235294118,5,1,0.20202020202020202,9,4.545454545454546,Q3KNV8,Q3KNV8,,PCGF3,False,242,1208.0,-0.034596545741328075,-0.02195851537010485,0.014072847682119206,0.0016556291390728477,1775.0,4.593808749183099,4.609146,1.0,0.9853521126760564
623,587,0.942215088282504,92.14797274275979,1.3544308067821231,0.29491525423728815,0.09152542372881356,9,2,0.21124361158432708,34,5.792163543441227,Q3ZCT8,Q3ZCT8,,KBTBD12,False,623,1208.0,-0.03190105883844689,-0.02548372814204675,0.0033112582781456954,0.0,1775.0,0.16213952110084506,0.007151,0.056338028169014086,0.010140845070422535
1188,682,0.5740740740740741,92.6626099706745,1.2189991172360264,0.3100303951367781,0.11246200607902736,9,3,0.19794721407624633,22,3.225806451612903,Q6PIJ6,Q6PIJ6,,FBXO38,False,1188,1208.0,0.058868856229901755,0.058881722017985194,0.0,0.0,1775.0,4.513520082985916,4.5365376,0.9983098591549295,0.9830985915492958
471,423,0.8980891719745223,90.09624113475176,2.7394558339063804,0.35517241379310344,0.0896551724137931,15,5,0.1938534278959811,13,3.0732860520094563,Q495X7,Q495X7,,TRIM60,False,471,1208.0,0.0660519171217735,0.0650192559853578,0.0,0.0,1775.0,0.030154985658591548,0.0,0.008450704225352112,0.003943661971830986
260,245,0.9423076923076923,91.36930612244899,1.747906733233004,0.2684563758389262,0.06711409395973154,6,1,0.19591836734693877,10,4.081632653061225,Q4G0X4,Q4G0X4,,KCTD21,False,260,1208.0,-0.1025350540016922,-0.0927464819535422,0.005794701986754967,0.0,1775.0,2.2737249248901406,2.2754452,0.967887323943662,0.13971830985915493
708,166,0.2344632768361582,88.6577108433735,2.244173586838368,0.3870967741935484,0.08870967741935484,12,3,0.21084337349397592,15,9.036144578313253,Q4G163,Q4G163,,FBXO43,False,708,1208.0,-0.11153256896879199,-0.10560502762741705,0.03145695364238411,0.0008278145695364238,1775.0,1.2988283420129578,1.1560405,0.5622535211267605,0.056901408450704224
568,554,0.9753521126760564,94.20382671480144,1.281619362840854,0.24363636363636362,0.08,6,1,0.22021660649819494,55,9.927797833935017,Q53G59,Q53G59,,KLHL12,False,568,1208.0,-0.15717099805025617,-0.14418803858263335,0.023178807947019868,0.0008278145695364238,1775.0,4.586889727830986,4.5632925,1.0,0.9926760563380281
634,572,0.9022082018927445,95.11286713286712,1.3358705645537876,0.25806451612903225,0.1003584229390681,9,1,0.21503496503496503,40,6.993006993006993,Q53GT1,Q53GT1,,KLHL22,False,634,1208.0,-0.10078942271960613,-0.0936507577383032,0.0033112582781456954,0.0008278145695364238,1775.0,3.611220064146479,3.6272566,0.9960563380281691,0.7583098591549295
860,437,0.5081395348837209,91.40528604118994,1.0212769058225077,0.28717948717948716,0.09230769230769231,7,3,0.16475972540045766,9,2.059496567505721,Q58WW2,Q58WW2,,DCAF6,False,860,1208.0,-0.27037198312489885,-0.2630091742446783,0.0695364238410596,0.0,1775.0,5.050921449521127,5.0686235,1.0,0.9966197183098592
209,168,0.8038277511961722,93.74166666666667,2.6390105614016286,0.39552238805970147,0.11940298507462686,11,4,0.16666666666666666,11,6.547619047619048,Q5EBN2,Q5EBN2,,TRIM61,False,209,1208.0,-0.34051156759348955,-0.3321357852985011,0.17549668874172186,0.0016556291390728477,1775.0,0.5392098081549296,0.022163248,0.19774647887323943,0.05070422535211268
155,122,0.7870967741935484,91.38557377049179,1.60706319673968,0.38823529411764707,0.09411764705882353,8,3,0.21311475409836064,11,9.01639344262295,Q5FWF7,Q5FWF7,,FBXO48,False,155,1208.0,-0.016502092916913253,-0.01152689426447695,0.0024834437086092716,0.0,1775.0,1.0007749081723942,0.9379967,0.4405633802816901,0.0016901408450704226
1057,1019,0.9640491958372753,92.90483807654563,1.2922026747413733,0.2725274725274725,0.08131868131868132,7,2,0.19823356231599606,44,4.317958783120707,Q5GLZ8,Q5GLZ8,,HERC4,False,1057,1208.0,0.0031516930543655152,0.011692999595188651,0.0033112582781456954,0.0,1775.0,4.7658799505352105,4.6808643,1.0,0.9836619718309859
520,467,0.8980769230769231,91.13413276231263,1.13274773722206,0.3020408163265306,0.07346938775510205,5,1,0.22055674518201285,22,4.710920770877944,Q5H9S7,Q5H9S7,,DCAF17,False,520,1208.0,-0.003760367282051025,-0.0042401573910141,0.0,0.0,1775.0,3.5438892795098593,3.5805073,0.9983098591549295,0.8230985915492958
347,297,0.8559077809798271,97.25377104377105,1.0073440137247747,0.37398373983739835,0.10569105691056911,8,1,0.18181818181818182,16,5.387205387205387,Q5JS37,Q5JS37,,NHLRC3,False,347,1208.0,-0.06031863316803179,-0.061310359993899846,0.01076158940397351,0.0,1775.0,4.01775699287324,4.033458,0.9983098591549295,0.9047887323943662
81,73,0.9012345679012346,94.44630136986301,1.2521877809349342,0.26,0.02,4,0,0.1506849315068493,6,8.21917808219178,Q15843,Q15843,,NEDD8,False,81,1208.0,-1.8365000183214366,-1.8364385728162813,0.9966887417218543,0.9817880794701986,1775.0,8.234705631830986,8.2828665,1.0,1.0
145,138,0.9517241379310345,96.44369565217391,1.2421237364839381,0.32051282051282054,0.02564102564102564,5,1,0.17391304347826086,13,9.420289855072465,Q15819,Q15819,,UBE2V2,False,145,1208.0,-0.14777003124612173,-0.14952395028900034,0.012417218543046357,0.0,1775.0,6.647206517746479,6.6890197,1.0,1.0
1581,409,0.25869702719797594,86.52559902200487,1.292567227904051,0.296875,0.06770833333333333,4,0,0.20293398533007334,29,7.090464547677261,Q15648,Q15648,,MED1,False,1581,1208.0,-0.7573018605648427,-0.6938136096813228,0.6432119205298014,0.30629139072847683,1775.0,4.169587314732394,4.2006693,0.9994366197183099,0.9498591549295775
913,690,0.755750273822563,92.41742028985507,1.833934676084004,0.23746701846965698,0.0712401055408971,4,0,0.1855072463768116,27,3.91304347826087,Q13620,Q13620,,CUL4B,False,913,1208.0,-0.013479533142969633,0.01510419312314245,0.014900662251655629,0.0016556291390728477,1775.0,5.252742695785352,5.197437,0.9994366197183099,0.9943661971830986
316,234,0.740506329113924,93.30799145299144,2.002319500569499,0.27941176470588236,0.07352941176470588,4,0,0.2222222222222222,10,4.273504273504273,Q13829,Q13829,,TNFAIP1,False,316,1208.0,0.011276883120031842,0.01285494856321175,0.0016556291390728477,0.0,1775.0,4.275661476281691,4.3576717,1.0,0.9070422535211268
588,571,0.9710884353741497,91.55957968476358,1.2748330140925286,0.3217993079584775,0.09342560553633218,7,2,0.21541155866900175,34,5.954465849387041,Q13939,Q13939,,CCIN,False,588,1208.0,-0.12918774398430136,-0.1204375999577644,0.01903973509933775,0.0008278145695364238,1775.0,0.16588934338366196,0.01927349,0.044507042253521124,0.0011267605633802818
182,167,0.9175824175824175,88.47191616766466,1.9518618319716026,0.2636363636363636,0.07272727272727272,7,2,0.17365269461077845,21,12.574850299401197,Q13951,Q13951,,CBFB,False,182,1208.0,-0.27524361831185185,-0.1599506338906301,0.21605960264900662,0.08940397350993377,1775.0,5.809153947323943,5.8225594,0.9994366197183099,0.9971830985915493
1066,961,0.9015009380863039,91.79374609781479,1.3350328014742943,0.265625,0.05580357142857143,6,3,0.2060353798126951,43,4.474505723204994,Q14139,Q14139,,UBE4A,False,1066,1208.0,0.11169270283418554,0.1112630173021283,0.0008278145695364238,0.0,1775.0,3.904536594535211,3.9906192,1.0,0.8940845070422535
442,389,0.8800904977375565,91.80149100257069,2.323142221249643,0.3582089552238806,0.06343283582089553,9,6,0.17223650385604114,30,7.712082262210797,Q14142,Q14142,,TRIM14,False,442,1208.0,-0.11095383803409416,-0.11055507363742605,0.0041390728476821195,0.0,1775.0,3.3508857047802816,3.5006492,0.9515492957746479,0.6642253521126761
630,521,0.8269841269841269,93.4478310940499,2.1270538606189047,0.33879781420765026,0.09289617486338798,13,9,0.19769673704414586,13,2.495201535508637,Q14258,Q14258,,TRIM25,False,630,1208.0,-0.07728889571194963,-0.07252603927237916,0.0074503311258278145,0.0,1775.0,5.139621520492394,5.2535734,0.9943661971830986,0.9729577464788732
1009,724,0.7175421209117938,89.57488950276243,1.378241653112806,0.2899728997289973,0.04878048780487805,7,5,0.20165745856353592,23,3.1767955801104977,Q14289,Q14289,,PTK2B,False,1009,1208.0,0.11675391532551432,0.11396884355600065,0.0,0.0,1775.0,3.0436512810140846,2.700564,0.9138028169014084,0.4473239436619718
1009,625,0.6194251734390486,85.20174399999999,1.2231526947021485,0.2579505300353357,0.10247349823321555,4,0,0.1984,21,3.36,Q14527,Q14527,,HLTF,False,1009,1208.0,0.08844896858017752,0.08660533767815656,0.0008278145695364238,0.0,1775.0,4.617808036739718,4.82024,0.9729577464788732,0.9177464788732395
1992,1172,0.5883534136546185,88.27505119453923,1.1147223258692494,0.2509578544061303,0.08812260536398467,5,2,0.22098976109215018,31,2.645051194539249,Q14669,Q14669,,TRIP12,False,2067,1208.0,-0.2013863750534307,-0.20687065253290066,0.09271523178807947,0.0016556291390728477,1775.0,5.867995205678874,5.9890594,0.9988732394366198,0.992112676056338
263,143,0.5437262357414449,92.04510489510487,2.424498279107945,0.2872340425531915,0.09574468085106383,10,1,0.21678321678321677,13,9.090909090909092,Q14681,Q14681,,KCTD2,False,263,1208.0,-0.1908195349225242,-0.18807261673179304,0.03394039735099338,0.0008278145695364238,1775.0,3.7638750962816903,3.738076,1.0,0.9290140845070423
1683,1102,0.6547831253713606,85.24089836660617,1.3709054527734947,0.2922201138519924,0.08538899430740038,7,2,0.1996370235934664,17,1.5426497277676952,Q149N8,Q149N8,,SHPRH,False,1683,1208.0,-0.019429097967840186,-0.0205520305412024,0.0033112582781456954,0.0,1775.0,2.359927666484507,2.338818,0.956056338028169,0.19718309859154928
275,136,0.49454545454545457,86.69051470588235,2.7229306056020572,0.424,0.136,19,5,0.22794117647058823,12,8.823529411764707,Q14CZ0,Q14CZ0,,HAPSTR1,False,275,1208.0,-0.45644500744454025,-0.4055063171123225,0.4139072847682119,0.09437086092715231,1775.0,4.406383156642254,4.453116,0.9988732394366198,0.971830985915493
391,164,0.4194373401534527,85.95939024390243,2.074815914370796,0.5075757575757576,0.21212121212121213,25,3,0.1402439024390244,7,4.2682926829268295,Q15011,Q15011,,HERPUD1,False,391,1208.0,-0.052547597726332336,-0.04872097307582185,0.011589403973509934,0.004966887417218543,1775.0,6.406864055774648,6.3216414,1.0,0.9994366197183099
636,360,0.5660377358490566,91.2573888888889,2.461041165576472,0.3464788732394366,0.04225352112676056,15,13,0.06944444444444445,6,1.6666666666666667,Q15025,Q15025,,TNIP1,False,636,1208.0,-0.011368508716392759,-0.00594056533305445,0.004966887417218543,0.0,1775.0,5.246175179323944,5.204755,1.0,0.9926760563380281
1050,979,0.9323809523809524,91.25570990806945,1.3146498902287804,0.2725118483412322,0.08293838862559241,5,2,0.1920326864147089,28,2.8600612870275794,Q15034,Q15034,,HERC3,False,1050,1208.0,-0.020725963115875042,-0.01747673935124315,0.0,0.0,1775.0,2.5676793202140846,2.589567,0.9554929577464789,0.3323943661971831
168,33,0.19642857142857142,73.5930303030303,1.6813568811575879,0.45454545454545453,0.0,6,1,0.24242424242424243,7,21.21212121212121,Q15038,Q15038,,DAZAP2,False,168,1208.0,-0.08902396153714577,-0.08097357496332275,0.006622516556291391,0.0,1775.0,7.284159204394366,7.315376,1.0,1.0
812,531,0.6539408866995073,88.1049152542373,1.250821094407942,0.29435483870967744,0.09274193548387097,6,4,0.1713747645951036,17,3.2015065913371,Q15345,Q15345,,LRRC41,False,812,1208.0,-0.06300599541969565,-0.05358789161550725,0.006622516556291391,0.0,1775.0,4.905094223605634,4.972173,0.9994366197183099,0.9904225352112676
365,206,0.5643835616438356,84.80393203883496,1.5573108724309828,0.23529411764705882,0.03361344537815126,5,1,0.21359223300970873,27,13.106796116504855,Q15366,Q15366,,PCBP2,False,365,1208.0,-1.4707067097122104,-1.4673074831316733,0.9917218543046358,0.8642384105960265,1775.0,8.845275606478873,8.8547535,1.0,1.0
112,97,0.8660714285714286,94.53134020618556,1.3656397980908785,0.3870967741935484,0.11290322580645161,10,2,0.23711340206185566,8,8.24742268041237,Q15369,Q15369,,ELOC,False,112,1208.0,-1.3337870184167424,-1.3141427718459235,0.9942052980132451,0.8336092715231788,1775.0,7.105344014140846,7.1185675,1.0,1.0
118,106,0.8983050847457628,97.24452830188677,1.5582053080969285,0.33783783783783783,0.08108108108108109,7,2,0.1792452830188679,7,6.60377358490566,Q15370,Q15370,,ELOB,False,118,1208.0,-1.4659190637656891,-1.460694849475201,0.9809602649006622,0.8468543046357616,1775.0,7.859920528732395,7.871702,1.0,1.0
1083,899,0.830101569713758,87.62046718576194,1.4956394659293408,0.29698375870069604,0.07424593967517401,8,3,0.20022246941045607,24,2.6696329254727478,Q15386,Q15386,,UBE3C,False,1083,1208.0,-0.01996114106181902,-0.01840532923535535,0.0,0.0,1775.0,5.334118359633802,5.3948812,0.9988732394366198,0.9954929577464788
145,105,0.7241379310344828,82.72314285714286,2.7701692544639585,0.3780487804878049,0.07317073170731707,13,2,0.19047619047619047,13,12.380952380952381,Q15388,Q15388,,TOMM20,False,145,1208.0,-0.8069231975725142,-0.7975986562691726,0.8700331125827815,0.23344370860927152,1775.0,7.154166103042254,7.1297054,1.0,1.0
153,146,0.954248366013072,93.13753424657536,1.2879643476434672,0.3253012048192771,0.04819277108433735,5,1,0.2602739726027397,37,25.34246575342466,Q5JXB2,Q5JXB2,,UBE2NL,False,153,,,,,,1775.0,0.04610338029464789,0.034543946,0.0,0.0
435,273,0.6275862068965518,89.14868131868131,1.4937343534860412,0.5617283950617284,0.21604938271604937,25,5,0.2893772893772894,66,24.175824175824175,Q5M7Z0,Q5M7Z0,,RNFT1,False,435,1208.0,-0.009687445398363682,-0.01126821210166335,0.0008278145695364238,0.0,1775.0,4.306068707797183,4.337547,0.9994366197183099,0.9363380281690141
452,393,0.8694690265486725,93.90150127226464,1.3503829022822114,0.3399014778325123,0.08374384236453201,12,2,0.19083969465648856,22,5.597964376590331,Q5MNV8,Q5MNV8,,FBXO47,False,452,1208.0,-0.134732722874712,-0.13617155266041586,0.029801324503311258,0.0008278145695364238,1775.0,0.02142598730028169,0.0,0.0016901408450704226,0.0
1792,448,0.25,89.91026785714287,1.6737901427393447,0.26582278481012656,0.08438818565400844,8,1,0.21428571428571427,16,3.571428571428571,Q5XKL5,Q5XKL5,,BTBD8,False,1792,1208.0,-0.039395489753369414,-0.0427560129433264,0.0041390728476821195,0.0,1775.0,1.227273729206197,1.1716168,0.6191549295774648,0.012957746478873239
539,417,0.7736549165120594,95.87935251798562,1.2531960818547905,0.22790697674418606,0.09302325581395349,9,3,0.2278177458033573,26,6.235011990407674,Q5XUX0,Q5XUX0,,FBXO31,False,539,1208.0,-0.0034882018840307954,-0.01144918782900495,0.0,0.0,1775.0,3.5884003661070425,3.603003,0.9994366197183099,0.8354929577464789
458,388,0.8471615720524017,92.7305412371134,1.0992253997785095,0.3212121212121212,0.06666666666666667,14,1,0.20103092783505155,44,11.34020618556701,Q5XUX1,Q5XUX1,,FBXW9,False,458,1208.0,-0.14052528644696213,-0.14132108680904615,0.011589403973509934,0.0,1775.0,2.8137364095999997,2.806454,0.9960563380281691,0.37126760563380284
1052,503,0.4781368821292776,87.72556660039761,1.9033927473487617,0.31451612903225806,0.11290322580645161,9,3,0.19681908548707752,28,5.566600397614314,Q5XX13,Q5XX13,,FBXW10,False,1052,1165.0,0.04783974285749367,0.0512981940938452,0.0,0.0,1775.0,0.16812896061183097,0.045593943,0.03323943661971831,0.0033802816901408453
557,504,0.9048473967684022,89.23051587301588,1.5592769222166556,0.27526132404181186,0.08362369337979095,17,3,0.20436507936507936,17,3.373015873015873,Q63HN8,Q63HN8,,RNF213,False,5207,1208.0,0.01623538829415427,0.01785934270850545,0.0008278145695364238,0.0,1775.0,5.044319050760563,5.016082,0.9994366197183099,0.9729577464788732
784,248,0.3163265306122449,80.05673387096775,1.8802238383851788,0.2755102040816326,0.11224489795918367,8,1,0.18548387096774194,6,2.4193548387096775,Q66K89,Q66K89,,E4F1,False,784,1208.0,-0.4679848655409433,-0.45790555342754613,0.41804635761589404,0.0173841059602649,1775.0,3.5885104661408453,3.679559,0.9994366197183099,0.7853521126760563
614,166,0.2703583061889251,88.2039156626506,2.951134549594286,0.40963855421686746,0.07228915662650602,21,5,0.05421686746987952,2,1.2048192771084338,Q68DK7,Q68DK7,,MSL1,False,614,1208.0,-0.3653911984071347,-0.3586611574895246,0.26490066225165565,0.009105960264900662,1775.0,5.679660474647887,5.6726627,1.0,0.9994366197183099
428,240,0.5607476635514018,90.469625,1.9699941521245656,0.33548387096774196,0.14838709677419354,7,3,0.17083333333333334,10,4.166666666666666,Q68DU8,Q68DU8,,KCTD16,False,428,1208.0,-0.09149415241899114,-0.08840084995013495,0.0008278145695364238,0.0,1775.0,0.26404683121802813,0.03666368,0.08,0.013521126760563381
783,236,0.30140485312899107,88.09855932203389,3.1003941067799583,0.42857142857142855,0.09740259740259741,17,3,0.19915254237288135,8,3.389830508474576,Q68DV7,Q68DV7,,RNF43,False,783,1208.0,0.051487277122498114,0.044748576703596,0.0,0.0,1775.0,1.5591976351695773,0.9179297,0.48619718309859156,0.19774647887323943
232,194,0.8362068965517241,89.03597938144331,2.112626335748943,0.33858267716535434,0.12598425196850394,4,0,0.20618556701030927,12,6.185567010309279,Q693B1,Q693B1,,KCTD11,False,232,1208.0,-0.08517451712722203,-0.08170494195477526,0.0008278145695364238,0.0,1775.0,2.7164873240816902,2.7379637,0.9408450704225352,0.40788732394366195
485,445,0.9175257731958762,91.06105617977528,1.6645157855365558,0.32270916334661354,0.09561752988047809,6,2,0.22247191011235956,13,2.9213483146067416,Q6AZZ1,Q6AZZ1,,TRIM68,False,485,1208.0,0.13441108539820693,0.13198078901303129,0.0,0.0,1775.0,2.7679549105030987,2.8539557,0.9622535211267605,0.41295774647887323
392,334,0.8520408163265306,93.30047904191618,1.549640367049342,0.29207920792079206,0.06930693069306931,10,3,0.2215568862275449,28,8.383233532934131,Q6IQ16,Q6IQ16,,SPOPL,False,392,1208.0,-0.06854487263154138,-0.06528020039641885,0.0033112582781456954,0.0,1775.0,3.4188431578923946,3.4417636,0.9932394366197184,0.7645070422535212
608,559,0.9194078947368421,95.97565295169946,1.2583544996867515,0.29818181818181816,0.12,8,2,0.20930232558139536,43,7.6923076923076925,Q6JEL2,Q6JEL2,,KLHL10,False,608,1208.0,-0.09532435054297116,-0.09338896987733206,0.0033112582781456954,0.0016556291390728477,1775.0,0.08774073071549295,0.05360073,0.0022535211267605635,0.0
247,101,0.4089068825910931,82.1018811881188,1.6133913277050513,0.296875,0.125,3,0,0.2079207920792079,7,6.9306930693069315,Q6P050,Q6P050,,FBXL22,False,231,1208.0,-0.02425912600331221,-0.02613126066069775,0.0,0.0,1775.0,0.4775650483543662,0.37138265,0.08788732394366197,0.0022535211267605635
531,332,0.6252354048964218,86.5083734939759,1.7768669509461212,0.34615384615384615,0.0625,9,4,0.18373493975903615,12,3.614457831325301,Q6P1J9,Q6P1J9,,CDC73,False,531,1208.0,-1.121547603471918,-1.1015108958918272,0.9867549668874173,0.6721854304635762,1775.0,4.6561457175211265,4.6940556,1.0,0.9887323943661972
311,242,0.7781350482315113,90.8249173553719,2.1388811421773046,0.3333333333333333,0.1320754716981132,13,3,0.21487603305785125,16,6.6115702479338845,Q6P2C8,Q6P2C8,,MED27,False,311,1208.0,-0.8731055195638995,-0.8575974091808111,0.9652317880794702,0.24668874172185432,1775.0,5.001011603211268,4.9776735,1.0,0.992112676056338
717,336,0.4686192468619247,90.99157738095238,1.1210794896866445,0.2463768115942029,0.08695652173913043,8,1,0.1875,29,8.630952380952381,Q6P3S6,Q6P3S6,,FBXO42,False,717,1208.0,-0.15860817631076302,-0.110834125838538,0.1316225165562914,0.014072847682119206,1775.0,3.4708512018563376,3.4763947,0.9994366197183099,0.8056338028169014
258,173,0.6705426356589147,88.49277456647398,1.9717458112053332,0.25862068965517243,0.07758620689655173,5,2,0.1907514450867052,14,8.092485549132949,Q6P9F5,Q6P9F5,,TRIM40,False,258,1208.0,-0.07421737876422657,-0.06382853264715935,0.0024834437086092716,0.0,1775.0,0.03320217491661972,0.0,0.007323943661971831,0.0
774,460,0.5943152454780362,92.17791304347826,1.4262339184449504,0.3319838056680162,0.07692307692307693,12,3,0.19130434782608696,15,3.260869565217391,Q6PCD5,Q6PCD5,,RFWD3,False,774,1208.0,-0.2993410831287682,-0.2702215708407339,0.14652317880794702,0.0074503311258278145,1775.0,4.797275513126761,4.884261,1.0,0.9712676056338028
694,377,0.5432276657060519,89.10238726790452,1.5497031441098064,0.28921568627450983,0.06862745098039216,4,0,0.1962864721485411,8,2.122015915119363,Q6PCT2,Q6PCT2,,FBXL19,False,694,1208.0,-0.09529592755547295,-0.08831982136656291,0.009933774834437087,0.0,1775.0,3.5959549730422533,3.6176512,0.9988732394366198,0.8095774647887324
1173,873,0.7442455242966752,89.69871706758306,1.8560569264826956,0.2648870636550308,0.10472279260780287,5,2,0.23024054982817868,30,3.436426116838488,Q6PD62,Q6PD62,,CTR9,False,1173,1208.0,-0.8729383540856565,-0.8596049525030365,0.9263245033112583,0.2955298013245033,1775.0,4.589134500000001,4.6547103,1.0,0.9814084507042253
583,533,0.9142367066895368,92.70861163227018,1.4282027936377317,0.3667953667953668,0.05791505791505792,12,4,0.22889305816135083,28,5.253283302063791,Q6PF15,Q6PF15,,KLHL35,False,583,1208.0,0.04155288673189344,0.0385249353817389,0.006622516556291391,0.0,1775.0,1.062473558692958,0.73199564,0.4084507042253521,0.0647887323943662
426,207,0.4859154929577465,84.38386473429951,1.8117203246402234,0.31007751937984496,0.08527131782945736,7,2,0.22705314009661837,18,8.695652173913043,Q6PI47,Q6PI47,,KCTD18,False,426,1208.0,-0.038545878412482734,-0.03671254269382265,0.0074503311258278145,0.0,1775.0,3.3229762966760568,3.3383389,1.0,0.7177464788732394
442,363,0.8212669683257918,95.09286501377409,1.0587524640733055,0.30434782608695654,0.06832298136645963,9,1,0.23140495867768596,46,12.672176308539946,Q6PID8,Q6PID8,,KLHDC10,False,442,1208.0,-0.03922620356778538,-0.041407307709626556,0.0016556291390728477,0.0,1775.0,4.049714868,4.1071186,1.0,0.9104225352112676
1314,1075,0.8181126331811264,89.61966511627907,1.195483404135734,0.2803347280334728,0.07531380753138076,7,3,0.2055813953488372,19,1.7674418604651163,Q5XPI4,Q5XPI4,,RNF123,False,1314,1208.0,-0.31073437360470035,-0.3072900464526422,0.10264900662251655,0.0008278145695364238,1775.0,4.095676848619719,4.1321077,1.0,0.9554929577464789
402,382,0.9502487562189055,94.59057591623036,2.364493481299617,0.3492647058823529,0.07720588235294118,16,6,0.18324607329842932,11,2.8795811518324608,Q5W0U4,Q5W0U4,,BSPRY,False,402,1208.0,0.01322824658291368,0.00974724010279315,0.0,0.0,1775.0,1.450023193826479,0.30792508,0.4191549295774648,0.25577464788732396
559,323,0.5778175313059034,91.71312693498452,1.032601459325714,0.2627118644067797,0.13559322033898305,5,1,0.14241486068111456,29,8.978328173374612,Q5QP82,Q5QP82,,DCAF10,False,559,1208.0,-0.14053870326793194,-0.13510206304411526,0.016556291390728478,0.0,1775.0,3.6262408868394362,3.6548135,0.9994366197183099,0.8428169014084507
726,233,0.3209366391184573,90.7493991416309,2.842585118190448,0.3561643835616438,0.0593607305936073,14,7,0.10300429184549356,6,2.575107296137339,Q5W0B1,Q5W0B1,,OBI1,False,726,1208.0,-0.04203177780983081,-0.044816113866312096,0.0016556291390728477,0.0,1775.0,3.526028701126761,3.4767964,0.9994366197183099,0.7549295774647887
474,382,0.8059071729957806,89.315,1.3876912051491106,0.2711864406779661,0.13559322033898305,5,1,0.19109947643979058,13,3.4031413612565444,Q5SWL7,Q5SWL7,,PRAMEF14,False,474,1046.0,-0.07459627830446987,-0.0714295529665983,0.011472275334608031,0.0,1775.0,0.011182918428169014,0.0,0.0011267605633802818,0.0
479,411,0.8580375782881002,90.24659367396592,1.391751318721453,0.26455026455026454,0.07407407407407407,7,1,0.1873479318734793,23,5.59610705596107,Q5SWL8,Q5SWL8,,PRAMEF19,False,479,381.0,0.13744222615101265,0.1443577074509453,0.0,0.0,1775.0,0.005398574170140845,0.0,0.0011267605633802818,0.0
291,168,0.5773195876288659,90.92821428571429,2.22658414307987,0.425531914893617,0.1276595744680851,25,2,0.22023809523809523,8,4.761904761904762,Q5T0T0,Q5T0T0,,MARCHF8,False,291,1090.0,-0.006377188443025058,-0.006430785880453951,0.006422018348623854,0.0,1775.0,3.055414940807324,3.1190574,0.9870422535211267,0.5611267605633803
706,596,0.8441926345609065,85.56768456375838,2.5743510881604954,0.49403341288782815,0.11933174224343675,44,9,0.27348993288590606,87,14.597315436241612,Q5T197,Q5T197,,DCST1,False,706,1208.0,-0.09003015365007923,-0.0901216306192539,0.0074503311258278145,0.0,1775.0,0.08138317147661972,0.035733692,0.004507042253521127,0.0005633802816901409
861,736,0.8548199767711963,89.06062499999999,1.1423464102638816,0.3057142857142857,0.08285714285714285,5,3,0.21875,35,4.755434782608696,Q5T447,Q5T447,,HECTD3,False,861,1208.0,-0.1236460147293611,-0.119488392201022,0.012417218543046357,0.0,1775.0,4.236456545633803,4.273143,1.0,0.96
212,180,0.8490566037735849,92.45461111111112,1.9808748771043878,0.4266666666666667,0.09333333333333334,12,4,0.23333333333333334,22,12.222222222222221,Q5T4S7,Q5T4S7,,UBR4,False,5183,1208.0,-1.1632628737279076,-1.1694464515272625,0.9246688741721855,0.6473509933774835,1775.0,5.703057755476057,5.7505317,0.9994366197183099,0.9994366197183099
453,366,0.8079470198675497,93.6405737704918,1.0484361224156307,0.2345679012345679,0.10493827160493827,5,1,0.20491803278688525,24,6.557377049180328,Q5T6F0,Q5T6F0,,DCAF12,False,453,1208.0,-0.02878052844344262,-0.0265274240485512,0.008278145695364239,0.0,1775.0,4.615930118422535,4.5708637,1.0,0.9864788732394366
235,120,0.5106382978723404,88.51075,4.384894007930183,0.4,0.10909090909090909,14,4,0.125,8,6.666666666666667,Q5TA31,Q5TA31,,RNF187,False,235,77.0,0.14504469460294822,0.1421105879703272,0.0,0.0,1775.0,5.385938212845071,5.351763,1.0,0.9983098591549295
597,398,0.6666666666666666,92.58356783919598,1.0364210321540401,0.23493975903614459,0.07228915662650602,6,1,0.15577889447236182,22,5.527638190954774,Q5TAQ9,Q5TAQ9,,DCAF8,False,597,1208.0,-0.06867056946609917,-0.0639868953122794,0.011589403973509934,0.0,1775.0,6.046480867211267,6.0923553,1.0,0.9988732394366198
1133,475,0.41924095322153576,92.35719999999999,1.3691076863741027,0.2545454545454545,0.06181818181818182,5,1,0.20210526315789473,17,3.578947368421052,Q5TC82,Q5TC82,,RC3H1,False,1133,1208.0,-0.16191965892819235,-0.1642553747403075,0.046357615894039736,0.0,1775.0,2.619716698816901,2.6237452,0.9960563380281691,0.21295774647887325
476,409,0.8592436974789915,90.32273838630807,1.3599799766390885,0.2717948717948718,0.07179487179487179,4,0,0.17603911980440098,13,3.1784841075794623,Q5TYX0,Q5TYX0,,PRAMEF5,False,476,,,,,,1775.0,0.0077854813718309865,0.0,0.0005633802816901409,0.0
659,221,0.3353566009104704,92.67782805429863,1.887737937689823,0.3961038961038961,0.05844155844155844,17,2,0.17647058823529413,13,5.88235294117647,Q5U5Q3,Q5U5Q3,,MEX3C,False,659,1208.0,0.03059706292473944,0.0283433510980773,0.0,0.0,1775.0,4.703985523621972,4.738757,0.9876056338028169,0.9735211267605633
776,633,0.8157216494845361,91.56616113744077,1.1964290907604087,0.2898089171974522,0.10191082802547771,7,3,0.1990521327014218,16,2.527646129541864,Q5U5R9,Q5U5R9,,HECTD2,False,776,1208.0,-0.00885084270617636,-0.00486289294525705,0.0033112582781456954,0.0,1775.0,2.407369903063662,2.5167286,0.8929577464788733,0.30704225352112674
475,412,0.8673684210526316,90.3664563106796,1.3462548394703904,0.26288659793814434,0.05670103092783505,4,0,0.1941747572815534,15,3.640776699029126,Q5VT98,Q5VT98,,PRAMEF20,False,475,1090.0,-0.2565497277585208,-0.24118671838310635,0.062385321100917435,0.0009174311926605505,1775.0,0.011694032777464789,0.0,0.0028169014084507044,0.0
474,333,0.7025316455696202,87.78345345345346,1.527629747697169,0.24666666666666667,0.09333333333333334,5,1,0.21621621621621623,17,5.105105105105105,Q5VTA0,Q5VTA0,,PRAMEF17,False,474,74.0,0.04899763616267807,0.040055076809523346,0.0,0.0,1775.0,0.0014559845346478872,0.0,0.0,0.0
566,164,0.28975265017667845,88.80865853658537,2.171515094593522,0.41605839416058393,0.08029197080291971,9,4,0.12195121951219512,4,2.4390243902439024,Q5VTB9,Q5VTB9,,RNF220,False,566,1208.0,0.0029876060468864885,0.00694361931566545,0.0024834437086092716,0.0,1775.0,5.750777326366197,5.768822,1.0,0.9988732394366198
975,713,0.7312820512820513,86.23290322580645,3.532711760534079,0.34411764705882353,0.057352941176470586,24,20,0.08134642356241234,8,1.1220196353436185,Q5VTR2,Q5VTR2,,RNF20,False,975,1208.0,-0.7334622767192078,-0.7208609029612998,0.8725165562913907,0.11920529801324503,1775.0,4.404266126422535,4.4599104,1.0,0.9628169014084507
321,190,0.5919003115264797,90.70500000000003,1.7934242874859967,0.3484848484848485,0.13636363636363635,6,2,0.18947368421052632,21,11.052631578947368,Q5VVX9,Q5VVX9,,UBE2U,False,321,1208.0,0.01785619517160614,0.0215093886209584,0.005794701986754967,0.0,1775.0,0.030863799440000002,0.0,0.0033802816901408453,0.0
479,413,0.8622129436325678,90.04276029055691,1.3814197500755565,0.30198019801980197,0.07920792079207921,7,2,0.18886198547215496,26,6.2953995157385,Q5VWM3,Q5VWM3,,PRAMEF18,False,479,1047.0,-0.2566375169972404,-0.253487646057309,0.1356255969436485,0.0009551098376313276,1775.0,0.0014922813814084509,0.0,0.0,0.0
474,419,0.8839662447257384,91.51756563245823,1.3595495227636523,0.2669902912621359,0.05339805825242718,6,2,0.1718377088305489,15,3.579952267303103,Q5VWM4,Q5VWM4,,PRAMEF8,False,474,,,,,,1775.0,0.02609630797408451,0.0,0.005633802816901409,0.0011267605633802818
474,384,0.810126582278481,89.82171875,1.3807839878074768,0.2857142857142857,0.13714285714285715,4,0,0.1875,10,2.604166666666667,Q5VWM6,Q5VWM6,,PRAMEF13,False,474,,,,,,1775.0,0.0059572605070422535,0.0,0.0005633802816901409,0.0
476,402,0.8445378151260504,91.03004975124378,1.3485558982478116,0.2564102564102564,0.07692307692307693,3,0,0.1691542288557214,8,1.9900497512437811,Q5VXH4,Q5VXH4,,PRAMEF6,False,476,,,,,,1775.0,0.010002143628732394,0.0,0.0016901408450704226,0.0
474,411,0.8670886075949367,91.87450121654501,1.3415152719871475,0.25365853658536586,0.05365853658536585,5,1,0.18491484184914841,20,4.866180048661801,Q5VXH5,Q5VXH5,,PRAMEF7,False,474,,,,,,1775.0,0.01350898601915493,0.0,0.0028169014084507044,0.0
539,385,0.7142857142857143,92.32864935064934,1.2828602367641444,0.3114754098360656,0.07103825136612021,8,2,0.18961038961038962,13,3.3766233766233764,Q8N531,Q8N531,,FBXL6,False,539,1208.0,-0.20081459575886057,-0.19357616477250095,0.033112582781456956,0.0,1775.0,4.264692360394366,4.2450924,1.0,0.9447887323943662
